id,sku,ean,ean_uk,ean_it,ean_de,ean_fr,ean_es,ean_pt,ean_us,name,slug,width,length,height,frame_width,folded_up_height,folded_up_projection,folded_down_projection,frame_distance_from_ground,mounting_frame_height,maximum_mattress_depth,orientation,type,color,weight,stock,package_dimensions,pack_1,pack_2,pack_3,pack_4,price_gbp,price_euro,price_usd,sale_percent,sale_fix_gbp,sale_fix_euro,sale_fix_usd,sale_price_gbp,sale_price_euro,sale_price_usd,category,parent_category,sub_category,backorder,visibility,warranty,description,image,hover_image,product_images,product_image_alt,meta_title,meta_description,has_3d,created_at,updated_at
1,V76x190,5016853024392,,,,,,,,Small Single Vertical Classic Bed,small-single-vertical-classic-bed-76x190,760,1900,,860,2050,410,2180,204,510,300,Vertical,Classic,Black,30,100,,150 x 45 x 15,,,,599,599,599,30,,,,419,419,419,Base Beds > Vertical > Classic,beds,Classic,true,Visible,Lifetime on mechanism,"The Classic Wall Bed is a practical and durable space-saving solution for bedrooms, guest rooms and multifunctional spaces. Its strong steel frame and smooth gas-assisted lifting mechanism make it easy to open and close, while the fold-away design helps free up valuable floor space during the day. Suitable for regular everyday use, it can be paired with a standard mattress up to approximately 30 cm thick for comfortable, flexible sleeping.",/product-images/MORPHY-Bed-Vertical-Classic-200x200-6.webp,/product-images/MORPHY-Bed-Vertical-Classic-200x200-2-mattress.webp,"[""/product-images/MORPHY-Bed-Vertical-Classic-200x200-6.webp"",""/product-images/MORPHY-Bed-Vertical-Classic-200x200-2-mattress.webp"",""/product-images/morphy-integrated/160x200-4.jpg"",""/product-images/morphy-integrated/160x200-6.jpg"",""/product-images/morphy-integrated/160x200-8.jpg""]",Small Single Vertical Classic Bed 76x190 Black,Small Single Vertical Classic Bed 76x190,"The Classic Wall Bed is a practical and durable space-saving solution for bedrooms, guest rooms and multifunctional spaces. Its strong steel frame and smooth gas-assisted lifting mechanism make it easy to open and close, while the fold-away design helps free up valuable floor space during the day. Suitable for regular everyday use, it can be paired with a standard mattress up to approximately 30 cm thick for comfortable, flexible sleeping.",false,2026-08-25 08:58:00.022502+00,2026-08-25 08:58:00.022502+00
2,V90x190,5007683829234,,,,,,,,Single Vertical Classic Bed,single-vertical-classic-bed-90x190,900,1900,,990,2050,410,2180,204,510,300,Vertical,Classic,Black,30,100,,150 x 45 x 15,,,,749,749,749,30,,,,524,524,524,Base Beds > Vertical > Classic,beds,Classic,true,Visible,Lifetime on mechanism,"The Classic Wall Bed is a practical and durable space-saving solution for bedrooms, guest rooms and multifunctional spaces. Its strong steel frame and smooth gas-assisted lifting mechanism make it easy to open and close, while the fold-away design helps free up valuable floor space during the day. Suitable for regular everyday use, it can be paired with a standard mattress up to approximately 30 cm thick for comfortable, flexible sleeping.",/product-images/MORPHY-Bed-Vertical-Classic-200x200-6.webp,/product-images/MORPHY-Bed-Vertical-Classic-200x200-2-mattress.webp,"[""/product-images/MORPHY-Bed-Vertical-Classic-200x200-6.webp"",""/product-images/MORPHY-Bed-Vertical-Classic-200x200-2-mattress.webp"",""/product-images/morphy-integrated/160x200-4.jpg"",""/product-images/morphy-integrated/160x200-6.jpg"",""/product-images/morphy-integrated/160x200-8.jpg""]",Single Vertical Classic Bed 90x190 Black,Single Vertical Classic Bed 90x190,"The Classic Wall Bed is a practical and durable space-saving solution for bedrooms, guest rooms and multifunctional spaces. Its strong steel frame and smooth gas-assisted lifting mechanism make it easy to open and close, while the fold-away design helps free up valuable floor space during the day. Suitable for regular everyday use, it can be paired with a standard mattress up to approximately 30 cm thick for comfortable, flexible sleeping.",false,2026-08-25 08:58:00.022502+00,2026-08-25 08:58:00.022502+00
3,V90x200,5070502507993,,,,,,,,European Single Vertical Classic Bed,european-single-vertical-classic-bed-90x200,900,2000,,990,2150,410,2260,204,510,300,Vertical,Classic,Black,30,100,,150 x 45 x 15,,,,749,749,749,30,,,,524,524,524,Base Beds > Vertical > Classic,beds,Classic,true,Visible,Lifetime on mechanism,"The Classic Wall Bed is a practical and durable space-saving solution for bedrooms, guest rooms and multifunctional spaces. Its strong steel frame and smooth gas-assisted lifting mechanism make it easy to open and close, while the fold-away design helps free up valuable floor space during the day. Suitable for regular everyday use, it can be paired with a standard mattress up to approximately 30 cm thick for comfortable, flexible sleeping.",/product-images/MORPHY-Bed-Vertical-Classic-200x200-6.webp,/product-images/MORPHY-Bed-Vertical-Classic-200x200-2-mattress.webp,"[""/product-images/MORPHY-Bed-Vertical-Classic-200x200-6.webp"",""/product-images/MORPHY-Bed-Vertical-Classic-200x200-2-mattress.webp"",""/product-images/morphy-integrated/160x200-4.jpg"",""/product-images/morphy-integrated/160x200-6.jpg"",""/product-images/morphy-integrated/160x200-8.jpg""]",European Single Vertical Classic Bed 90x200 Black,European Single Vertical Classic Bed 90x200,"The Classic Wall Bed is a practical and durable space-saving solution for bedrooms, guest rooms and multifunctional spaces. Its strong steel frame and smooth gas-assisted lifting mechanism make it easy to open and close, while the fold-away design helps free up valuable floor space during the day. Suitable for regular everyday use, it can be paired with a standard mattress up to approximately 30 cm thick for comfortable, flexible sleeping.",false,2026-08-25 08:58:00.022502+00,2026-08-25 08:58:00.022502+00
4,V120x190,5099576237011,,,,,,,,Small Double Vertical Classic Bed,small-double-vertical-classic-bed-120x190,1200,1900,,1290,2050,410,2180,204,510,300,Vertical,Classic,Black,35,100,,130 x 45 x 15,,,,849,849,849,30,,,,594,594,594,Base Beds > Vertical > Classic,beds,Classic,true,Visible,Lifetime on mechanism,"The Classic Wall Bed is a practical and durable space-saving solution for bedrooms, guest rooms and multifunctional spaces. Its strong steel frame and smooth gas-assisted lifting mechanism make it easy to open and close, while the fold-away design helps free up valuable floor space during the day. Suitable for regular everyday use, it can be paired with a standard mattress up to approximately 30 cm thick for comfortable, flexible sleeping.",/product-images/MORPHY-Bed-Vertical-Classic-200x200-6.webp,/product-images/MORPHY-Bed-Vertical-Classic-200x200-2-mattress.webp,"[""/product-images/MORPHY-Bed-Vertical-Classic-200x200-6.webp"",""/product-images/MORPHY-Bed-Vertical-Classic-200x200-2-mattress.webp"",""/product-images/morphy-integrated/160x200-4.jpg"",""/product-images/morphy-integrated/160x200-6.jpg"",""/product-images/morphy-integrated/160x200-8.jpg""]",Small Double Vertical Classic Bed 120x190 Black,Small Double Vertical Classic Bed 120x190,"The Classic Wall Bed is a practical and durable space-saving solution for bedrooms, guest rooms and multifunctional spaces. Its strong steel frame and smooth gas-assisted lifting mechanism make it easy to open and close, while the fold-away design helps free up valuable floor space during the day. Suitable for regular everyday use, it can be paired with a standard mattress up to approximately 30 cm thick for comfortable, flexible sleeping.",false,2026-08-25 08:58:00.022502+00,2026-08-25 08:58:00.022502+00
5,V120x200,5008544983958,,,,,,,,European Small Double Vertical Classic Bed,european-small-double-vertical-classic-bed-120x200,1200,2000,,1290,2150,410,2260,204,510,300,Vertical,Classic,Black,35,100,,130 x 45 x 15,,,,849,849,849,30,,,,594,594,594,Base Beds > Vertical > Classic,beds,Classic,true,Visible,Lifetime on mechanism,"The Classic Wall Bed is a practical and durable space-saving solution for bedrooms, guest rooms and multifunctional spaces. Its strong steel frame and smooth gas-assisted lifting mechanism make it easy to open and close, while the fold-away design helps free up valuable floor space during the day. Suitable for regular everyday use, it can be paired with a standard mattress up to approximately 30 cm thick for comfortable, flexible sleeping.",/product-images/MORPHY-Bed-Vertical-Classic-200x200-6.webp,/product-images/MORPHY-Bed-Vertical-Classic-200x200-2-mattress.webp,"[""/product-images/MORPHY-Bed-Vertical-Classic-200x200-6.webp"",""/product-images/MORPHY-Bed-Vertical-Classic-200x200-2-mattress.webp"",""/product-images/morphy-integrated/160x200-4.jpg"",""/product-images/morphy-integrated/160x200-6.jpg"",""/product-images/morphy-integrated/160x200-8.jpg""]",European Small Double Vertical Classic Bed 120x200 Black,European Small Double Vertical Classic Bed 120x200,"The Classic Wall Bed is a practical and durable space-saving solution for bedrooms, guest rooms and multifunctional spaces. Its strong steel frame and smooth gas-assisted lifting mechanism make it easy to open and close, while the fold-away design helps free up valuable floor space during the day. Suitable for regular everyday use, it can be paired with a standard mattress up to approximately 30 cm thick for comfortable, flexible sleeping.",false,2026-08-25 08:58:00.022502+00,2026-08-25 08:58:00.022502+00
6,V135x190,5018700439028,,,,,,,,Double Vertical Classic Bed,double-vertical-classic-bed-135x190,1350,1900,,1470,2050,410,2180,204,510,300,Vertical,Classic,Black,40,100,,150 x 45 x 15,130 x 12 x 9,,,899,899,899,30,,,,629,629,629,Base Beds > Vertical > Classic,beds,Classic,true,Visible,Lifetime on mechanism,"The Classic Wall Bed is a practical and durable space-saving solution for bedrooms, guest rooms and multifunctional spaces. Its strong steel frame and smooth gas-assisted lifting mechanism make it easy to open and close, while the fold-away design helps free up valuable floor space during the day. Suitable for regular everyday use, it can be paired with a standard mattress up to approximately 30 cm thick for comfortable, flexible sleeping.",/product-images/MORPHY-Bed-Vertical-Classic-200x200-6.webp,/product-images/MORPHY-Bed-Vertical-Classic-200x200-2-mattress.webp,"[""/product-images/MORPHY-Bed-Vertical-Classic-200x200-6.webp"",""/product-images/MORPHY-Bed-Vertical-Classic-200x200-2-mattress.webp"",""/product-images/morphy-integrated/160x200-4.jpg"",""/product-images/morphy-integrated/160x200-6.jpg"",""/product-images/morphy-integrated/160x200-8.jpg""]",Double Vertical Classic Bed 135x190 Black,Double Vertical Classic Bed 135x190,"The Classic Wall Bed is a practical and durable space-saving solution for bedrooms, guest rooms and multifunctional spaces. Its strong steel frame and smooth gas-assisted lifting mechanism make it easy to open and close, while the fold-away design helps free up valuable floor space during the day. Suitable for regular everyday use, it can be paired with a standard mattress up to approximately 30 cm thick for comfortable, flexible sleeping.",false,2026-08-25 08:58:00.022502+00,2026-08-25 08:58:00.022502+00
7,V140x190,5085067599700,,,,,,,,European Double Vertical Classic Bed,european-double-vertical-classic-bed-140x190,1400,1900,,1520,2050,410,2180,204,510,300,Vertical,Classic,Black,40,100,,150 x 45 x 15,135 x 12 x 9,,,899,899,899,30,,,,629,629,629,Base Beds > Vertical > Classic,beds,Classic,true,Visible,Lifetime on mechanism,"The Classic Wall Bed is a practical and durable space-saving solution for bedrooms, guest rooms and multifunctional spaces. Its strong steel frame and smooth gas-assisted lifting mechanism make it easy to open and close, while the fold-away design helps free up valuable floor space during the day. Suitable for regular everyday use, it can be paired with a standard mattress up to approximately 30 cm thick for comfortable, flexible sleeping.",/product-images/MORPHY-Bed-Vertical-Classic-200x200-6.webp,/product-images/MORPHY-Bed-Vertical-Classic-200x200-2-mattress.webp,"[""/product-images/MORPHY-Bed-Vertical-Classic-200x200-6.webp"",""/product-images/MORPHY-Bed-Vertical-Classic-200x200-2-mattress.webp"",""/product-images/morphy-integrated/160x200-4.jpg"",""/product-images/morphy-integrated/160x200-6.jpg"",""/product-images/morphy-integrated/160x200-8.jpg""]",European Double Vertical Classic Bed 140x190 Black,European Double Vertical Classic Bed 140x190,"The Classic Wall Bed is a practical and durable space-saving solution for bedrooms, guest rooms and multifunctional spaces. Its strong steel frame and smooth gas-assisted lifting mechanism make it easy to open and close, while the fold-away design helps free up valuable floor space during the day. Suitable for regular everyday use, it can be paired with a standard mattress up to approximately 30 cm thick for comfortable, flexible sleeping.",false,2026-08-25 08:58:00.022502+00,2026-08-25 08:58:00.022502+00
8,V140x200,5000676119463,,,,,,,,European Double Long Vertical Classic Bed,european-double-long-vertical-classic-bed-140x200,1400,2000,,1500,2150,410,2260,204,510,300,Vertical,Classic,Black,40,100,,150 x 45 x 15,135 x 12 x 9,,,949,949,949,30,,,,664,664,664,Base Beds > Vertical > Classic,beds,Classic,true,Visible,Lifetime on mechanism,"The Classic Wall Bed is a practical and durable space-saving solution for bedrooms, guest rooms and multifunctional spaces. Its strong steel frame and smooth gas-assisted lifting mechanism make it easy to open and close, while the fold-away design helps free up valuable floor space during the day. Suitable for regular everyday use, it can be paired with a standard mattress up to approximately 30 cm thick for comfortable, flexible sleeping.",/product-images/MORPHY-Bed-Vertical-Classic-200x200-6.webp,/product-images/MORPHY-Bed-Vertical-Classic-200x200-2-mattress.webp,"[""/product-images/MORPHY-Bed-Vertical-Classic-200x200-6.webp"",""/product-images/MORPHY-Bed-Vertical-Classic-200x200-2-mattress.webp"",""/product-images/morphy-integrated/160x200-4.jpg"",""/product-images/morphy-integrated/160x200-6.jpg"",""/product-images/morphy-integrated/160x200-8.jpg""]",European Double Long Vertical Classic Bed 140x200 Black,European Double Long Vertical Classic Bed 140x200,"The Classic Wall Bed is a practical and durable space-saving solution for bedrooms, guest rooms and multifunctional spaces. Its strong steel frame and smooth gas-assisted lifting mechanism make it easy to open and close, while the fold-away design helps free up valuable floor space during the day. Suitable for regular everyday use, it can be paired with a standard mattress up to approximately 30 cm thick for comfortable, flexible sleeping.",false,2026-08-25 08:58:00.022502+00,2026-08-25 08:58:00.022502+00
9,V150x200,5035358036397,,,,,,,,King Vertical Classic Bed,king-vertical-classic-bed-150x200,1500,2000,,1620,2150,410,2260,204,510,300,Vertical,Classic,Black,45,100,,170 x 45 x 15,145 x 12 x 9,,,999,999,999,30,,,,699,699,699,Base Beds > Vertical > Classic,beds,Classic,true,Visible,Lifetime on mechanism,"The Classic Wall Bed is a practical and durable space-saving solution for bedrooms, guest rooms and multifunctional spaces. Its strong steel frame and smooth gas-assisted lifting mechanism make it easy to open and close, while the fold-away design helps free up valuable floor space during the day. Suitable for regular everyday use, it can be paired with a standard mattress up to approximately 30 cm thick for comfortable, flexible sleeping.",/product-images/MORPHY-Bed-Vertical-Classic-200x200-6.webp,/product-images/MORPHY-Bed-Vertical-Classic-200x200-2-mattress.webp,"[""/product-images/MORPHY-Bed-Vertical-Classic-200x200-6.webp"",""/product-images/MORPHY-Bed-Vertical-Classic-200x200-2-mattress.webp"",""/product-images/morphy-integrated/160x200-4.jpg"",""/product-images/morphy-integrated/160x200-6.jpg"",""/product-images/morphy-integrated/160x200-8.jpg""]",King Vertical Classic Bed 150x200 Black,King Vertical Classic Bed 150x200,"The Classic Wall Bed is a practical and durable space-saving solution for bedrooms, guest rooms and multifunctional spaces. Its strong steel frame and smooth gas-assisted lifting mechanism make it easy to open and close, while the fold-away design helps free up valuable floor space during the day. Suitable for regular everyday use, it can be paired with a standard mattress up to approximately 30 cm thick for comfortable, flexible sleeping.",false,2026-08-25 08:58:00.022502+00,2026-08-25 08:58:00.022502+00
10,V160x200,5029981412955,,,,,,,,European King Vertical Classic Bed,european-king-vertical-classic-bed-160x200,1600,2000,,1720,2150,410,2260,204,510,300,Vertical,Classic,Black,45,100,,170 x 48 x 17,145 x 13 x 9,,,999,999,999,30,,,,699,699,699,Base Beds > Vertical > Classic,beds,Classic,true,Visible,Lifetime on mechanism,"The Classic Wall Bed is a practical and durable space-saving solution for bedrooms, guest rooms and multifunctional spaces. Its strong steel frame and smooth gas-assisted lifting mechanism make it easy to open and close, while the fold-away design helps free up valuable floor space during the day. Suitable for regular everyday use, it can be paired with a standard mattress up to approximately 30 cm thick for comfortable, flexible sleeping.",/product-images/MORPHY-Bed-Vertical-Classic-200x200-6.webp,/product-images/MORPHY-Bed-Vertical-Classic-200x200-2-mattress.webp,"[""/product-images/MORPHY-Bed-Vertical-Classic-200x200-6.webp"",""/product-images/MORPHY-Bed-Vertical-Classic-200x200-2-mattress.webp"",""/product-images/morphy-integrated/160x200-4.jpg"",""/product-images/morphy-integrated/160x200-6.jpg"",""/product-images/morphy-integrated/160x200-8.jpg""]",European King Vertical Classic Bed 160x200 Black,European King Vertical Classic Bed 160x200,"The Classic Wall Bed is a practical and durable space-saving solution for bedrooms, guest rooms and multifunctional spaces. Its strong steel frame and smooth gas-assisted lifting mechanism make it easy to open and close, while the fold-away design helps free up valuable floor space during the day. Suitable for regular everyday use, it can be paired with a standard mattress up to approximately 30 cm thick for comfortable, flexible sleeping.",false,2026-08-25 08:58:00.022502+00,2026-08-25 08:58:00.022502+00
11,V180x200,5088553776299,,,,,,,,Super King Vertical Classic Bed,super-king-vertical-classic-bed-180x200,1800,2000,,1920,2150,410,2260,204,510,300,Vertical,Classic,Black,45,100,,190 x 45 x 15,170 x 12 x 9,,,1199,1199,1199,30,,,,839,839,839,Base Beds > Vertical > Classic,beds,Classic,true,Visible,Lifetime on mechanism,"The Classic Wall Bed is a practical and durable space-saving solution for bedrooms, guest rooms and multifunctional spaces. Its strong steel frame and smooth gas-assisted lifting mechanism make it easy to open and close, while the fold-away design helps free up valuable floor space during the day. Suitable for regular everyday use, it can be paired with a standard mattress up to approximately 30 cm thick for comfortable, flexible sleeping.",/product-images/MORPHY-Bed-Vertical-Classic-200x200-6.webp,/product-images/MORPHY-Bed-Vertical-Classic-200x200-2-mattress.webp,"[""/product-images/MORPHY-Bed-Vertical-Classic-200x200-6.webp"",""/product-images/MORPHY-Bed-Vertical-Classic-200x200-2-mattress.webp"",""/product-images/morphy-integrated/160x200-4.jpg"",""/product-images/morphy-integrated/160x200-6.jpg"",""/product-images/morphy-integrated/160x200-8.jpg""]",Super King Vertical Classic Bed 180x200 Black,Super King Vertical Classic Bed 180x200,"The Classic Wall Bed is a practical and durable space-saving solution for bedrooms, guest rooms and multifunctional spaces. Its strong steel frame and smooth gas-assisted lifting mechanism make it easy to open and close, while the fold-away design helps free up valuable floor space during the day. Suitable for regular everyday use, it can be paired with a standard mattress up to approximately 30 cm thick for comfortable, flexible sleeping.",false,2026-08-25 08:58:00.022502+00,2026-08-25 08:58:00.022502+00
12,H76x190,5082103963853,,,,,,,,Small Single Horizontal Classic Bed,small-single-horizontal-classic-bed-190x76,1900,760,,2000,900,410,1030,204,510,300,Horizontal,Classic,Black,30,100,,150 x 45 x 15,,,,599,599,599,30,,,,419,419,419,Base Beds > Horizontal > Classic,beds,Classic,true,Visible,Lifetime on mechanism,"The Classic Wall Bed is a practical and durable space-saving solution for bedrooms, guest rooms and multifunctional spaces. Its strong steel frame and smooth gas-assisted lifting mechanism make it easy to open and close, while the fold-away design helps free up valuable floor space during the day. Suitable for regular everyday use, it can be paired with a standard mattress up to approximately 30 cm thick for comfortable, flexible sleeping.",/product-images/MORPHY-Bed-Vertical-Classic-200x200-6.webp,/product-images/MORPHY-Bed-Vertical-Classic-200x200-2-mattress.webp,"[""/product-images/MORPHY-Bed-Vertical-Classic-200x200-6.webp"",""/product-images/MORPHY-Bed-Vertical-Classic-200x200-2-mattress.webp"",""/product-images/morphy-integrated/160x200-4.jpg"",""/product-images/morphy-integrated/160x200-6.jpg"",""/product-images/morphy-integrated/160x200-8.jpg""]",Small Single Horizontal Classic Bed 190x76 Black,Small Single Horizontal Classic Bed 190x76,"The Classic Wall Bed is a practical and durable space-saving solution for bedrooms, guest rooms and multifunctional spaces. Its strong steel frame and smooth gas-assisted lifting mechanism make it easy to open and close, while the fold-away design helps free up valuable floor space during the day. Suitable for regular everyday use, it can be paired with a standard mattress up to approximately 30 cm thick for comfortable, flexible sleeping.",false,2026-08-25 08:58:00.022502+00,2026-08-25 08:58:00.022502+00
13,H90x190,5042978657746,,,,,,,,Single Horizontal Classic Bed,single-horizontal-classic-bed-190x90,1900,900,,2000,1050,410,1170,204,510,300,Horizontal,Classic,Black,30,100,,150 x 45 x 15,,,,749,749,749,30,,,,524,524,524,Base Beds > Horizontal > Classic,beds,Classic,true,Visible,Lifetime on mechanism,"The Classic Wall Bed is a practical and durable space-saving solution for bedrooms, guest rooms and multifunctional spaces. Its strong steel frame and smooth gas-assisted lifting mechanism make it easy to open and close, while the fold-away design helps free up valuable floor space during the day. Suitable for regular everyday use, it can be paired with a standard mattress up to approximately 30 cm thick for comfortable, flexible sleeping.",/product-images/MORPHY-Bed-Vertical-Classic-200x200-6.webp,/product-images/MORPHY-Bed-Vertical-Classic-200x200-2-mattress.webp,"[""/product-images/MORPHY-Bed-Vertical-Classic-200x200-6.webp"",""/product-images/MORPHY-Bed-Vertical-Classic-200x200-2-mattress.webp"",""/product-images/morphy-integrated/160x200-4.jpg"",""/product-images/morphy-integrated/160x200-6.jpg"",""/product-images/morphy-integrated/160x200-8.jpg""]",Single Horizontal Classic Bed 190x90 Black,Single Horizontal Classic Bed 190x90,"The Classic Wall Bed is a practical and durable space-saving solution for bedrooms, guest rooms and multifunctional spaces. Its strong steel frame and smooth gas-assisted lifting mechanism make it easy to open and close, while the fold-away design helps free up valuable floor space during the day. Suitable for regular everyday use, it can be paired with a standard mattress up to approximately 30 cm thick for comfortable, flexible sleeping.",false,2026-08-25 08:58:00.022502+00,2026-08-25 08:58:00.022502+00
14,H90x200,5086666274410,,,,,,,,European Single Horizontal Classic Bed,european-single-horizontal-classic-bed-200x90,2000,900,,2100,1050,410,1170,204,510,300,Horizontal,Classic,Black,30,100,,150 x 45 x 15,,,,749,749,749,30,,,,524,524,524,Base Beds > Horizontal > Classic,beds,Classic,true,Visible,Lifetime on mechanism,"The Classic Wall Bed is a practical and durable space-saving solution for bedrooms, guest rooms and multifunctional spaces. Its strong steel frame and smooth gas-assisted lifting mechanism make it easy to open and close, while the fold-away design helps free up valuable floor space during the day. Suitable for regular everyday use, it can be paired with a standard mattress up to approximately 30 cm thick for comfortable, flexible sleeping.",/product-images/MORPHY-Bed-Vertical-Classic-200x200-6.webp,/product-images/MORPHY-Bed-Vertical-Classic-200x200-2-mattress.webp,"[""/product-images/MORPHY-Bed-Vertical-Classic-200x200-6.webp"",""/product-images/MORPHY-Bed-Vertical-Classic-200x200-2-mattress.webp"",""/product-images/morphy-integrated/160x200-4.jpg"",""/product-images/morphy-integrated/160x200-6.jpg"",""/product-images/morphy-integrated/160x200-8.jpg""]",European Single Horizontal Classic Bed 200x90 Black,European Single Horizontal Classic Bed 200x90,"The Classic Wall Bed is a practical and durable space-saving solution for bedrooms, guest rooms and multifunctional spaces. Its strong steel frame and smooth gas-assisted lifting mechanism make it easy to open and close, while the fold-away design helps free up valuable floor space during the day. Suitable for regular everyday use, it can be paired with a standard mattress up to approximately 30 cm thick for comfortable, flexible sleeping.",false,2026-08-25 08:58:00.022502+00,2026-08-25 08:58:00.022502+00
15,H120x190,5072342233020,,,,,,,,Small Double Horizontal Classic Bed,small-double-horizontal-classic-bed-190x120,1900,1200,,2000,1340,410,1460,204,510,300,Horizontal,Classic,Black,35,100,,130 x 45 x 15,,,,849,849,849,30,,,,594,594,594,Base Beds > Horizontal > Classic,beds,Classic,true,Visible,Lifetime on mechanism,"The Classic Wall Bed is a practical and durable space-saving solution for bedrooms, guest rooms and multifunctional spaces. Its strong steel frame and smooth gas-assisted lifting mechanism make it easy to open and close, while the fold-away design helps free up valuable floor space during the day. Suitable for regular everyday use, it can be paired with a standard mattress up to approximately 30 cm thick for comfortable, flexible sleeping.",/product-images/MORPHY-Bed-Vertical-Classic-200x200-6.webp,/product-images/MORPHY-Bed-Vertical-Classic-200x200-2-mattress.webp,"[""/product-images/MORPHY-Bed-Vertical-Classic-200x200-6.webp"",""/product-images/MORPHY-Bed-Vertical-Classic-200x200-2-mattress.webp"",""/product-images/morphy-integrated/160x200-4.jpg"",""/product-images/morphy-integrated/160x200-6.jpg"",""/product-images/morphy-integrated/160x200-8.jpg""]",Small Double Horizontal Classic Bed 190x120 Black,Small Double Horizontal Classic Bed 190x120,"The Classic Wall Bed is a practical and durable space-saving solution for bedrooms, guest rooms and multifunctional spaces. Its strong steel frame and smooth gas-assisted lifting mechanism make it easy to open and close, while the fold-away design helps free up valuable floor space during the day. Suitable for regular everyday use, it can be paired with a standard mattress up to approximately 30 cm thick for comfortable, flexible sleeping.",false,2026-08-25 08:58:00.022502+00,2026-08-25 08:58:00.022502+00
16,H120x200,5049313945072,,,,,,,,European Small Double Horizontal Classic Bed,european-small-double-horizontal-classic-bed-200x120,2000,1200,,2100,1350,410,1450,204,510,300,Horizontal,Classic,Black,35,100,,130 x 45 x 15,,,,849,849,849,30,,,,594,594,594,Base Beds > Horizontal > Classic,beds,Classic,true,Visible,Lifetime on mechanism,"The Classic Wall Bed is a practical and durable space-saving solution for bedrooms, guest rooms and multifunctional spaces. Its strong steel frame and smooth gas-assisted lifting mechanism make it easy to open and close, while the fold-away design helps free up valuable floor space during the day. Suitable for regular everyday use, it can be paired with a standard mattress up to approximately 30 cm thick for comfortable, flexible sleeping.",/product-images/MORPHY-Bed-Vertical-Classic-200x200-6.webp,/product-images/MORPHY-Bed-Vertical-Classic-200x200-2-mattress.webp,"[""/product-images/MORPHY-Bed-Vertical-Classic-200x200-6.webp"",""/product-images/MORPHY-Bed-Vertical-Classic-200x200-2-mattress.webp"",""/product-images/morphy-integrated/160x200-4.jpg"",""/product-images/morphy-integrated/160x200-6.jpg"",""/product-images/morphy-integrated/160x200-8.jpg""]",European Small Double Horizontal Classic Bed 200x120 Black,European Small Double Horizontal Classic Bed 200x120,"The Classic Wall Bed is a practical and durable space-saving solution for bedrooms, guest rooms and multifunctional spaces. Its strong steel frame and smooth gas-assisted lifting mechanism make it easy to open and close, while the fold-away design helps free up valuable floor space during the day. Suitable for regular everyday use, it can be paired with a standard mattress up to approximately 30 cm thick for comfortable, flexible sleeping.",false,2026-08-25 08:58:00.022502+00,2026-08-25 08:58:00.022502+00
17,H135x190,5019436114703,,,,,,,,Double Horizontal Classic Bed,double-horizontal-classic-bed-190x135,1900,1350,,2000,1500,410,1610,204,510,300,Horizontal,Classic,Black,40,100,,150 x 45 x 15,130 x 12 x 9,,,899,899,899,30,,,,629,629,629,Base Beds > Horizontal > Classic,beds,Classic,true,Visible,Lifetime on mechanism,"The Classic Wall Bed is a practical and durable space-saving solution for bedrooms, guest rooms and multifunctional spaces. Its strong steel frame and smooth gas-assisted lifting mechanism make it easy to open and close, while the fold-away design helps free up valuable floor space during the day. Suitable for regular everyday use, it can be paired with a standard mattress up to approximately 30 cm thick for comfortable, flexible sleeping.",/product-images/MORPHY-Bed-Vertical-Classic-200x200-6.webp,/product-images/MORPHY-Bed-Vertical-Classic-200x200-2-mattress.webp,"[""/product-images/MORPHY-Bed-Vertical-Classic-200x200-6.webp"",""/product-images/MORPHY-Bed-Vertical-Classic-200x200-2-mattress.webp"",""/product-images/morphy-integrated/160x200-4.jpg"",""/product-images/morphy-integrated/160x200-6.jpg"",""/product-images/morphy-integrated/160x200-8.jpg""]",Double Horizontal Classic Bed 190x135 Black,Double Horizontal Classic Bed 190x135,"The Classic Wall Bed is a practical and durable space-saving solution for bedrooms, guest rooms and multifunctional spaces. Its strong steel frame and smooth gas-assisted lifting mechanism make it easy to open and close, while the fold-away design helps free up valuable floor space during the day. Suitable for regular everyday use, it can be paired with a standard mattress up to approximately 30 cm thick for comfortable, flexible sleeping.",false,2026-08-25 08:58:00.022502+00,2026-08-25 08:58:00.022502+00
18,H140x190,5012413500751,,,,,,,,European Double Horizontal Classic Bed,european-double-horizontal-classic-bed-190x140,1900,1400,,2000,1550,410,1650,204,510,300,Horizontal,Classic,Black,40,100,,150 x 45 x 15,135 x 12 x 9,,,899,899,899,30,,,,629,629,629,Base Beds > Horizontal > Classic,beds,Classic,true,Visible,Lifetime on mechanism,"The Classic Wall Bed is a practical and durable space-saving solution for bedrooms, guest rooms and multifunctional spaces. Its strong steel frame and smooth gas-assisted lifting mechanism make it easy to open and close, while the fold-away design helps free up valuable floor space during the day. Suitable for regular everyday use, it can be paired with a standard mattress up to approximately 30 cm thick for comfortable, flexible sleeping.",/product-images/MORPHY-Bed-Vertical-Classic-200x200-6.webp,/product-images/MORPHY-Bed-Vertical-Classic-200x200-2-mattress.webp,"[""/product-images/MORPHY-Bed-Vertical-Classic-200x200-6.webp"",""/product-images/MORPHY-Bed-Vertical-Classic-200x200-2-mattress.webp"",""/product-images/morphy-integrated/160x200-4.jpg"",""/product-images/morphy-integrated/160x200-6.jpg"",""/product-images/morphy-integrated/160x200-8.jpg""]",European Double Horizontal Classic Bed 190x140 Black,European Double Horizontal Classic Bed 190x140,"The Classic Wall Bed is a practical and durable space-saving solution for bedrooms, guest rooms and multifunctional spaces. Its strong steel frame and smooth gas-assisted lifting mechanism make it easy to open and close, while the fold-away design helps free up valuable floor space during the day. Suitable for regular everyday use, it can be paired with a standard mattress up to approximately 30 cm thick for comfortable, flexible sleeping.",false,2026-08-25 08:58:00.022502+00,2026-08-25 08:58:00.022502+00
19,H140x200,5051723053536,,,,,,,,European Double Long Horizontal Classic Bed,european-double-long-horizontal-classic-bed-200x140,2000,1400,,2100,1550,410,1650,204,510,300,Horizontal,Classic,Black,40,100,,150 x 45 x 15,135 x 12 x 9,,,949,949,949,30,,,,664,664,664,Base Beds > Horizontal > Classic,beds,Classic,true,Visible,Lifetime on mechanism,"The Classic Wall Bed is a practical and durable space-saving solution for bedrooms, guest rooms and multifunctional spaces. Its strong steel frame and smooth gas-assisted lifting mechanism make it easy to open and close, while the fold-away design helps free up valuable floor space during the day. Suitable for regular everyday use, it can be paired with a standard mattress up to approximately 30 cm thick for comfortable, flexible sleeping.",/product-images/MORPHY-Bed-Vertical-Classic-200x200-6.webp,/product-images/MORPHY-Bed-Vertical-Classic-200x200-2-mattress.webp,"[""/product-images/MORPHY-Bed-Vertical-Classic-200x200-6.webp"",""/product-images/MORPHY-Bed-Vertical-Classic-200x200-2-mattress.webp"",""/product-images/morphy-integrated/160x200-4.jpg"",""/product-images/morphy-integrated/160x200-6.jpg"",""/product-images/morphy-integrated/160x200-8.jpg""]",European Double Long Horizontal Classic Bed 200x140 Black,European Double Long Horizontal Classic Bed 200x140,"The Classic Wall Bed is a practical and durable space-saving solution for bedrooms, guest rooms and multifunctional spaces. Its strong steel frame and smooth gas-assisted lifting mechanism make it easy to open and close, while the fold-away design helps free up valuable floor space during the day. Suitable for regular everyday use, it can be paired with a standard mattress up to approximately 30 cm thick for comfortable, flexible sleeping.",false,2026-08-25 08:58:00.022502+00,2026-08-25 08:58:00.022502+00
20,H150x200,5069302273785,,,,,,,,King Horizontal Classic Bed,king-horizontal-classic-bed-200x150,2000,1500,,2100,1650,410,1780,204,510,300,Horizontal,Classic,Black,45,100,,170 x 45 x 15,145 x 12 x 9,,,999,999,999,30,,,,699,699,699,Base Beds > Horizontal > Classic,beds,Classic,true,Visible,Lifetime on mechanism,"The Classic Wall Bed is a practical and durable space-saving solution for bedrooms, guest rooms and multifunctional spaces. Its strong steel frame and smooth gas-assisted lifting mechanism make it easy to open and close, while the fold-away design helps free up valuable floor space during the day. Suitable for regular everyday use, it can be paired with a standard mattress up to approximately 30 cm thick for comfortable, flexible sleeping.",/product-images/MORPHY-Bed-Vertical-Classic-200x200-6.webp,/product-images/MORPHY-Bed-Vertical-Classic-200x200-2-mattress.webp,"[""/product-images/MORPHY-Bed-Vertical-Classic-200x200-6.webp"",""/product-images/MORPHY-Bed-Vertical-Classic-200x200-2-mattress.webp"",""/product-images/morphy-integrated/160x200-4.jpg"",""/product-images/morphy-integrated/160x200-6.jpg"",""/product-images/morphy-integrated/160x200-8.jpg""]",King Horizontal Classic Bed 200x150 Black,King Horizontal Classic Bed 200x150,"The Classic Wall Bed is a practical and durable space-saving solution for bedrooms, guest rooms and multifunctional spaces. Its strong steel frame and smooth gas-assisted lifting mechanism make it easy to open and close, while the fold-away design helps free up valuable floor space during the day. Suitable for regular everyday use, it can be paired with a standard mattress up to approximately 30 cm thick for comfortable, flexible sleeping.",false,2026-08-25 08:58:00.022502+00,2026-08-25 08:58:00.022502+00
21,H160x200,5017564300526,,,,,,,,European King Horizontal Classic Bed,european-king-horizontal-classic-bed-200x160,2000,1600,,2100,1750,410,1850,204,510,300,Horizontal,Classic,Black,45,100,,170 x 48 x 17,145 x 13 x 9,,,999,999,999,30,,,,699,699,699,Base Beds > Horizontal > Classic,beds,Classic,true,Visible,Lifetime on mechanism,"The Classic Wall Bed is a practical and durable space-saving solution for bedrooms, guest rooms and multifunctional spaces. Its strong steel frame and smooth gas-assisted lifting mechanism make it easy to open and close, while the fold-away design helps free up valuable floor space during the day. Suitable for regular everyday use, it can be paired with a standard mattress up to approximately 30 cm thick for comfortable, flexible sleeping.",/product-images/MORPHY-Bed-Vertical-Classic-200x200-6.webp,/product-images/MORPHY-Bed-Vertical-Classic-200x200-2-mattress.webp,"[""/product-images/MORPHY-Bed-Vertical-Classic-200x200-6.webp"",""/product-images/MORPHY-Bed-Vertical-Classic-200x200-2-mattress.webp"",""/product-images/morphy-integrated/160x200-4.jpg"",""/product-images/morphy-integrated/160x200-6.jpg"",""/product-images/morphy-integrated/160x200-8.jpg""]",European King Horizontal Classic Bed 200x160 Black,European King Horizontal Classic Bed 200x160,"The Classic Wall Bed is a practical and durable space-saving solution for bedrooms, guest rooms and multifunctional spaces. Its strong steel frame and smooth gas-assisted lifting mechanism make it easy to open and close, while the fold-away design helps free up valuable floor space during the day. Suitable for regular everyday use, it can be paired with a standard mattress up to approximately 30 cm thick for comfortable, flexible sleeping.",false,2026-08-25 08:58:00.022502+00,2026-08-25 08:58:00.022502+00
22,H180x200,5038907828627,,,,,,,,Super King Horizontal Classic Bed,super-king-horizontal-classic-bed-200x180,2000,1800,,2100,1950,410,2080,204,510,300,Horizontal,Classic,Black,45,100,,190 x 45 x 15,170 x 12 x 9,,,1199,1199,1199,30,,,,839,839,839,Base Beds > Horizontal > Classic,beds,Classic,true,Visible,Lifetime on mechanism,"The Classic Wall Bed is a practical and durable space-saving solution for bedrooms, guest rooms and multifunctional spaces. Its strong steel frame and smooth gas-assisted lifting mechanism make it easy to open and close, while the fold-away design helps free up valuable floor space during the day. Suitable for regular everyday use, it can be paired with a standard mattress up to approximately 30 cm thick for comfortable, flexible sleeping.",/product-images/MORPHY-Bed-Vertical-Classic-200x200-6.webp,/product-images/MORPHY-Bed-Vertical-Classic-200x200-2-mattress.webp,"[""/product-images/MORPHY-Bed-Vertical-Classic-200x200-6.webp"",""/product-images/MORPHY-Bed-Vertical-Classic-200x200-2-mattress.webp"",""/product-images/morphy-integrated/160x200-4.jpg"",""/product-images/morphy-integrated/160x200-6.jpg"",""/product-images/morphy-integrated/160x200-8.jpg""]",Super King Horizontal Classic Bed 200x180 Black,Super King Horizontal Classic Bed 200x180,"The Classic Wall Bed is a practical and durable space-saving solution for bedrooms, guest rooms and multifunctional spaces. Its strong steel frame and smooth gas-assisted lifting mechanism make it easy to open and close, while the fold-away design helps free up valuable floor space during the day. Suitable for regular everyday use, it can be paired with a standard mattress up to approximately 30 cm thick for comfortable, flexible sleeping.",false,2026-08-25 08:58:00.022502+00,2026-08-25 08:58:00.022502+00
23,STV76x190,5021616292614,,,,,,,,Small Single Vertical Studio Bed,small-single-vertical-studio-bed-76x190,760,1900,,880,2060,410,2210,204,510,300,Vertical,Studio,Black,,100,,,,,,999,999,999,30,,,,699,699,699,Base Beds > Vertical > Studio,beds,Studio,true,Visible,Lifetime on mechanism,"The Studio Wall Bed combines modern minimalist design with practical space-saving functionality. Its clean open-frame construction folds neatly against the wall without the need for a traditional cabinet, making it ideal for apartments, studios, guest rooms and home offices. A gas-assisted lifting mechanism ensures smooth operation, while compatibility with standard mattresses up to approximately 30 cm thick allows you to choose the comfort level that suits you best.",/product-images/MORPHY-Bed-Vertical-Classic-200x200-6.webp,/product-images/MORPHY-Bed-Vertical-Classic-200x200-2-mattress.webp,"[""/product-images/MORPHY-Bed-Vertical-Classic-200x200-6.webp"",""/product-images/MORPHY-Bed-Vertical-Classic-200x200-2-mattress.webp"",""/product-images/morphy-integrated/160x200-4.jpg"",""/product-images/morphy-integrated/160x200-6.jpg"",""/product-images/morphy-integrated/160x200-8.jpg""]",Small Single Vertical Studio Bed 76x190 Black,Small Single Vertical Studio Bed 76x190,"The Studio Wall Bed combines modern minimalist design with practical space-saving functionality. Its clean open-frame construction folds neatly against the wall without the need for a traditional cabinet, making it ideal for apartments, studios, guest rooms and home offices. A gas-assisted lifting mechanism ensures smooth operation, while compatibility with standard mattresses up to approximately 30 cm thick allows you to choose the comfort level that suits you best.",false,2026-08-25 08:58:00.022502+00,2026-08-25 08:58:00.022502+00
24,STV90x190,5036012381319,,,,,,,,Single Vertical Studio Bed,single-vertical-studio-bed-90x190,900,1900,,1020,2060,410,2210,204,510,300,Vertical,Studio,Black,55,100,,150 x 45 x 15,105 x 45 x 10,,,1099,1099,1099,30,,,,769,769,769,Base Beds > Vertical > Studio,beds,Studio,true,Visible,Lifetime on mechanism,"The Studio Wall Bed combines modern minimalist design with practical space-saving functionality. Its clean open-frame construction folds neatly against the wall without the need for a traditional cabinet, making it ideal for apartments, studios, guest rooms and home offices. A gas-assisted lifting mechanism ensures smooth operation, while compatibility with standard mattresses up to approximately 30 cm thick allows you to choose the comfort level that suits you best.",/product-images/MORPHY-Bed-Vertical-Classic-200x200-6.webp,/product-images/MORPHY-Bed-Vertical-Classic-200x200-2-mattress.webp,"[""/product-images/MORPHY-Bed-Vertical-Classic-200x200-6.webp"",""/product-images/MORPHY-Bed-Vertical-Classic-200x200-2-mattress.webp"",""/product-images/morphy-integrated/160x200-4.jpg"",""/product-images/morphy-integrated/160x200-6.jpg"",""/product-images/morphy-integrated/160x200-8.jpg""]",Single Vertical Studio Bed 90x190 Black,Single Vertical Studio Bed 90x190,"The Studio Wall Bed combines modern minimalist design with practical space-saving functionality. Its clean open-frame construction folds neatly against the wall without the need for a traditional cabinet, making it ideal for apartments, studios, guest rooms and home offices. A gas-assisted lifting mechanism ensures smooth operation, while compatibility with standard mattresses up to approximately 30 cm thick allows you to choose the comfort level that suits you best.",false,2026-08-25 08:58:00.022502+00,2026-08-25 08:58:00.022502+00
25,STV90x200,5078559226599,,,,,,,,European Single Vertical Studio Bed,european-single-vertical-studio-bed-90x200,900,2000,,1020,2160,410,2310,204,510,300,Vertical,Studio,Black,55,100,,150 x 45 x 15,105 x 45 x 10,,,1149,1149,1149,30,,,,804,804,804,Base Beds > Vertical > Studio,beds,Studio,true,Visible,Lifetime on mechanism,"The Studio Wall Bed combines modern minimalist design with practical space-saving functionality. Its clean open-frame construction folds neatly against the wall without the need for a traditional cabinet, making it ideal for apartments, studios, guest rooms and home offices. A gas-assisted lifting mechanism ensures smooth operation, while compatibility with standard mattresses up to approximately 30 cm thick allows you to choose the comfort level that suits you best.",/product-images/MORPHY-Bed-Vertical-Classic-200x200-6.webp,/product-images/MORPHY-Bed-Vertical-Classic-200x200-2-mattress.webp,"[""/product-images/MORPHY-Bed-Vertical-Classic-200x200-6.webp"",""/product-images/MORPHY-Bed-Vertical-Classic-200x200-2-mattress.webp"",""/product-images/morphy-integrated/160x200-4.jpg"",""/product-images/morphy-integrated/160x200-6.jpg"",""/product-images/morphy-integrated/160x200-8.jpg""]",European Single Vertical Studio Bed 90x200 Black,European Single Vertical Studio Bed 90x200,"The Studio Wall Bed combines modern minimalist design with practical space-saving functionality. Its clean open-frame construction folds neatly against the wall without the need for a traditional cabinet, making it ideal for apartments, studios, guest rooms and home offices. A gas-assisted lifting mechanism ensures smooth operation, while compatibility with standard mattresses up to approximately 30 cm thick allows you to choose the comfort level that suits you best.",false,2026-08-25 08:58:00.022502+00,2026-08-25 08:58:00.022502+00
26,STV120x190,5055345224809,,,,,,,,Small Double Vertical Studio Bed,small-double-vertical-studio-bed-120x190,1200,1900,,1320,2050,410,2180,204,510,300,Vertical,Studio,Black,63,100,,130 x 45 x 15,120 x 45 x 10,,,1199,1199,1199,30,,,,839,839,839,Base Beds > Vertical > Studio,beds,Studio,true,Visible,Lifetime on mechanism,"The Studio Wall Bed combines modern minimalist design with practical space-saving functionality. Its clean open-frame construction folds neatly against the wall without the need for a traditional cabinet, making it ideal for apartments, studios, guest rooms and home offices. A gas-assisted lifting mechanism ensures smooth operation, while compatibility with standard mattresses up to approximately 30 cm thick allows you to choose the comfort level that suits you best.",/product-images/MORPHY-Bed-Vertical-Classic-200x200-6.webp,/product-images/MORPHY-Bed-Vertical-Classic-200x200-2-mattress.webp,"[""/product-images/MORPHY-Bed-Vertical-Classic-200x200-6.webp"",""/product-images/MORPHY-Bed-Vertical-Classic-200x200-2-mattress.webp"",""/product-images/morphy-integrated/160x200-4.jpg"",""/product-images/morphy-integrated/160x200-6.jpg"",""/product-images/morphy-integrated/160x200-8.jpg""]",Small Double Vertical Studio Bed 120x190 Black,Small Double Vertical Studio Bed 120x190,"The Studio Wall Bed combines modern minimalist design with practical space-saving functionality. Its clean open-frame construction folds neatly against the wall without the need for a traditional cabinet, making it ideal for apartments, studios, guest rooms and home offices. A gas-assisted lifting mechanism ensures smooth operation, while compatibility with standard mattresses up to approximately 30 cm thick allows you to choose the comfort level that suits you best.",false,2026-08-25 08:58:00.022502+00,2026-08-25 08:58:00.022502+00
27,STV120x200,5052770130143,,,,,,,,European Small Double Vertical Studio Bed,european-small-double-vertical-studio-bed-120x200,1200,2000,,1320,2150,410,2280,204,510,300,Vertical,Studio,Black,63,100,,130 x 45 x 15,120 x 45 x 10,,,1249,1249,1249,30,,,,874,874,874,Base Beds > Vertical > Studio,beds,Studio,true,Visible,Lifetime on mechanism,"The Studio Wall Bed combines modern minimalist design with practical space-saving functionality. Its clean open-frame construction folds neatly against the wall without the need for a traditional cabinet, making it ideal for apartments, studios, guest rooms and home offices. A gas-assisted lifting mechanism ensures smooth operation, while compatibility with standard mattresses up to approximately 30 cm thick allows you to choose the comfort level that suits you best.",/product-images/MORPHY-Bed-Vertical-Classic-200x200-6.webp,/product-images/MORPHY-Bed-Vertical-Classic-200x200-2-mattress.webp,"[""/product-images/MORPHY-Bed-Vertical-Classic-200x200-6.webp"",""/product-images/MORPHY-Bed-Vertical-Classic-200x200-2-mattress.webp"",""/product-images/morphy-integrated/160x200-4.jpg"",""/product-images/morphy-integrated/160x200-6.jpg"",""/product-images/morphy-integrated/160x200-8.jpg""]",European Small Double Vertical Studio Bed 120x200 Black,European Small Double Vertical Studio Bed 120x200,"The Studio Wall Bed combines modern minimalist design with practical space-saving functionality. Its clean open-frame construction folds neatly against the wall without the need for a traditional cabinet, making it ideal for apartments, studios, guest rooms and home offices. A gas-assisted lifting mechanism ensures smooth operation, while compatibility with standard mattresses up to approximately 30 cm thick allows you to choose the comfort level that suits you best.",false,2026-08-25 08:58:00.022502+00,2026-08-25 08:58:00.022502+00
28,STV135x190,5007171928621,,,,,,,,Double Vertical Studio Bed,double-vertical-studio-bed-135x190,1350,1900,,1470,2060,410,2210,204,510,300,Vertical,Studio,Black,68,100,,150 x 45 x 15,130 x 12 x 9,140 x 45 x 10,,1299,1299,1299,30,,,,909,909,909,Base Beds > Vertical > Studio,beds,Studio,true,Visible,Lifetime on mechanism,"The Studio Wall Bed combines modern minimalist design with practical space-saving functionality. Its clean open-frame construction folds neatly against the wall without the need for a traditional cabinet, making it ideal for apartments, studios, guest rooms and home offices. A gas-assisted lifting mechanism ensures smooth operation, while compatibility with standard mattresses up to approximately 30 cm thick allows you to choose the comfort level that suits you best.",/product-images/MORPHY-Bed-Vertical-Classic-200x200-6.webp,/product-images/MORPHY-Bed-Vertical-Classic-200x200-2-mattress.webp,"[""/product-images/MORPHY-Bed-Vertical-Classic-200x200-6.webp"",""/product-images/MORPHY-Bed-Vertical-Classic-200x200-2-mattress.webp"",""/product-images/morphy-integrated/160x200-4.jpg"",""/product-images/morphy-integrated/160x200-6.jpg"",""/product-images/morphy-integrated/160x200-8.jpg""]",Double Vertical Studio Bed 135x190 Black,Double Vertical Studio Bed 135x190,"The Studio Wall Bed combines modern minimalist design with practical space-saving functionality. Its clean open-frame construction folds neatly against the wall without the need for a traditional cabinet, making it ideal for apartments, studios, guest rooms and home offices. A gas-assisted lifting mechanism ensures smooth operation, while compatibility with standard mattresses up to approximately 30 cm thick allows you to choose the comfort level that suits you best.",false,2026-08-25 08:58:00.022502+00,2026-08-25 08:58:00.022502+00
29,STV140x190,5021356931643,,,,,,,,European Double Vertical Studio Bed,european-double-vertical-studio-bed-140x190,1400,1900,,1520,2060,410,2210,204,510,300,Vertical,Studio,Black,68,100,,150 x 45 x 15,135 x 12 x 9,140 x 45 x 10,,1299,1299,1299,30,,,,909,909,909,Base Beds > Vertical > Studio,beds,Studio,true,Visible,Lifetime on mechanism,"The Studio Wall Bed combines modern minimalist design with practical space-saving functionality. Its clean open-frame construction folds neatly against the wall without the need for a traditional cabinet, making it ideal for apartments, studios, guest rooms and home offices. A gas-assisted lifting mechanism ensures smooth operation, while compatibility with standard mattresses up to approximately 30 cm thick allows you to choose the comfort level that suits you best.",/product-images/MORPHY-Bed-Vertical-Classic-200x200-6.webp,/product-images/MORPHY-Bed-Vertical-Classic-200x200-2-mattress.webp,"[""/product-images/MORPHY-Bed-Vertical-Classic-200x200-6.webp"",""/product-images/MORPHY-Bed-Vertical-Classic-200x200-2-mattress.webp"",""/product-images/morphy-integrated/160x200-4.jpg"",""/product-images/morphy-integrated/160x200-6.jpg"",""/product-images/morphy-integrated/160x200-8.jpg""]",European Double Vertical Studio Bed 140x190 Black,European Double Vertical Studio Bed 140x190,"The Studio Wall Bed combines modern minimalist design with practical space-saving functionality. Its clean open-frame construction folds neatly against the wall without the need for a traditional cabinet, making it ideal for apartments, studios, guest rooms and home offices. A gas-assisted lifting mechanism ensures smooth operation, while compatibility with standard mattresses up to approximately 30 cm thick allows you to choose the comfort level that suits you best.",false,2026-08-25 08:58:00.022502+00,2026-08-25 08:58:00.022502+00
30,STV140x200,5069304827908,,,,,,,,European Double Long Vertical Studio Bed,european-double-long-vertical-studio-bed-140x200,1400,2000,,1520,2160,410,2310,204,510,300,Vertical,Studio,Black,68,100,,150 x 45 x 15,135 x 12 x 9,140 x 45 x 10,,1399,1399,1399,30,,,,979,979,979,Base Beds > Vertical > Studio,beds,Studio,true,Visible,Lifetime on mechanism,"The Studio Wall Bed combines modern minimalist design with practical space-saving functionality. Its clean open-frame construction folds neatly against the wall without the need for a traditional cabinet, making it ideal for apartments, studios, guest rooms and home offices. A gas-assisted lifting mechanism ensures smooth operation, while compatibility with standard mattresses up to approximately 30 cm thick allows you to choose the comfort level that suits you best.",/product-images/MORPHY-Bed-Vertical-Classic-200x200-6.webp,/product-images/MORPHY-Bed-Vertical-Classic-200x200-2-mattress.webp,"[""/product-images/MORPHY-Bed-Vertical-Classic-200x200-6.webp"",""/product-images/MORPHY-Bed-Vertical-Classic-200x200-2-mattress.webp"",""/product-images/morphy-integrated/160x200-4.jpg"",""/product-images/morphy-integrated/160x200-6.jpg"",""/product-images/morphy-integrated/160x200-8.jpg""]",European Double Long Vertical Studio Bed 140x200 Black,European Double Long Vertical Studio Bed 140x200,"The Studio Wall Bed combines modern minimalist design with practical space-saving functionality. Its clean open-frame construction folds neatly against the wall without the need for a traditional cabinet, making it ideal for apartments, studios, guest rooms and home offices. A gas-assisted lifting mechanism ensures smooth operation, while compatibility with standard mattresses up to approximately 30 cm thick allows you to choose the comfort level that suits you best.",false,2026-08-25 08:58:00.022502+00,2026-08-25 08:58:00.022502+00
31,STV150x200,5034225285536,,,,,,,,King Vertical Studio Bed,king-vertical-studio-bed-150x200,1500,2000,,1620,2160,410,2310,204,510,300,Vertical,Studio,Black,73,100,,160 x 45 x 15,145 x 12 x 9,170 x 45 x 10,,1399,1399,1399,30,,,,979,979,979,Base Beds > Vertical > Studio,beds,Studio,true,Visible,Lifetime on mechanism,"The Studio Wall Bed combines modern minimalist design with practical space-saving functionality. Its clean open-frame construction folds neatly against the wall without the need for a traditional cabinet, making it ideal for apartments, studios, guest rooms and home offices. A gas-assisted lifting mechanism ensures smooth operation, while compatibility with standard mattresses up to approximately 30 cm thick allows you to choose the comfort level that suits you best.",/product-images/MORPHY-Bed-Vertical-Classic-200x200-6.webp,/product-images/MORPHY-Bed-Vertical-Classic-200x200-2-mattress.webp,"[""/product-images/MORPHY-Bed-Vertical-Classic-200x200-6.webp"",""/product-images/MORPHY-Bed-Vertical-Classic-200x200-2-mattress.webp"",""/product-images/morphy-integrated/160x200-4.jpg"",""/product-images/morphy-integrated/160x200-6.jpg"",""/product-images/morphy-integrated/160x200-8.jpg""]",King Vertical Studio Bed 150x200 Black,King Vertical Studio Bed 150x200,"The Studio Wall Bed combines modern minimalist design with practical space-saving functionality. Its clean open-frame construction folds neatly against the wall without the need for a traditional cabinet, making it ideal for apartments, studios, guest rooms and home offices. A gas-assisted lifting mechanism ensures smooth operation, while compatibility with standard mattresses up to approximately 30 cm thick allows you to choose the comfort level that suits you best.",false,2026-08-25 08:58:00.022502+00,2026-08-25 08:58:00.022502+00
32,STV160x200,5040738516581,,,,,,,,European King Vertical Studio Bed,european-king-vertical-studio-bed-160x200,1600,2000,,1720,2160,410,2310,204,510,300,Vertical,Studio,Black,73,100,,174 x 48 x 15,145 x 13 x 9,170 x 49 x 12,,1499,1499,1499,30,,,,1049,1049,1049,Base Beds > Vertical > Studio,beds,Studio,true,Visible,Lifetime on mechanism,"The Studio Wall Bed combines modern minimalist design with practical space-saving functionality. Its clean open-frame construction folds neatly against the wall without the need for a traditional cabinet, making it ideal for apartments, studios, guest rooms and home offices. A gas-assisted lifting mechanism ensures smooth operation, while compatibility with standard mattresses up to approximately 30 cm thick allows you to choose the comfort level that suits you best.",/product-images/MORPHY-Bed-Vertical-Classic-200x200-6.webp,/product-images/MORPHY-Bed-Vertical-Classic-200x200-2-mattress.webp,"[""/product-images/MORPHY-Bed-Vertical-Classic-200x200-6.webp"",""/product-images/MORPHY-Bed-Vertical-Classic-200x200-2-mattress.webp"",""/product-images/morphy-integrated/160x200-4.jpg"",""/product-images/morphy-integrated/160x200-6.jpg"",""/product-images/morphy-integrated/160x200-8.jpg""]",European King Vertical Studio Bed 160x200 Black,European King Vertical Studio Bed 160x200,"The Studio Wall Bed combines modern minimalist design with practical space-saving functionality. Its clean open-frame construction folds neatly against the wall without the need for a traditional cabinet, making it ideal for apartments, studios, guest rooms and home offices. A gas-assisted lifting mechanism ensures smooth operation, while compatibility with standard mattresses up to approximately 30 cm thick allows you to choose the comfort level that suits you best.",false,2026-08-25 08:58:00.022502+00,2026-08-25 08:58:00.022502+00
33,STV180x200,5089216685848,,,,,,,,Super King Vertical Studio Bed,super-king-vertical-studio-bed-180x200,1800,2000,,1920,2160,410,2310,204,510,300,Vertical,Studio,Black,,100,,,,,,1599,1599,1599,30,,,,1119,1119,1119,Base Beds > Vertical > Studio,beds,Studio,true,Visible,Lifetime on mechanism,"The Studio Wall Bed combines modern minimalist design with practical space-saving functionality. Its clean open-frame construction folds neatly against the wall without the need for a traditional cabinet, making it ideal for apartments, studios, guest rooms and home offices. A gas-assisted lifting mechanism ensures smooth operation, while compatibility with standard mattresses up to approximately 30 cm thick allows you to choose the comfort level that suits you best.",/product-images/MORPHY-Bed-Vertical-Classic-200x200-6.webp,/product-images/MORPHY-Bed-Vertical-Classic-200x200-2-mattress.webp,"[""/product-images/MORPHY-Bed-Vertical-Classic-200x200-6.webp"",""/product-images/MORPHY-Bed-Vertical-Classic-200x200-2-mattress.webp"",""/product-images/morphy-integrated/160x200-4.jpg"",""/product-images/morphy-integrated/160x200-6.jpg"",""/product-images/morphy-integrated/160x200-8.jpg""]",Super King Vertical Studio Bed 180x200 Black,Super King Vertical Studio Bed 180x200,"The Studio Wall Bed combines modern minimalist design with practical space-saving functionality. Its clean open-frame construction folds neatly against the wall without the need for a traditional cabinet, making it ideal for apartments, studios, guest rooms and home offices. A gas-assisted lifting mechanism ensures smooth operation, while compatibility with standard mattresses up to approximately 30 cm thick allows you to choose the comfort level that suits you best.",false,2026-08-25 08:58:00.022502+00,2026-08-25 08:58:00.022502+00
34,STH76x190,5019733552140,,,,,,,,Small Single Horizontal Studio Bed,small-single-horizontal-studio-bed-190x76,1900,760,,2010,910,410,970,204,510,300,Horizontal,Studio,Black,,100,,,,,,999,999,999,30,,,,699,699,699,Base Beds > Horizontal > Studio,beds,Studio,true,Visible,Lifetime on mechanism,"The Studio Wall Bed combines modern minimalist design with practical space-saving functionality. Its clean open-frame construction folds neatly against the wall without the need for a traditional cabinet, making it ideal for apartments, studios, guest rooms and home offices. A gas-assisted lifting mechanism ensures smooth operation, while compatibility with standard mattresses up to approximately 30 cm thick allows you to choose the comfort level that suits you best.",/product-images/MORPHY-Bed-Vertical-Classic-200x200-6.webp,/product-images/MORPHY-Bed-Vertical-Classic-200x200-2-mattress.webp,"[""/product-images/MORPHY-Bed-Vertical-Classic-200x200-6.webp"",""/product-images/MORPHY-Bed-Vertical-Classic-200x200-2-mattress.webp"",""/product-images/morphy-integrated/160x200-4.jpg"",""/product-images/morphy-integrated/160x200-6.jpg"",""/product-images/morphy-integrated/160x200-8.jpg""]",Small Single Horizontal Studio Bed 190x76 Black,Small Single Horizontal Studio Bed 190x76,"The Studio Wall Bed combines modern minimalist design with practical space-saving functionality. Its clean open-frame construction folds neatly against the wall without the need for a traditional cabinet, making it ideal for apartments, studios, guest rooms and home offices. A gas-assisted lifting mechanism ensures smooth operation, while compatibility with standard mattresses up to approximately 30 cm thick allows you to choose the comfort level that suits you best.",false,2026-08-25 08:58:00.022502+00,2026-08-25 08:58:00.022502+00
35,STH90x190,5096057576928,,,,,,,,Single Horizontal Studio Bed,single-horizontal-studio-bed-190x90,1900,900,,2010,1050,410,1210,204,510,300,Horizontal,Studio,Black,55,100,,150 x 45 x 15,105 x 45 x 10,,,1099,1099,1099,30,,,,769,769,769,Base Beds > Horizontal > Studio,beds,Studio,true,Visible,Lifetime on mechanism,"The Studio Wall Bed combines modern minimalist design with practical space-saving functionality. Its clean open-frame construction folds neatly against the wall without the need for a traditional cabinet, making it ideal for apartments, studios, guest rooms and home offices. A gas-assisted lifting mechanism ensures smooth operation, while compatibility with standard mattresses up to approximately 30 cm thick allows you to choose the comfort level that suits you best.",/product-images/MORPHY-Bed-Vertical-Classic-200x200-6.webp,/product-images/MORPHY-Bed-Vertical-Classic-200x200-2-mattress.webp,"[""/product-images/MORPHY-Bed-Vertical-Classic-200x200-6.webp"",""/product-images/MORPHY-Bed-Vertical-Classic-200x200-2-mattress.webp"",""/product-images/morphy-integrated/160x200-4.jpg"",""/product-images/morphy-integrated/160x200-6.jpg"",""/product-images/morphy-integrated/160x200-8.jpg""]",Single Horizontal Studio Bed 190x90 Black,Single Horizontal Studio Bed 190x90,"The Studio Wall Bed combines modern minimalist design with practical space-saving functionality. Its clean open-frame construction folds neatly against the wall without the need for a traditional cabinet, making it ideal for apartments, studios, guest rooms and home offices. A gas-assisted lifting mechanism ensures smooth operation, while compatibility with standard mattresses up to approximately 30 cm thick allows you to choose the comfort level that suits you best.",false,2026-08-25 08:58:00.022502+00,2026-08-25 08:58:00.022502+00
36,STH90x200,5072509899264,,,,,,,,European Single Horizontal Studio Bed,european-single-horizontal-studio-bed-200x90,2000,900,,2120,1050,410,1210,204,510,300,Horizontal,Studio,Black,55,100,,150 x 45 x 15,105 x 45 x 10,,,1149,1149,1149,30,,,,804,804,804,Base Beds > Horizontal > Studio,beds,Studio,true,Visible,Lifetime on mechanism,"The Studio Wall Bed combines modern minimalist design with practical space-saving functionality. Its clean open-frame construction folds neatly against the wall without the need for a traditional cabinet, making it ideal for apartments, studios, guest rooms and home offices. A gas-assisted lifting mechanism ensures smooth operation, while compatibility with standard mattresses up to approximately 30 cm thick allows you to choose the comfort level that suits you best.",/product-images/MORPHY-Bed-Vertical-Classic-200x200-6.webp,/product-images/MORPHY-Bed-Vertical-Classic-200x200-2-mattress.webp,"[""/product-images/MORPHY-Bed-Vertical-Classic-200x200-6.webp"",""/product-images/MORPHY-Bed-Vertical-Classic-200x200-2-mattress.webp"",""/product-images/morphy-integrated/160x200-4.jpg"",""/product-images/morphy-integrated/160x200-6.jpg"",""/product-images/morphy-integrated/160x200-8.jpg""]",European Single Horizontal Studio Bed 200x90 Black,European Single Horizontal Studio Bed 200x90,"The Studio Wall Bed combines modern minimalist design with practical space-saving functionality. Its clean open-frame construction folds neatly against the wall without the need for a traditional cabinet, making it ideal for apartments, studios, guest rooms and home offices. A gas-assisted lifting mechanism ensures smooth operation, while compatibility with standard mattresses up to approximately 30 cm thick allows you to choose the comfort level that suits you best.",false,2026-08-25 08:58:00.022502+00,2026-08-25 08:58:00.022502+00
37,STH120x190,5099679525333,,,,,,,,Small Double Horizontal Studio Bed,small-double-horizontal-studio-bed-190x120,1900,1200,,2010,1350,410,1510,204,510,300,Horizontal,Studio,Black,63,100,,130 x 45 x 15,120 x 45 x 10,,,1199,1199,1199,30,,,,839,839,839,Base Beds > Horizontal > Studio,beds,Studio,true,Visible,Lifetime on mechanism,"The Studio Wall Bed combines modern minimalist design with practical space-saving functionality. Its clean open-frame construction folds neatly against the wall without the need for a traditional cabinet, making it ideal for apartments, studios, guest rooms and home offices. A gas-assisted lifting mechanism ensures smooth operation, while compatibility with standard mattresses up to approximately 30 cm thick allows you to choose the comfort level that suits you best.",/product-images/MORPHY-Bed-Vertical-Classic-200x200-6.webp,/product-images/MORPHY-Bed-Vertical-Classic-200x200-2-mattress.webp,"[""/product-images/MORPHY-Bed-Vertical-Classic-200x200-6.webp"",""/product-images/MORPHY-Bed-Vertical-Classic-200x200-2-mattress.webp"",""/product-images/morphy-integrated/160x200-4.jpg"",""/product-images/morphy-integrated/160x200-6.jpg"",""/product-images/morphy-integrated/160x200-8.jpg""]",Small Double Horizontal Studio Bed 190x120 Black,Small Double Horizontal Studio Bed 190x120,"The Studio Wall Bed combines modern minimalist design with practical space-saving functionality. Its clean open-frame construction folds neatly against the wall without the need for a traditional cabinet, making it ideal for apartments, studios, guest rooms and home offices. A gas-assisted lifting mechanism ensures smooth operation, while compatibility with standard mattresses up to approximately 30 cm thick allows you to choose the comfort level that suits you best.",false,2026-08-25 08:58:00.022502+00,2026-08-25 08:58:00.022502+00
38,STH120x200,5085210498450,,,,,,,,European Small Double Horizontal Studio Bed,european-small-double-horizontal-studio-bed-200x120,2000,1200,,2110,1350,410,1510,204,510,300,Horizontal,Studio,Black,63,100,,130 x 45 x 15,120 x 45 x 10,,,1249,1249,1249,30,,,,874,874,874,Base Beds > Horizontal > Studio,beds,Studio,true,Visible,Lifetime on mechanism,"The Studio Wall Bed combines modern minimalist design with practical space-saving functionality. Its clean open-frame construction folds neatly against the wall without the need for a traditional cabinet, making it ideal for apartments, studios, guest rooms and home offices. A gas-assisted lifting mechanism ensures smooth operation, while compatibility with standard mattresses up to approximately 30 cm thick allows you to choose the comfort level that suits you best.",/product-images/MORPHY-Bed-Vertical-Classic-200x200-6.webp,/product-images/MORPHY-Bed-Vertical-Classic-200x200-2-mattress.webp,"[""/product-images/MORPHY-Bed-Vertical-Classic-200x200-6.webp"",""/product-images/MORPHY-Bed-Vertical-Classic-200x200-2-mattress.webp"",""/product-images/morphy-integrated/160x200-4.jpg"",""/product-images/morphy-integrated/160x200-6.jpg"",""/product-images/morphy-integrated/160x200-8.jpg""]",European Small Double Horizontal Studio Bed 200x120 Black,European Small Double Horizontal Studio Bed 200x120,"The Studio Wall Bed combines modern minimalist design with practical space-saving functionality. Its clean open-frame construction folds neatly against the wall without the need for a traditional cabinet, making it ideal for apartments, studios, guest rooms and home offices. A gas-assisted lifting mechanism ensures smooth operation, while compatibility with standard mattresses up to approximately 30 cm thick allows you to choose the comfort level that suits you best.",false,2026-08-25 08:58:00.022502+00,2026-08-25 08:58:00.022502+00
39,STH135x190,5052758044232,,,,,,,,Double Horizontal Studio Bed,double-horizontal-studio-bed-190x135,1900,1350,,2010,1510,410,1670,204,510,300,Horizontal,Studio,Black,68,100,,150 x 45 x 15,130 x 12 x 9,140 x 45 x 10,,1299,1299,1299,30,,,,909,909,909,Base Beds > Horizontal > Studio,beds,Studio,true,Visible,Lifetime on mechanism,"The Studio Wall Bed combines modern minimalist design with practical space-saving functionality. Its clean open-frame construction folds neatly against the wall without the need for a traditional cabinet, making it ideal for apartments, studios, guest rooms and home offices. A gas-assisted lifting mechanism ensures smooth operation, while compatibility with standard mattresses up to approximately 30 cm thick allows you to choose the comfort level that suits you best.",/product-images/MORPHY-Bed-Vertical-Classic-200x200-6.webp,/product-images/MORPHY-Bed-Vertical-Classic-200x200-2-mattress.webp,"[""/product-images/MORPHY-Bed-Vertical-Classic-200x200-6.webp"",""/product-images/MORPHY-Bed-Vertical-Classic-200x200-2-mattress.webp"",""/product-images/morphy-integrated/160x200-4.jpg"",""/product-images/morphy-integrated/160x200-6.jpg"",""/product-images/morphy-integrated/160x200-8.jpg""]",Double Horizontal Studio Bed 190x135 Black,Double Horizontal Studio Bed 190x135,"The Studio Wall Bed combines modern minimalist design with practical space-saving functionality. Its clean open-frame construction folds neatly against the wall without the need for a traditional cabinet, making it ideal for apartments, studios, guest rooms and home offices. A gas-assisted lifting mechanism ensures smooth operation, while compatibility with standard mattresses up to approximately 30 cm thick allows you to choose the comfort level that suits you best.",false,2026-08-25 08:58:00.022502+00,2026-08-25 08:58:00.022502+00
40,STH140x190,5092958384728,,,,,,,,European Double Horizontal Studio Bed,european-double-horizontal-studio-bed-190x140,1900,1400,,2010,1560,410,1720,204,510,300,Horizontal,Studio,Black,68,100,,150 x 45 x 15,135 x 12 x 9,140 x 45 x 10,,1299,1299,1299,30,,,,909,909,909,Base Beds > Horizontal > Studio,beds,Studio,true,Visible,Lifetime on mechanism,"The Studio Wall Bed combines modern minimalist design with practical space-saving functionality. Its clean open-frame construction folds neatly against the wall without the need for a traditional cabinet, making it ideal for apartments, studios, guest rooms and home offices. A gas-assisted lifting mechanism ensures smooth operation, while compatibility with standard mattresses up to approximately 30 cm thick allows you to choose the comfort level that suits you best.",/product-images/MORPHY-Bed-Vertical-Classic-200x200-6.webp,/product-images/MORPHY-Bed-Vertical-Classic-200x200-2-mattress.webp,"[""/product-images/MORPHY-Bed-Vertical-Classic-200x200-6.webp"",""/product-images/MORPHY-Bed-Vertical-Classic-200x200-2-mattress.webp"",""/product-images/morphy-integrated/160x200-4.jpg"",""/product-images/morphy-integrated/160x200-6.jpg"",""/product-images/morphy-integrated/160x200-8.jpg""]",European Double Horizontal Studio Bed 190x140 Black,European Double Horizontal Studio Bed 190x140,"The Studio Wall Bed combines modern minimalist design with practical space-saving functionality. Its clean open-frame construction folds neatly against the wall without the need for a traditional cabinet, making it ideal for apartments, studios, guest rooms and home offices. A gas-assisted lifting mechanism ensures smooth operation, while compatibility with standard mattresses up to approximately 30 cm thick allows you to choose the comfort level that suits you best.",false,2026-08-25 08:58:00.022502+00,2026-08-25 08:58:00.022502+00
41,STH140x200,5026982347082,,,,,,,,European Double Long Horizontal Studio Bed,european-double-long-horizontal-studio-bed-200x140,2000,1400,,2120,1560,410,1720,204,510,300,Horizontal,Studio,Black,68,100,,150 x 45 x 15,135 x 12 x 9,140 x 45 x 10,,1399,1399,1399,30,,,,979,979,979,Base Beds > Horizontal > Studio,beds,Studio,true,Visible,Lifetime on mechanism,"The Studio Wall Bed combines modern minimalist design with practical space-saving functionality. Its clean open-frame construction folds neatly against the wall without the need for a traditional cabinet, making it ideal for apartments, studios, guest rooms and home offices. A gas-assisted lifting mechanism ensures smooth operation, while compatibility with standard mattresses up to approximately 30 cm thick allows you to choose the comfort level that suits you best.",/product-images/MORPHY-Bed-Vertical-Classic-200x200-6.webp,/product-images/MORPHY-Bed-Vertical-Classic-200x200-2-mattress.webp,"[""/product-images/MORPHY-Bed-Vertical-Classic-200x200-6.webp"",""/product-images/MORPHY-Bed-Vertical-Classic-200x200-2-mattress.webp"",""/product-images/morphy-integrated/160x200-4.jpg"",""/product-images/morphy-integrated/160x200-6.jpg"",""/product-images/morphy-integrated/160x200-8.jpg""]",European Double Long Horizontal Studio Bed 200x140 Black,European Double Long Horizontal Studio Bed 200x140,"The Studio Wall Bed combines modern minimalist design with practical space-saving functionality. Its clean open-frame construction folds neatly against the wall without the need for a traditional cabinet, making it ideal for apartments, studios, guest rooms and home offices. A gas-assisted lifting mechanism ensures smooth operation, while compatibility with standard mattresses up to approximately 30 cm thick allows you to choose the comfort level that suits you best.",false,2026-08-25 08:58:00.022502+00,2026-08-25 08:58:00.022502+00
42,STH150x200,5086224659117,,,,,,,,King Horizontal Studio Bed,king-horizontal-studio-bed-200x150,2000,1500,,2120,1650,410,1810,204,510,300,Horizontal,Studio,Black,73,100,,160 x 45 x 15,145 x 12 x 9,170 x 45 x 10,,1399,1399,1399,30,,,,979,979,979,Base Beds > Horizontal > Studio,beds,Studio,true,Visible,Lifetime on mechanism,"The Studio Wall Bed combines modern minimalist design with practical space-saving functionality. Its clean open-frame construction folds neatly against the wall without the need for a traditional cabinet, making it ideal for apartments, studios, guest rooms and home offices. A gas-assisted lifting mechanism ensures smooth operation, while compatibility with standard mattresses up to approximately 30 cm thick allows you to choose the comfort level that suits you best.",/product-images/MORPHY-Bed-Vertical-Classic-200x200-6.webp,/product-images/MORPHY-Bed-Vertical-Classic-200x200-2-mattress.webp,"[""/product-images/MORPHY-Bed-Vertical-Classic-200x200-6.webp"",""/product-images/MORPHY-Bed-Vertical-Classic-200x200-2-mattress.webp"",""/product-images/morphy-integrated/160x200-4.jpg"",""/product-images/morphy-integrated/160x200-6.jpg"",""/product-images/morphy-integrated/160x200-8.jpg""]",King Horizontal Studio Bed 200x150 Black,King Horizontal Studio Bed 200x150,"The Studio Wall Bed combines modern minimalist design with practical space-saving functionality. Its clean open-frame construction folds neatly against the wall without the need for a traditional cabinet, making it ideal for apartments, studios, guest rooms and home offices. A gas-assisted lifting mechanism ensures smooth operation, while compatibility with standard mattresses up to approximately 30 cm thick allows you to choose the comfort level that suits you best.",false,2026-08-25 08:58:00.022502+00,2026-08-25 08:58:00.022502+00
43,STH160x200,5092082864246,,,,,,,,European King Horizontal Studio Bed,european-king-horizontal-studio-bed-200x160,2000,1600,,2120,1750,410,1910,204,510,300,Horizontal,Studio,Black,73,100,,174 x 48 x 15,145 x 13 x 9,170 x 49 x 12,,1499,1499,1499,30,,,,1049,1049,1049,Base Beds > Horizontal > Studio,beds,Studio,true,Visible,Lifetime on mechanism,"The Studio Wall Bed combines modern minimalist design with practical space-saving functionality. Its clean open-frame construction folds neatly against the wall without the need for a traditional cabinet, making it ideal for apartments, studios, guest rooms and home offices. A gas-assisted lifting mechanism ensures smooth operation, while compatibility with standard mattresses up to approximately 30 cm thick allows you to choose the comfort level that suits you best.",/product-images/MORPHY-Bed-Vertical-Classic-200x200-6.webp,/product-images/MORPHY-Bed-Vertical-Classic-200x200-2-mattress.webp,"[""/product-images/MORPHY-Bed-Vertical-Classic-200x200-6.webp"",""/product-images/MORPHY-Bed-Vertical-Classic-200x200-2-mattress.webp"",""/product-images/morphy-integrated/160x200-4.jpg"",""/product-images/morphy-integrated/160x200-6.jpg"",""/product-images/morphy-integrated/160x200-8.jpg""]",European King Horizontal Studio Bed 200x160 Black,European King Horizontal Studio Bed 200x160,"The Studio Wall Bed combines modern minimalist design with practical space-saving functionality. Its clean open-frame construction folds neatly against the wall without the need for a traditional cabinet, making it ideal for apartments, studios, guest rooms and home offices. A gas-assisted lifting mechanism ensures smooth operation, while compatibility with standard mattresses up to approximately 30 cm thick allows you to choose the comfort level that suits you best.",false,2026-08-25 08:58:00.022502+00,2026-08-25 08:58:00.022502+00
44,STH180x200,5000978000807,,,,,,,,Super King Horizontal Studio Bed,super-king-horizontal-studio-bed-200x180,2000,1800,,2120,1950,410,2010,204,510,300,Horizontal,Studio,Black,,100,,,,,,1599,1599,1599,30,,,,1119,1119,1119,Base Beds > Horizontal > Studio,beds,Studio,true,Visible,Lifetime on mechanism,"The Studio Wall Bed combines modern minimalist design with practical space-saving functionality. Its clean open-frame construction folds neatly against the wall without the need for a traditional cabinet, making it ideal for apartments, studios, guest rooms and home offices. A gas-assisted lifting mechanism ensures smooth operation, while compatibility with standard mattresses up to approximately 30 cm thick allows you to choose the comfort level that suits you best.",/product-images/MORPHY-Bed-Vertical-Classic-200x200-6.webp,/product-images/MORPHY-Bed-Vertical-Classic-200x200-2-mattress.webp,"[""/product-images/MORPHY-Bed-Vertical-Classic-200x200-6.webp"",""/product-images/MORPHY-Bed-Vertical-Classic-200x200-2-mattress.webp"",""/product-images/morphy-integrated/160x200-4.jpg"",""/product-images/morphy-integrated/160x200-6.jpg"",""/product-images/morphy-integrated/160x200-8.jpg""]",Super King Horizontal Studio Bed 200x180 Black,Super King Horizontal Studio Bed 200x180,"The Studio Wall Bed combines modern minimalist design with practical space-saving functionality. Its clean open-frame construction folds neatly against the wall without the need for a traditional cabinet, making it ideal for apartments, studios, guest rooms and home offices. A gas-assisted lifting mechanism ensures smooth operation, while compatibility with standard mattresses up to approximately 30 cm thick allows you to choose the comfort level that suits you best.",false,2026-08-25 08:58:00.022502+00,2026-08-25 08:58:00.022502+00
45,44476190,5057042874105,5061099649636,5061099648479,5061099647311,5061099647892,5061099646734,5061099649056,5061118251208,Small Single Vertical Classic MORPHY™ Bed,small-single-vertical-classic-morphy-bed-76x190,760,1900,,860,1935,400,2050,204,510,300,Vertical,Classic,Black,,100,,,,,,749,749,749,,,,,,,,MORPHY™ Beds > Vertical > Classic,beds,Classic,true,Visible,Lifetime,"The Morphy Wall Bed is a flexible modular sleeping system designed to adapt to changing spaces and needs. Its versatile frame can be configured in different sizes and orientations, while the space-saving fold-away design and gas-assisted mechanism make it practical for everyday use. The modular construction also allows the system to be reconfigured or expanded over time, making it an ideal long-term solution for modern multifunctional homes.",/product-images/MORPHY-Bed-Vertical-Classic-200x200-6.webp,/product-images/MORPHY-Bed-Vertical-Classic-200x200-2-mattress.webp,"[""/product-images/MORPHY-Bed-Vertical-Classic-200x200-6.webp"",""/product-images/MORPHY-Bed-Vertical-Classic-200x200-2-mattress.webp"",""/product-images/morphy-integrated/160x200-4.jpg"",""/product-images/morphy-integrated/160x200-6.jpg"",""/product-images/morphy-integrated/160x200-8.jpg""]",Small Single Vertical Classic MORPHY™ Bed 76x190 Black,Small Single Vertical Classic MORPHY™ Bed 76x190,"The Morphy Wall Bed is a flexible modular sleeping system designed to adapt to changing spaces and needs. Its versatile frame can be configured in different sizes and orientations, while the space-saving fold-away design and gas-assisted mechanism make it practical for everyday use. The modular construction also allows the system to be reconfigured or expanded over time, making it an ideal long-term solution for modern multifunctional homes.",false,2026-08-25 08:58:00.022502+00,2026-08-25 08:58:00.022502+00
46,44480190,5088890872232,5061099649643,5061099648486,5061099647328,5061099647908,5061099646741,5061099649063,5061118251222,Small Single XL Vertical Classic MORPHY™ Bed,small-single-xl-vertical-classic-morphy-bed-80x190,800,1900,,900,1935,400,2050,204,510,300,Vertical,Classic,Black,,100,,,,,,749,749,749,,,,,,,,MORPHY™ Beds > Vertical > Classic,beds,Classic,true,Visible,Lifetime,"The Morphy Wall Bed is a flexible modular sleeping system designed to adapt to changing spaces and needs. Its versatile frame can be configured in different sizes and orientations, while the space-saving fold-away design and gas-assisted mechanism make it practical for everyday use. The modular construction also allows the system to be reconfigured or expanded over time, making it an ideal long-term solution for modern multifunctional homes.",/product-images/MORPHY-Bed-Vertical-Classic-200x200-6.webp,/product-images/MORPHY-Bed-Vertical-Classic-200x200-2-mattress.webp,"[""/product-images/MORPHY-Bed-Vertical-Classic-200x200-6.webp"",""/product-images/MORPHY-Bed-Vertical-Classic-200x200-2-mattress.webp"",""/product-images/morphy-integrated/160x200-4.jpg"",""/product-images/morphy-integrated/160x200-6.jpg"",""/product-images/morphy-integrated/160x200-8.jpg""]",Small Single XL Vertical Classic MORPHY™ Bed 80x190 Black,Small Single XL Vertical Classic MORPHY™ Bed 80x190,"The Morphy Wall Bed is a flexible modular sleeping system designed to adapt to changing spaces and needs. Its versatile frame can be configured in different sizes and orientations, while the space-saving fold-away design and gas-assisted mechanism make it practical for everyday use. The modular construction also allows the system to be reconfigured or expanded over time, making it an ideal long-term solution for modern multifunctional homes.",false,2026-08-25 08:58:00.022502+00,2026-08-25 08:58:00.022502+00
47,44480200,5096802828596,5061099649650,5061099648493,5061099647335,5061099647915,5061099646758,5061099649070,5061118251246,Small Single XL Long Vertical Classic MORPHY™ Bed,small-single-xl-long-vertical-classic-morphy-bed-80x200,800,2000,,900,2035,400,2150,204,510,300,Vertical,Classic,Black,34.5,100,,57x50x26,146x21x16,,,749,749,749,,,,,,,,MORPHY™ Beds > Vertical > Classic,beds,Classic,true,Visible,Lifetime,"The Morphy Wall Bed is a flexible modular sleeping system designed to adapt to changing spaces and needs. Its versatile frame can be configured in different sizes and orientations, while the space-saving fold-away design and gas-assisted mechanism make it practical for everyday use. The modular construction also allows the system to be reconfigured or expanded over time, making it an ideal long-term solution for modern multifunctional homes.",/product-images/MORPHY-Bed-Vertical-Classic-200x200-6.webp,/product-images/MORPHY-Bed-Vertical-Classic-200x200-2-mattress.webp,"[""/product-images/MORPHY-Bed-Vertical-Classic-200x200-6.webp"",""/product-images/MORPHY-Bed-Vertical-Classic-200x200-2-mattress.webp"",""/product-images/morphy-integrated/160x200-4.jpg"",""/product-images/morphy-integrated/160x200-6.jpg"",""/product-images/morphy-integrated/160x200-8.jpg""]",Small Single XL Long Vertical Classic MORPHY™ Bed 80x200 Black,Small Single XL Long Vertical Classic MORPHY™ Bed 80x200,"The Morphy Wall Bed is a flexible modular sleeping system designed to adapt to changing spaces and needs. Its versatile frame can be configured in different sizes and orientations, while the space-saving fold-away design and gas-assisted mechanism make it practical for everyday use. The modular construction also allows the system to be reconfigured or expanded over time, making it an ideal long-term solution for modern multifunctional homes.",false,2026-08-25 08:58:00.022502+00,2026-08-25 08:58:00.022502+00
48,44490190,5034986985897,5061099649667,5061099648509,5061099647342,5061099647922,5061099646765,5061099649087,5061118251260,Single Vertical Classic MORPHY™ Bed,single-vertical-classic-morphy-bed-90x190,900,1900,,1000,1935,400,2050,204,510,300,Vertical,Classic,Black,,100,,,,,,749,749,749,,,,,,,,MORPHY™ Beds > Vertical > Classic,beds,Classic,true,Visible,Lifetime,"The Morphy Wall Bed is a flexible modular sleeping system designed to adapt to changing spaces and needs. Its versatile frame can be configured in different sizes and orientations, while the space-saving fold-away design and gas-assisted mechanism make it practical for everyday use. The modular construction also allows the system to be reconfigured or expanded over time, making it an ideal long-term solution for modern multifunctional homes.",/product-images/MORPHY-Bed-Vertical-Classic-200x200-6.webp,/product-images/MORPHY-Bed-Vertical-Classic-200x200-2-mattress.webp,"[""/product-images/MORPHY-Bed-Vertical-Classic-200x200-6.webp"",""/product-images/MORPHY-Bed-Vertical-Classic-200x200-2-mattress.webp"",""/product-images/morphy-integrated/160x200-4.jpg"",""/product-images/morphy-integrated/160x200-6.jpg"",""/product-images/morphy-integrated/160x200-8.jpg""]",Single Vertical Classic MORPHY™ Bed 90x190 Black,Single Vertical Classic MORPHY™ Bed 90x190,"The Morphy Wall Bed is a flexible modular sleeping system designed to adapt to changing spaces and needs. Its versatile frame can be configured in different sizes and orientations, while the space-saving fold-away design and gas-assisted mechanism make it practical for everyday use. The modular construction also allows the system to be reconfigured or expanded over time, making it an ideal long-term solution for modern multifunctional homes.",false,2026-08-25 08:58:00.022502+00,2026-08-25 08:58:00.022502+00
49,44490200,5094291044973,5061099649674,5061099648516,5061099647359,5061099647939,5061099646772,5061099649094,5061118251284,European Single Vertical Classic MORPHY™ Bed,european-single-vertical-classic-morphy-bed-90x200,900,2000,,1000,2035,400,2150,204,510,300,Vertical,Classic,Black,32,100,,55x50x25,155x25x15,,,749,749,749,,,,,,,,MORPHY™ Beds > Vertical > Classic,beds,Classic,true,Visible,Lifetime,"The Morphy Wall Bed is a flexible modular sleeping system designed to adapt to changing spaces and needs. Its versatile frame can be configured in different sizes and orientations, while the space-saving fold-away design and gas-assisted mechanism make it practical for everyday use. The modular construction also allows the system to be reconfigured or expanded over time, making it an ideal long-term solution for modern multifunctional homes.",/product-images/MORPHY-Bed-Vertical-Classic-200x200-6.webp,/product-images/MORPHY-Bed-Vertical-Classic-200x200-2-mattress.webp,"[""/product-images/MORPHY-Bed-Vertical-Classic-200x200-6.webp"",""/product-images/MORPHY-Bed-Vertical-Classic-200x200-2-mattress.webp"",""/product-images/morphy-integrated/160x200-4.jpg"",""/product-images/morphy-integrated/160x200-6.jpg"",""/product-images/morphy-integrated/160x200-8.jpg""]",European Single Vertical Classic MORPHY™ Bed 90x200 Black,European Single Vertical Classic MORPHY™ Bed 90x200,"The Morphy Wall Bed is a flexible modular sleeping system designed to adapt to changing spaces and needs. Its versatile frame can be configured in different sizes and orientations, while the space-saving fold-away design and gas-assisted mechanism make it practical for everyday use. The modular construction also allows the system to be reconfigured or expanded over time, making it an ideal long-term solution for modern multifunctional homes.",false,2026-08-25 08:58:00.022502+00,2026-08-25 08:58:00.022502+00
50,44496190,5079345325927,,5061099648523,5061099647366,5061099647946,5061099646789,5061099649100,,European Single XL Vertical Classic MORPHY™ Bed,european-single-xl-vertical-classic-morphy-bed-96x190,960,1900,,1060,1935,400,2050,204,510,300,Vertical,Classic,Black,34,100,,55x44x24,140x20x15,,,799,799,799,,,,,,,,MORPHY™ Beds > Vertical > Classic,beds,Classic,true,Visible,Lifetime,"The Morphy Wall Bed is a flexible modular sleeping system designed to adapt to changing spaces and needs. Its versatile frame can be configured in different sizes and orientations, while the space-saving fold-away design and gas-assisted mechanism make it practical for everyday use. The modular construction also allows the system to be reconfigured or expanded over time, making it an ideal long-term solution for modern multifunctional homes.",/product-images/MORPHY-Bed-Vertical-Classic-200x200-6.webp,/product-images/MORPHY-Bed-Vertical-Classic-200x200-2-mattress.webp,"[""/product-images/MORPHY-Bed-Vertical-Classic-200x200-6.webp"",""/product-images/MORPHY-Bed-Vertical-Classic-200x200-2-mattress.webp"",""/product-images/morphy-integrated/160x200-4.jpg"",""/product-images/morphy-integrated/160x200-6.jpg"",""/product-images/morphy-integrated/160x200-8.jpg""]",European Single XL Vertical Classic MORPHY™ Bed 96x190 Black,European Single XL Vertical Classic MORPHY™ Bed 96x190,"The Morphy Wall Bed is a flexible modular sleeping system designed to adapt to changing spaces and needs. Its versatile frame can be configured in different sizes and orientations, while the space-saving fold-away design and gas-assisted mechanism make it practical for everyday use. The modular construction also allows the system to be reconfigured or expanded over time, making it an ideal long-term solution for modern multifunctional homes.",false,2026-08-25 08:58:00.022502+00,2026-08-25 08:58:00.022502+00
51,44496200,5027504847137,,5061099648530,5061099647373,5061099647953,5061099646796,5061099649117,,European Single XL Long Vertical Classic MORPHY™ Bed,european-single-xl-long-vertical-classic-morphy-bed-96x200,960,2000,,1060,2035,400,2150,204,510,300,Vertical,Classic,Black,,100,,,,,,799,799,799,,,,,,,,MORPHY™ Beds > Vertical > Classic,beds,Classic,true,Visible,Lifetime,"The Morphy Wall Bed is a flexible modular sleeping system designed to adapt to changing spaces and needs. Its versatile frame can be configured in different sizes and orientations, while the space-saving fold-away design and gas-assisted mechanism make it practical for everyday use. The modular construction also allows the system to be reconfigured or expanded over time, making it an ideal long-term solution for modern multifunctional homes.",/product-images/MORPHY-Bed-Vertical-Classic-200x200-6.webp,/product-images/MORPHY-Bed-Vertical-Classic-200x200-2-mattress.webp,"[""/product-images/MORPHY-Bed-Vertical-Classic-200x200-6.webp"",""/product-images/MORPHY-Bed-Vertical-Classic-200x200-2-mattress.webp"",""/product-images/morphy-integrated/160x200-4.jpg"",""/product-images/morphy-integrated/160x200-6.jpg"",""/product-images/morphy-integrated/160x200-8.jpg""]",European Single XL Long Vertical Classic MORPHY™ Bed 96x200 Black,European Single XL Long Vertical Classic MORPHY™ Bed 96x200,"The Morphy Wall Bed is a flexible modular sleeping system designed to adapt to changing spaces and needs. Its versatile frame can be configured in different sizes and orientations, while the space-saving fold-away design and gas-assisted mechanism make it practical for everyday use. The modular construction also allows the system to be reconfigured or expanded over time, making it an ideal long-term solution for modern multifunctional homes.",false,2026-08-25 08:58:00.317551+00,2026-08-25 08:58:00.317551+00
52,444100190,5007706935046,5061099649681,5061099648547,5061099647380,5061099647960,5061099646802,5061099649124,5061118251307,Single XL Vertical Classic MORPHY™ Bed,single-xl-vertical-classic-morphy-bed-100x190,1000,1900,,1100,1935,400,2050,204,510,300,Vertical,Classic,Black,,100,,,,,,799,799,799,,,,,,,,MORPHY™ Beds > Vertical > Classic,beds,Classic,true,Visible,Lifetime,"The Morphy Wall Bed is a flexible modular sleeping system designed to adapt to changing spaces and needs. Its versatile frame can be configured in different sizes and orientations, while the space-saving fold-away design and gas-assisted mechanism make it practical for everyday use. The modular construction also allows the system to be reconfigured or expanded over time, making it an ideal long-term solution for modern multifunctional homes.",/product-images/MORPHY-Bed-Vertical-Classic-200x200-6.webp,/product-images/MORPHY-Bed-Vertical-Classic-200x200-2-mattress.webp,"[""/product-images/MORPHY-Bed-Vertical-Classic-200x200-6.webp"",""/product-images/MORPHY-Bed-Vertical-Classic-200x200-2-mattress.webp"",""/product-images/morphy-integrated/160x200-4.jpg"",""/product-images/morphy-integrated/160x200-6.jpg"",""/product-images/morphy-integrated/160x200-8.jpg""]",Single XL Vertical Classic MORPHY™ Bed 100x190 Black,Single XL Vertical Classic MORPHY™ Bed 100x190,"The Morphy Wall Bed is a flexible modular sleeping system designed to adapt to changing spaces and needs. Its versatile frame can be configured in different sizes and orientations, while the space-saving fold-away design and gas-assisted mechanism make it practical for everyday use. The modular construction also allows the system to be reconfigured or expanded over time, making it an ideal long-term solution for modern multifunctional homes.",false,2026-08-25 08:58:00.317551+00,2026-08-25 08:58:00.317551+00
53,444100200,5066907490241,5061099649698,5061099648554,5061099647397,5061099647977,5061099646819,5061099649131,5061118251321,Single XL Long Vertical Classic MORPHY™ Bed,single-xl-long-vertical-classic-morphy-bed-100x200,1000,2000,,1100,2035,400,2150,204,510,300,Vertical,Classic,Black,45,100,,105x49x18,150x22x20,,,799,799,799,,,,,,,,MORPHY™ Beds > Vertical > Classic,beds,Classic,true,Visible,Lifetime,"The Morphy Wall Bed is a flexible modular sleeping system designed to adapt to changing spaces and needs. Its versatile frame can be configured in different sizes and orientations, while the space-saving fold-away design and gas-assisted mechanism make it practical for everyday use. The modular construction also allows the system to be reconfigured or expanded over time, making it an ideal long-term solution for modern multifunctional homes.",/product-images/MORPHY-Bed-Vertical-Classic-200x200-6.webp,/product-images/MORPHY-Bed-Vertical-Classic-200x200-2-mattress.webp,"[""/product-images/MORPHY-Bed-Vertical-Classic-200x200-6.webp"",""/product-images/MORPHY-Bed-Vertical-Classic-200x200-2-mattress.webp"",""/product-images/morphy-integrated/160x200-4.jpg"",""/product-images/morphy-integrated/160x200-6.jpg"",""/product-images/morphy-integrated/160x200-8.jpg""]",Single XL Long Vertical Classic MORPHY™ Bed 100x200 Black,Single XL Long Vertical Classic MORPHY™ Bed 100x200,"The Morphy Wall Bed is a flexible modular sleeping system designed to adapt to changing spaces and needs. Its versatile frame can be configured in different sizes and orientations, while the space-saving fold-away design and gas-assisted mechanism make it practical for everyday use. The modular construction also allows the system to be reconfigured or expanded over time, making it an ideal long-term solution for modern multifunctional homes.",false,2026-08-25 08:58:00.317551+00,2026-08-25 08:58:00.317551+00
54,444120190,5093003394175,5061099649704,5061099648561,5061099647403,5061099647984,5061099646826,5061099649148,5061118251345,Small Double Vertical Classic MORPHY™ Bed,small-double-vertical-classic-morphy-bed-120x190,1200,1900,,1300,1935,400,2050,204,510,300,Vertical,Classic,Black,37,100,,130x15x20,103cmx50x16,,,849,849,849,,,,,,,,MORPHY™ Beds > Vertical > Classic,beds,Classic,true,Visible,Lifetime,"The Morphy Wall Bed is a flexible modular sleeping system designed to adapt to changing spaces and needs. Its versatile frame can be configured in different sizes and orientations, while the space-saving fold-away design and gas-assisted mechanism make it practical for everyday use. The modular construction also allows the system to be reconfigured or expanded over time, making it an ideal long-term solution for modern multifunctional homes.",/product-images/MORPHY-Bed-Vertical-Classic-200x200-6.webp,/product-images/MORPHY-Bed-Vertical-Classic-200x200-2-mattress.webp,"[""/product-images/MORPHY-Bed-Vertical-Classic-200x200-6.webp"",""/product-images/MORPHY-Bed-Vertical-Classic-200x200-2-mattress.webp"",""/product-images/morphy-integrated/160x200-4.jpg"",""/product-images/morphy-integrated/160x200-6.jpg"",""/product-images/morphy-integrated/160x200-8.jpg""]",Small Double Vertical Classic MORPHY™ Bed 120x190 Black,Small Double Vertical Classic MORPHY™ Bed 120x190,"The Morphy Wall Bed is a flexible modular sleeping system designed to adapt to changing spaces and needs. Its versatile frame can be configured in different sizes and orientations, while the space-saving fold-away design and gas-assisted mechanism make it practical for everyday use. The modular construction also allows the system to be reconfigured or expanded over time, making it an ideal long-term solution for modern multifunctional homes.",false,2026-08-25 08:58:00.317551+00,2026-08-25 08:58:00.317551+00
55,444120200,5013445622576,5061099649711,5061099648578,5061099647410,5061099647991,5061099646833,5061099649155,5061118251369,European Small Double Vertical Classic MORPHY™ Bed,european-small-double-vertical-classic-morphy-bed-120x200,1200,2000,,1300,2035,400,2150,204,510,300,Vertical,Classic,Black,,100,,,,,,849,849,849,,,,,,,,MORPHY™ Beds > Vertical > Classic,beds,Classic,true,Visible,Lifetime,"The Morphy Wall Bed is a flexible modular sleeping system designed to adapt to changing spaces and needs. Its versatile frame can be configured in different sizes and orientations, while the space-saving fold-away design and gas-assisted mechanism make it practical for everyday use. The modular construction also allows the system to be reconfigured or expanded over time, making it an ideal long-term solution for modern multifunctional homes.",/product-images/MORPHY-Bed-Vertical-Classic-200x200-6.webp,/product-images/MORPHY-Bed-Vertical-Classic-200x200-2-mattress.webp,"[""/product-images/MORPHY-Bed-Vertical-Classic-200x200-6.webp"",""/product-images/MORPHY-Bed-Vertical-Classic-200x200-2-mattress.webp"",""/product-images/morphy-integrated/160x200-4.jpg"",""/product-images/morphy-integrated/160x200-6.jpg"",""/product-images/morphy-integrated/160x200-8.jpg""]",European Small Double Vertical Classic MORPHY™ Bed 120x200 Black,European Small Double Vertical Classic MORPHY™ Bed 120x200,"The Morphy Wall Bed is a flexible modular sleeping system designed to adapt to changing spaces and needs. Its versatile frame can be configured in different sizes and orientations, while the space-saving fold-away design and gas-assisted mechanism make it practical for everyday use. The modular construction also allows the system to be reconfigured or expanded over time, making it an ideal long-term solution for modern multifunctional homes.",false,2026-08-25 08:58:00.317551+00,2026-08-25 08:58:00.317551+00
56,444135190,5099944007892,5061099649728,5061099648585,5061099647427,5061099648004,5061099646840,5061099649162,5061118251383,Double Vertical Classic MORPHY™ Bed,double-vertical-classic-morphy-bed-135x190,1350,1900,,1450,1935,400,2050,204,510,300,Vertical,Classic,Black,45,100,,105x50x18,144x17x20,,,899,899,899,,,,,,,,MORPHY™ Beds > Vertical > Classic,beds,Classic,true,Visible,Lifetime,"The Morphy Wall Bed is a flexible modular sleeping system designed to adapt to changing spaces and needs. Its versatile frame can be configured in different sizes and orientations, while the space-saving fold-away design and gas-assisted mechanism make it practical for everyday use. The modular construction also allows the system to be reconfigured or expanded over time, making it an ideal long-term solution for modern multifunctional homes.",/product-images/MORPHY-Bed-Vertical-Classic-200x200-6.webp,/product-images/MORPHY-Bed-Vertical-Classic-200x200-2-mattress.webp,"[""/product-images/MORPHY-Bed-Vertical-Classic-200x200-6.webp"",""/product-images/MORPHY-Bed-Vertical-Classic-200x200-2-mattress.webp"",""/product-images/morphy-integrated/160x200-4.jpg"",""/product-images/morphy-integrated/160x200-6.jpg"",""/product-images/morphy-integrated/160x200-8.jpg""]",Double Vertical Classic MORPHY™ Bed 135x190 Black,Double Vertical Classic MORPHY™ Bed 135x190,"The Morphy Wall Bed is a flexible modular sleeping system designed to adapt to changing spaces and needs. Its versatile frame can be configured in different sizes and orientations, while the space-saving fold-away design and gas-assisted mechanism make it practical for everyday use. The modular construction also allows the system to be reconfigured or expanded over time, making it an ideal long-term solution for modern multifunctional homes.",false,2026-08-25 08:58:00.317551+00,2026-08-25 08:58:00.317551+00
57,444140190,5072439879472,5061099649735,5061099648592,5061099647434,5061099648011,5061099646857,5061099649179,5061118251406,European Double Vertical Classic MORPHY™ Bed,european-double-vertical-classic-morphy-bed-140x190,1400,1900,,1500,1935,400,2050,204,510,300,Vertical,Classic,Black,39,100,,140x15x20,103x50x16,,,899,899,899,,,,,,,,MORPHY™ Beds > Vertical > Classic,beds,Classic,true,Visible,Lifetime,"The Morphy Wall Bed is a flexible modular sleeping system designed to adapt to changing spaces and needs. Its versatile frame can be configured in different sizes and orientations, while the space-saving fold-away design and gas-assisted mechanism make it practical for everyday use. The modular construction also allows the system to be reconfigured or expanded over time, making it an ideal long-term solution for modern multifunctional homes.",/product-images/MORPHY-Bed-Vertical-Classic-200x200-6.webp,/product-images/MORPHY-Bed-Vertical-Classic-200x200-2-mattress.webp,"[""/product-images/MORPHY-Bed-Vertical-Classic-200x200-6.webp"",""/product-images/MORPHY-Bed-Vertical-Classic-200x200-2-mattress.webp"",""/product-images/morphy-integrated/160x200-4.jpg"",""/product-images/morphy-integrated/160x200-6.jpg"",""/product-images/morphy-integrated/160x200-8.jpg""]",European Double Vertical Classic MORPHY™ Bed 140x190 Black,European Double Vertical Classic MORPHY™ Bed 140x190,"The Morphy Wall Bed is a flexible modular sleeping system designed to adapt to changing spaces and needs. Its versatile frame can be configured in different sizes and orientations, while the space-saving fold-away design and gas-assisted mechanism make it practical for everyday use. The modular construction also allows the system to be reconfigured or expanded over time, making it an ideal long-term solution for modern multifunctional homes.",false,2026-08-25 08:58:00.317551+00,2026-08-25 08:58:00.317551+00
58,444140200,5050928917246,5061099649742,5061099648608,5061099647441,5061099648028,5061099646864,5061099649186,5061118251420,European Double Long Vertical Classic MORPHY™ Bed,european-double-long-vertical-classic-morphy-bed-140x200,1400,2000,,1500,2035,400,2150,204,510,300,Vertical,Classic,Black,39,100,,140x15x20,103x50x16,,,949,949,949,,,,,,,,MORPHY™ Beds > Vertical > Classic,beds,Classic,true,Visible,Lifetime,"The Morphy Wall Bed is a flexible modular sleeping system designed to adapt to changing spaces and needs. Its versatile frame can be configured in different sizes and orientations, while the space-saving fold-away design and gas-assisted mechanism make it practical for everyday use. The modular construction also allows the system to be reconfigured or expanded over time, making it an ideal long-term solution for modern multifunctional homes.",/product-images/MORPHY-Bed-Vertical-Classic-200x200-6.webp,/product-images/MORPHY-Bed-Vertical-Classic-200x200-2-mattress.webp,"[""/product-images/MORPHY-Bed-Vertical-Classic-200x200-6.webp"",""/product-images/MORPHY-Bed-Vertical-Classic-200x200-2-mattress.webp"",""/product-images/morphy-integrated/160x200-4.jpg"",""/product-images/morphy-integrated/160x200-6.jpg"",""/product-images/morphy-integrated/160x200-8.jpg""]",European Double Long Vertical Classic MORPHY™ Bed 140x200 Black,European Double Long Vertical Classic MORPHY™ Bed 140x200,"The Morphy Wall Bed is a flexible modular sleeping system designed to adapt to changing spaces and needs. Its versatile frame can be configured in different sizes and orientations, while the space-saving fold-away design and gas-assisted mechanism make it practical for everyday use. The modular construction also allows the system to be reconfigured or expanded over time, making it an ideal long-term solution for modern multifunctional homes.",false,2026-08-25 08:58:00.317551+00,2026-08-25 08:58:00.317551+00
59,444150200,5095430262885,5061099649759,5061099648615,5061099647458,5061099648035,5061099646871,5061099649193,5061118251444,King Vertical Classic MORPHY™ Bed,king-vertical-classic-morphy-bed-150x200,1500,2000,,1600,2035,400,2150,204,510,300,Vertical,Classic,Black,48,100,,103x50x17,158x20x16,,,999,999,999,,,,,,,,MORPHY™ Beds > Vertical > Classic,beds,Classic,true,Visible,Lifetime,"The Morphy Wall Bed is a flexible modular sleeping system designed to adapt to changing spaces and needs. Its versatile frame can be configured in different sizes and orientations, while the space-saving fold-away design and gas-assisted mechanism make it practical for everyday use. The modular construction also allows the system to be reconfigured or expanded over time, making it an ideal long-term solution for modern multifunctional homes.",/product-images/MORPHY-Bed-Vertical-Classic-200x200-6.webp,/product-images/MORPHY-Bed-Vertical-Classic-200x200-2-mattress.webp,"[""/product-images/MORPHY-Bed-Vertical-Classic-200x200-6.webp"",""/product-images/MORPHY-Bed-Vertical-Classic-200x200-2-mattress.webp"",""/product-images/morphy-integrated/160x200-4.jpg"",""/product-images/morphy-integrated/160x200-6.jpg"",""/product-images/morphy-integrated/160x200-8.jpg""]",King Vertical Classic MORPHY™ Bed 150x200 Black,King Vertical Classic MORPHY™ Bed 150x200,"The Morphy Wall Bed is a flexible modular sleeping system designed to adapt to changing spaces and needs. Its versatile frame can be configured in different sizes and orientations, while the space-saving fold-away design and gas-assisted mechanism make it practical for everyday use. The modular construction also allows the system to be reconfigured or expanded over time, making it an ideal long-term solution for modern multifunctional homes.",false,2026-08-25 08:58:00.317551+00,2026-08-25 08:58:00.317551+00
60,444160200,5000826346657,5061099649766,5061099648622,5061099647465,5061099648042,5061099646888,5061099649209,5061118251468,European King Vertical Classic MORPHY™ Bed,european-king-vertical-classic-morphy-bed-160x200,1600,2000,,1700,2035,400,2150,204,510,300,Vertical,Classic,Black,,100,,,,,,999,999,999,,,,,,,,MORPHY™ Beds > Vertical > Classic,beds,Classic,true,Visible,Lifetime,"The Morphy Wall Bed is a flexible modular sleeping system designed to adapt to changing spaces and needs. Its versatile frame can be configured in different sizes and orientations, while the space-saving fold-away design and gas-assisted mechanism make it practical for everyday use. The modular construction also allows the system to be reconfigured or expanded over time, making it an ideal long-term solution for modern multifunctional homes.",/product-images/MORPHY-Bed-Vertical-Classic-200x200-6.webp,/product-images/MORPHY-Bed-Vertical-Classic-200x200-2-mattress.webp,"[""/product-images/MORPHY-Bed-Vertical-Classic-200x200-6.webp"",""/product-images/MORPHY-Bed-Vertical-Classic-200x200-2-mattress.webp"",""/product-images/morphy-integrated/160x200-4.jpg"",""/product-images/morphy-integrated/160x200-6.jpg"",""/product-images/morphy-integrated/160x200-8.jpg""]",European King Vertical Classic MORPHY™ Bed 160x200 Black,European King Vertical Classic MORPHY™ Bed 160x200,"The Morphy Wall Bed is a flexible modular sleeping system designed to adapt to changing spaces and needs. Its versatile frame can be configured in different sizes and orientations, while the space-saving fold-away design and gas-assisted mechanism make it practical for everyday use. The modular construction also allows the system to be reconfigured or expanded over time, making it an ideal long-term solution for modern multifunctional homes.",false,2026-08-25 08:58:00.317551+00,2026-08-25 08:58:00.317551+00
61,444180200,5029303189344,5061099649773,5061099648639,5061099647472,5061099648059,5061099646895,5061099649216,5061118251482,Super King Vertical Classic MORPHY™ Bed,super-king-vertical-classic-morphy-bed-180x200,1800,2000,,1800,2035,400,2150,204,510,300,Vertical,Classic,Black,54,100,,55x47x24,46x46x11,103x50x16,,1199,1199,1199,,,,,,,,MORPHY™ Beds > Vertical > Classic,beds,Classic,true,Visible,Lifetime,"The Morphy Wall Bed is a flexible modular sleeping system designed to adapt to changing spaces and needs. Its versatile frame can be configured in different sizes and orientations, while the space-saving fold-away design and gas-assisted mechanism make it practical for everyday use. The modular construction also allows the system to be reconfigured or expanded over time, making it an ideal long-term solution for modern multifunctional homes.",/product-images/MORPHY-Bed-Vertical-Classic-200x200-6.webp,/product-images/MORPHY-Bed-Vertical-Classic-200x200-2-mattress.webp,"[""/product-images/MORPHY-Bed-Vertical-Classic-200x200-6.webp"",""/product-images/MORPHY-Bed-Vertical-Classic-200x200-2-mattress.webp"",""/product-images/morphy-integrated/160x200-4.jpg"",""/product-images/morphy-integrated/160x200-6.jpg"",""/product-images/morphy-integrated/160x200-8.jpg""]",Super King Vertical Classic MORPHY™ Bed 180x200 Black,Super King Vertical Classic MORPHY™ Bed 180x200,"The Morphy Wall Bed is a flexible modular sleeping system designed to adapt to changing spaces and needs. Its versatile frame can be configured in different sizes and orientations, while the space-saving fold-away design and gas-assisted mechanism make it practical for everyday use. The modular construction also allows the system to be reconfigured or expanded over time, making it an ideal long-term solution for modern multifunctional homes.",false,2026-08-25 08:58:00.317551+00,2026-08-25 08:58:00.317551+00
62,444192200,5076755472394,,5061099648646,5061099647489,5061099648066,5061099646901,5061099649223,,Super King XL Vertical Classic MORPHY™ Bed,super-king-xl-vertical-classic-morphy-bed-192x200,1920,2000,,2020,2035,400,2150,204,510,300,Vertical,Classic,Black,67,100,,105x50x18,143x18x17,98x18x17,47x45x12,1249,1249,1249,,,,,,,,MORPHY™ Beds > Vertical > Classic,beds,Classic,true,Visible,Lifetime,"The Morphy Wall Bed is a flexible modular sleeping system designed to adapt to changing spaces and needs. Its versatile frame can be configured in different sizes and orientations, while the space-saving fold-away design and gas-assisted mechanism make it practical for everyday use. The modular construction also allows the system to be reconfigured or expanded over time, making it an ideal long-term solution for modern multifunctional homes.",/product-images/MORPHY-Bed-Vertical-Classic-200x200-6.webp,/product-images/MORPHY-Bed-Vertical-Classic-200x200-2-mattress.webp,"[""/product-images/MORPHY-Bed-Vertical-Classic-200x200-6.webp"",""/product-images/MORPHY-Bed-Vertical-Classic-200x200-2-mattress.webp"",""/product-images/morphy-integrated/160x200-4.jpg"",""/product-images/morphy-integrated/160x200-6.jpg"",""/product-images/morphy-integrated/160x200-8.jpg""]",Super King XL Vertical Classic MORPHY™ Bed 192x200 Black,Super King XL Vertical Classic MORPHY™ Bed 192x200,"The Morphy Wall Bed is a flexible modular sleeping system designed to adapt to changing spaces and needs. Its versatile frame can be configured in different sizes and orientations, while the space-saving fold-away design and gas-assisted mechanism make it practical for everyday use. The modular construction also allows the system to be reconfigured or expanded over time, making it an ideal long-term solution for modern multifunctional homes.",false,2026-08-25 08:58:00.317551+00,2026-08-25 08:58:00.317551+00
63,444333200200,5039786248854,5061118252441,,,,,,,Super King XXL Vertical Classic MORPHY™ Bed,super-king-xxl-vertical-classic-morphy-bed-200x200,2000,2000,,2120,2035,400,2150,204,510,300,Vertical,Classic,Black,,100,,,,,,1299,1299,1299,,,,,,,,MORPHY™ Beds > Vertical > Classic,beds,Classic,true,Visible,Lifetime,"The Morphy Wall Bed is a flexible modular sleeping system designed to adapt to changing spaces and needs. Its versatile frame can be configured in different sizes and orientations, while the space-saving fold-away design and gas-assisted mechanism make it practical for everyday use. The modular construction also allows the system to be reconfigured or expanded over time, making it an ideal long-term solution for modern multifunctional homes.",/product-images/MORPHY-Bed-Vertical-Classic-200x200-6.webp,/product-images/MORPHY-Bed-Vertical-Classic-200x200-2-mattress.webp,"[""/product-images/MORPHY-Bed-Vertical-Classic-200x200-6.webp"",""/product-images/MORPHY-Bed-Vertical-Classic-200x200-2-mattress.webp"",""/product-images/morphy-integrated/160x200-4.jpg"",""/product-images/morphy-integrated/160x200-6.jpg"",""/product-images/morphy-integrated/160x200-8.jpg""]",Super King XXL Vertical Classic MORPHY™ Bed 200x200 Black,Super King XXL Vertical Classic MORPHY™ Bed 200x200,"The Morphy Wall Bed is a flexible modular sleeping system designed to adapt to changing spaces and needs. Its versatile frame can be configured in different sizes and orientations, while the space-saving fold-away design and gas-assisted mechanism make it practical for everyday use. The modular construction also allows the system to be reconfigured or expanded over time, making it an ideal long-term solution for modern multifunctional homes.",false,2026-08-25 08:58:00.317551+00,2026-08-25 08:58:00.317551+00
64,44419076,5017205882208,5061099649780,5061099648653,5061099647496,5061099648073,5061099646918,5061099649230,5061118251215,Small Single Horizontal Classic MORPHY™ Bed,small-single-horizontal-classic-morphy-bed-190x76,1900,760,,2000,795,400,910,204,510,300,Horizontal,Classic,Black,,100,,,,,,749,749,749,,,,,,,,MORPHY™ Beds > Horizontal > Classic,beds,Classic,true,Visible,Lifetime,"The Morphy Wall Bed is a flexible modular sleeping system designed to adapt to changing spaces and needs. Its versatile frame can be configured in different sizes and orientations, while the space-saving fold-away design and gas-assisted mechanism make it practical for everyday use. The modular construction also allows the system to be reconfigured or expanded over time, making it an ideal long-term solution for modern multifunctional homes.",/product-images/MORPHY-Bed-Vertical-Classic-200x200-6.webp,/product-images/MORPHY-Bed-Vertical-Classic-200x200-2-mattress.webp,"[""/product-images/MORPHY-Bed-Vertical-Classic-200x200-6.webp"",""/product-images/MORPHY-Bed-Vertical-Classic-200x200-2-mattress.webp"",""/product-images/morphy-integrated/160x200-4.jpg"",""/product-images/morphy-integrated/160x200-6.jpg"",""/product-images/morphy-integrated/160x200-8.jpg""]",Small Single Horizontal Classic MORPHY™ Bed 190x76 Black,Small Single Horizontal Classic MORPHY™ Bed 190x76,"The Morphy Wall Bed is a flexible modular sleeping system designed to adapt to changing spaces and needs. Its versatile frame can be configured in different sizes and orientations, while the space-saving fold-away design and gas-assisted mechanism make it practical for everyday use. The modular construction also allows the system to be reconfigured or expanded over time, making it an ideal long-term solution for modern multifunctional homes.",false,2026-08-25 08:58:00.317551+00,2026-08-25 08:58:00.317551+00
65,44419080,5051329972607,5061099649797,5061099648660,5061099647502,5061099648080,5061099646925,5061099649247,5061118251239,Small Single XL Horizontal Classic MORPHY™ Bed,small-single-xl-horizontal-classic-morphy-bed-190x80,1900,800,,2000,835,400,950,204,510,300,Horizontal,Classic,Black,,100,,,,,,749,749,749,,,,,,,,MORPHY™ Beds > Horizontal > Classic,beds,Classic,true,Visible,Lifetime,"The Morphy Wall Bed is a flexible modular sleeping system designed to adapt to changing spaces and needs. Its versatile frame can be configured in different sizes and orientations, while the space-saving fold-away design and gas-assisted mechanism make it practical for everyday use. The modular construction also allows the system to be reconfigured or expanded over time, making it an ideal long-term solution for modern multifunctional homes.",/product-images/MORPHY-Bed-Vertical-Classic-200x200-6.webp,/product-images/MORPHY-Bed-Vertical-Classic-200x200-2-mattress.webp,"[""/product-images/MORPHY-Bed-Vertical-Classic-200x200-6.webp"",""/product-images/MORPHY-Bed-Vertical-Classic-200x200-2-mattress.webp"",""/product-images/morphy-integrated/160x200-4.jpg"",""/product-images/morphy-integrated/160x200-6.jpg"",""/product-images/morphy-integrated/160x200-8.jpg""]",Small Single XL Horizontal Classic MORPHY™ Bed 190x80 Black,Small Single XL Horizontal Classic MORPHY™ Bed 190x80,"The Morphy Wall Bed is a flexible modular sleeping system designed to adapt to changing spaces and needs. Its versatile frame can be configured in different sizes and orientations, while the space-saving fold-away design and gas-assisted mechanism make it practical for everyday use. The modular construction also allows the system to be reconfigured or expanded over time, making it an ideal long-term solution for modern multifunctional homes.",false,2026-08-25 08:58:00.317551+00,2026-08-25 08:58:00.317551+00
66,44420080,5041916640992,5061099649803,5061099648677,5061099647519,5061099648097,5061099646932,5061099649254,5061118251253,Small Single XL Long Horizontal Classic MORPHY™ Bed,small-single-xl-long-horizontal-classic-morphy-bed-200x80,2000,800,,2100,835,400,950,204,510,300,Horizontal,Classic,Black,34.5,100,,57x50x26,146x21x16,,,749,749,749,,,,,,,,MORPHY™ Beds > Horizontal > Classic,beds,Classic,true,Visible,Lifetime,"The Morphy Wall Bed is a flexible modular sleeping system designed to adapt to changing spaces and needs. Its versatile frame can be configured in different sizes and orientations, while the space-saving fold-away design and gas-assisted mechanism make it practical for everyday use. The modular construction also allows the system to be reconfigured or expanded over time, making it an ideal long-term solution for modern multifunctional homes.",/product-images/MORPHY-Bed-Vertical-Classic-200x200-6.webp,/product-images/MORPHY-Bed-Vertical-Classic-200x200-2-mattress.webp,"[""/product-images/MORPHY-Bed-Vertical-Classic-200x200-6.webp"",""/product-images/MORPHY-Bed-Vertical-Classic-200x200-2-mattress.webp"",""/product-images/morphy-integrated/160x200-4.jpg"",""/product-images/morphy-integrated/160x200-6.jpg"",""/product-images/morphy-integrated/160x200-8.jpg""]",Small Single XL Long Horizontal Classic MORPHY™ Bed 200x80 Black,Small Single XL Long Horizontal Classic MORPHY™ Bed 200x80,"The Morphy Wall Bed is a flexible modular sleeping system designed to adapt to changing spaces and needs. Its versatile frame can be configured in different sizes and orientations, while the space-saving fold-away design and gas-assisted mechanism make it practical for everyday use. The modular construction also allows the system to be reconfigured or expanded over time, making it an ideal long-term solution for modern multifunctional homes.",false,2026-08-25 08:58:00.317551+00,2026-08-25 08:58:00.317551+00
67,44419090,5095725883341,5061099649810,5061099648684,5061099647526,5061099648103,5061099646949,5061099649261,5061118251277,Single Horizontal Classic MORPHY™ Bed,single-horizontal-classic-morphy-bed-190x90,1900,900,,2000,935,400,1050,204,510,300,Horizontal,Classic,Black,,100,,,,,,749,749,749,,,,,,,,MORPHY™ Beds > Horizontal > Classic,beds,Classic,true,Visible,Lifetime,"The Morphy Wall Bed is a flexible modular sleeping system designed to adapt to changing spaces and needs. Its versatile frame can be configured in different sizes and orientations, while the space-saving fold-away design and gas-assisted mechanism make it practical for everyday use. The modular construction also allows the system to be reconfigured or expanded over time, making it an ideal long-term solution for modern multifunctional homes.",/product-images/MORPHY-Bed-Vertical-Classic-200x200-6.webp,/product-images/MORPHY-Bed-Vertical-Classic-200x200-2-mattress.webp,"[""/product-images/MORPHY-Bed-Vertical-Classic-200x200-6.webp"",""/product-images/MORPHY-Bed-Vertical-Classic-200x200-2-mattress.webp"",""/product-images/morphy-integrated/160x200-4.jpg"",""/product-images/morphy-integrated/160x200-6.jpg"",""/product-images/morphy-integrated/160x200-8.jpg""]",Single Horizontal Classic MORPHY™ Bed 190x90 Black,Single Horizontal Classic MORPHY™ Bed 190x90,"The Morphy Wall Bed is a flexible modular sleeping system designed to adapt to changing spaces and needs. Its versatile frame can be configured in different sizes and orientations, while the space-saving fold-away design and gas-assisted mechanism make it practical for everyday use. The modular construction also allows the system to be reconfigured or expanded over time, making it an ideal long-term solution for modern multifunctional homes.",false,2026-08-25 08:58:00.317551+00,2026-08-25 08:58:00.317551+00
68,44420090,5013311542889,5061099649827,5061099648691,5061099647533,5061099648110,5061099646956,5061099649278,5061118251291,European Single Horizontal Classic MORPHY™ Bed,european-single-horizontal-classic-morphy-bed-200x90,2000,900,,2100,935,400,1050,204,510,300,Horizontal,Classic,Black,32,100,,55x50x25,155x25x15,,,749,749,749,,,,,,,,MORPHY™ Beds > Horizontal > Classic,beds,Classic,true,Visible,Lifetime,"The Morphy Wall Bed is a flexible modular sleeping system designed to adapt to changing spaces and needs. Its versatile frame can be configured in different sizes and orientations, while the space-saving fold-away design and gas-assisted mechanism make it practical for everyday use. The modular construction also allows the system to be reconfigured or expanded over time, making it an ideal long-term solution for modern multifunctional homes.",/product-images/MORPHY-Bed-Vertical-Classic-200x200-6.webp,/product-images/MORPHY-Bed-Vertical-Classic-200x200-2-mattress.webp,"[""/product-images/MORPHY-Bed-Vertical-Classic-200x200-6.webp"",""/product-images/MORPHY-Bed-Vertical-Classic-200x200-2-mattress.webp"",""/product-images/morphy-integrated/160x200-4.jpg"",""/product-images/morphy-integrated/160x200-6.jpg"",""/product-images/morphy-integrated/160x200-8.jpg""]",European Single Horizontal Classic MORPHY™ Bed 200x90 Black,European Single Horizontal Classic MORPHY™ Bed 200x90,"The Morphy Wall Bed is a flexible modular sleeping system designed to adapt to changing spaces and needs. Its versatile frame can be configured in different sizes and orientations, while the space-saving fold-away design and gas-assisted mechanism make it practical for everyday use. The modular construction also allows the system to be reconfigured or expanded over time, making it an ideal long-term solution for modern multifunctional homes.",false,2026-08-25 08:58:00.317551+00,2026-08-25 08:58:00.317551+00
69,44419096,5042321943610,,5061099648707,5061099647540,5061099648127,5061099646963,5061099649285,,European Single XL Horizontal Classic MORPHY™ Bed,european-single-xl-horizontal-classic-morphy-bed-190x96,1900,960,,2000,995,400,1110,204,510,300,Horizontal,Classic,Black,34,100,,55x44x24,140x20x15,,,799,799,799,,,,,,,,MORPHY™ Beds > Horizontal > Classic,beds,Classic,true,Visible,Lifetime,"The Morphy Wall Bed is a flexible modular sleeping system designed to adapt to changing spaces and needs. Its versatile frame can be configured in different sizes and orientations, while the space-saving fold-away design and gas-assisted mechanism make it practical for everyday use. The modular construction also allows the system to be reconfigured or expanded over time, making it an ideal long-term solution for modern multifunctional homes.",/product-images/MORPHY-Bed-Vertical-Classic-200x200-6.webp,/product-images/MORPHY-Bed-Vertical-Classic-200x200-2-mattress.webp,"[""/product-images/MORPHY-Bed-Vertical-Classic-200x200-6.webp"",""/product-images/MORPHY-Bed-Vertical-Classic-200x200-2-mattress.webp"",""/product-images/morphy-integrated/160x200-4.jpg"",""/product-images/morphy-integrated/160x200-6.jpg"",""/product-images/morphy-integrated/160x200-8.jpg""]",European Single XL Horizontal Classic MORPHY™ Bed 190x96 Black,European Single XL Horizontal Classic MORPHY™ Bed 190x96,"The Morphy Wall Bed is a flexible modular sleeping system designed to adapt to changing spaces and needs. Its versatile frame can be configured in different sizes and orientations, while the space-saving fold-away design and gas-assisted mechanism make it practical for everyday use. The modular construction also allows the system to be reconfigured or expanded over time, making it an ideal long-term solution for modern multifunctional homes.",false,2026-08-25 08:58:00.317551+00,2026-08-25 08:58:00.317551+00
70,44420096,5014383568957,,5061099648714,5061099647557,5061099648134,5061099646970,5061099649292,,European Single XL Long Horizontal Classic MORPHY™ Bed,european-single-xl-long-horizontal-classic-morphy-bed-200x96,2000,960,,2100,995,400,1110,204,510,300,Horizontal,Classic,Black,,100,,,,,,799,799,799,,,,,,,,MORPHY™ Beds > Horizontal > Classic,beds,Classic,true,Visible,Lifetime,"The Morphy Wall Bed is a flexible modular sleeping system designed to adapt to changing spaces and needs. Its versatile frame can be configured in different sizes and orientations, while the space-saving fold-away design and gas-assisted mechanism make it practical for everyday use. The modular construction also allows the system to be reconfigured or expanded over time, making it an ideal long-term solution for modern multifunctional homes.",/product-images/MORPHY-Bed-Vertical-Classic-200x200-6.webp,/product-images/MORPHY-Bed-Vertical-Classic-200x200-2-mattress.webp,"[""/product-images/MORPHY-Bed-Vertical-Classic-200x200-6.webp"",""/product-images/MORPHY-Bed-Vertical-Classic-200x200-2-mattress.webp"",""/product-images/morphy-integrated/160x200-4.jpg"",""/product-images/morphy-integrated/160x200-6.jpg"",""/product-images/morphy-integrated/160x200-8.jpg""]",European Single XL Long Horizontal Classic MORPHY™ Bed 200x96 Black,European Single XL Long Horizontal Classic MORPHY™ Bed 200x9,"The Morphy Wall Bed is a flexible modular sleeping system designed to adapt to changing spaces and needs. Its versatile frame can be configured in different sizes and orientations, while the space-saving fold-away design and gas-assisted mechanism make it practical for everyday use. The modular construction also allows the system to be reconfigured or expanded over time, making it an ideal long-term solution for modern multifunctional homes.",false,2026-08-25 08:58:00.317551+00,2026-08-25 08:58:00.317551+00
71,444190100,5099737932982,5061099649834,5061099648721,5061099647564,5061099648141,5061099646987,5061099649308,5061118251314,Single XL Horizontal Classic MORPHY™ Bed,single-xl-horizontal-classic-morphy-bed-190x100,1900,1000,,2000,1035,400,1150,204,510,300,Horizontal,Classic,Black,,100,,,,,,799,799,799,,,,,,,,MORPHY™ Beds > Horizontal > Classic,beds,Classic,true,Visible,Lifetime,"The Morphy Wall Bed is a flexible modular sleeping system designed to adapt to changing spaces and needs. Its versatile frame can be configured in different sizes and orientations, while the space-saving fold-away design and gas-assisted mechanism make it practical for everyday use. The modular construction also allows the system to be reconfigured or expanded over time, making it an ideal long-term solution for modern multifunctional homes.",/product-images/MORPHY-Bed-Vertical-Classic-200x200-6.webp,/product-images/MORPHY-Bed-Vertical-Classic-200x200-2-mattress.webp,"[""/product-images/MORPHY-Bed-Vertical-Classic-200x200-6.webp"",""/product-images/MORPHY-Bed-Vertical-Classic-200x200-2-mattress.webp"",""/product-images/morphy-integrated/160x200-4.jpg"",""/product-images/morphy-integrated/160x200-6.jpg"",""/product-images/morphy-integrated/160x200-8.jpg""]",Single XL Horizontal Classic MORPHY™ Bed 190x100 Black,Single XL Horizontal Classic MORPHY™ Bed 190x100,"The Morphy Wall Bed is a flexible modular sleeping system designed to adapt to changing spaces and needs. Its versatile frame can be configured in different sizes and orientations, while the space-saving fold-away design and gas-assisted mechanism make it practical for everyday use. The modular construction also allows the system to be reconfigured or expanded over time, making it an ideal long-term solution for modern multifunctional homes.",false,2026-08-25 08:58:00.317551+00,2026-08-25 08:58:00.317551+00
72,444200100,5083244812070,5061099649841,5061099648738,5061099647571,5061099648158,5061099646994,5061099649315,5061118251338,Single XL Long Horizontal Classic MORPHY™ Bed,single-xl-long-horizontal-classic-morphy-bed-200x100,2000,1000,,2100,1035,400,1150,204,510,300,Horizontal,Classic,Black,45,100,,105x49x18,150x22x20,,,799,799,799,,,,,,,,MORPHY™ Beds > Horizontal > Classic,beds,Classic,true,Visible,Lifetime,"The Morphy Wall Bed is a flexible modular sleeping system designed to adapt to changing spaces and needs. Its versatile frame can be configured in different sizes and orientations, while the space-saving fold-away design and gas-assisted mechanism make it practical for everyday use. The modular construction also allows the system to be reconfigured or expanded over time, making it an ideal long-term solution for modern multifunctional homes.",/product-images/MORPHY-Bed-Vertical-Classic-200x200-6.webp,/product-images/MORPHY-Bed-Vertical-Classic-200x200-2-mattress.webp,"[""/product-images/MORPHY-Bed-Vertical-Classic-200x200-6.webp"",""/product-images/MORPHY-Bed-Vertical-Classic-200x200-2-mattress.webp"",""/product-images/morphy-integrated/160x200-4.jpg"",""/product-images/morphy-integrated/160x200-6.jpg"",""/product-images/morphy-integrated/160x200-8.jpg""]",Single XL Long Horizontal Classic MORPHY™ Bed 200x100 Black,Single XL Long Horizontal Classic MORPHY™ Bed 200x100,"The Morphy Wall Bed is a flexible modular sleeping system designed to adapt to changing spaces and needs. Its versatile frame can be configured in different sizes and orientations, while the space-saving fold-away design and gas-assisted mechanism make it practical for everyday use. The modular construction also allows the system to be reconfigured or expanded over time, making it an ideal long-term solution for modern multifunctional homes.",false,2026-08-25 08:58:00.317551+00,2026-08-25 08:58:00.317551+00
73,444190120,5015464343561,5061099649858,5061099648745,5061099647588,5061099648165,5061099647007,5061099649322,5061118251352,Small Double Horizontal Classic MORPHY™ Bed,small-double-horizontal-classic-morphy-bed-190x120,1900,1200,,2000,1235,400,1350,204,510,300,Horizontal,Classic,Black,37,100,,130x15x20,103cmx50x16,,,849,849,849,,,,,,,,MORPHY™ Beds > Horizontal > Classic,beds,Classic,true,Visible,Lifetime,"The Morphy Wall Bed is a flexible modular sleeping system designed to adapt to changing spaces and needs. Its versatile frame can be configured in different sizes and orientations, while the space-saving fold-away design and gas-assisted mechanism make it practical for everyday use. The modular construction also allows the system to be reconfigured or expanded over time, making it an ideal long-term solution for modern multifunctional homes.",/product-images/MORPHY-Bed-Vertical-Classic-200x200-6.webp,/product-images/MORPHY-Bed-Vertical-Classic-200x200-2-mattress.webp,"[""/product-images/MORPHY-Bed-Vertical-Classic-200x200-6.webp"",""/product-images/MORPHY-Bed-Vertical-Classic-200x200-2-mattress.webp"",""/product-images/morphy-integrated/160x200-4.jpg"",""/product-images/morphy-integrated/160x200-6.jpg"",""/product-images/morphy-integrated/160x200-8.jpg""]",Small Double Horizontal Classic MORPHY™ Bed 190x120 Black,Small Double Horizontal Classic MORPHY™ Bed 190x120,"The Morphy Wall Bed is a flexible modular sleeping system designed to adapt to changing spaces and needs. Its versatile frame can be configured in different sizes and orientations, while the space-saving fold-away design and gas-assisted mechanism make it practical for everyday use. The modular construction also allows the system to be reconfigured or expanded over time, making it an ideal long-term solution for modern multifunctional homes.",false,2026-08-25 08:58:00.317551+00,2026-08-25 08:58:00.317551+00
74,444200120,5066674652201,5061099649865,5061099648752,5061099647595,5061099648172,5061099647014,5061099649339,5061118251376,European Small Double Horizontal Classic MORPHY™ Bed,european-small-double-horizontal-classic-morphy-bed-200x120,2000,1200,,2100,1235,400,1350,204,510,300,Horizontal,Classic,Black,,100,,,,,,849,849,849,,,,,,,,MORPHY™ Beds > Horizontal > Classic,beds,Classic,true,Visible,Lifetime,"The Morphy Wall Bed is a flexible modular sleeping system designed to adapt to changing spaces and needs. Its versatile frame can be configured in different sizes and orientations, while the space-saving fold-away design and gas-assisted mechanism make it practical for everyday use. The modular construction also allows the system to be reconfigured or expanded over time, making it an ideal long-term solution for modern multifunctional homes.",/product-images/MORPHY-Bed-Vertical-Classic-200x200-6.webp,/product-images/MORPHY-Bed-Vertical-Classic-200x200-2-mattress.webp,"[""/product-images/MORPHY-Bed-Vertical-Classic-200x200-6.webp"",""/product-images/MORPHY-Bed-Vertical-Classic-200x200-2-mattress.webp"",""/product-images/morphy-integrated/160x200-4.jpg"",""/product-images/morphy-integrated/160x200-6.jpg"",""/product-images/morphy-integrated/160x200-8.jpg""]",European Small Double Horizontal Classic MORPHY™ Bed 200x120 Black,European Small Double Horizontal Classic MORPHY™ Bed 200x120,"The Morphy Wall Bed is a flexible modular sleeping system designed to adapt to changing spaces and needs. Its versatile frame can be configured in different sizes and orientations, while the space-saving fold-away design and gas-assisted mechanism make it practical for everyday use. The modular construction also allows the system to be reconfigured or expanded over time, making it an ideal long-term solution for modern multifunctional homes.",false,2026-08-25 08:58:00.317551+00,2026-08-25 08:58:00.317551+00
75,444190135,5040121899165,5061099649872,5061099648769,5061099647601,5061099648189,5061099647021,5061099649346,5061118251390,Double Horizontal Classic MORPHY™ Bed,double-horizontal-classic-morphy-bed-190x135,1900,1350,,2000,1385,400,1500,204,510,300,Horizontal,Classic,Black,45,100,,105x50x18,144x17x20,,,899,899,899,,,,,,,,MORPHY™ Beds > Horizontal > Classic,beds,Classic,true,Visible,Lifetime,"The Morphy Wall Bed is a flexible modular sleeping system designed to adapt to changing spaces and needs. Its versatile frame can be configured in different sizes and orientations, while the space-saving fold-away design and gas-assisted mechanism make it practical for everyday use. The modular construction also allows the system to be reconfigured or expanded over time, making it an ideal long-term solution for modern multifunctional homes.",/product-images/MORPHY-Bed-Vertical-Classic-200x200-6.webp,/product-images/MORPHY-Bed-Vertical-Classic-200x200-2-mattress.webp,"[""/product-images/MORPHY-Bed-Vertical-Classic-200x200-6.webp"",""/product-images/MORPHY-Bed-Vertical-Classic-200x200-2-mattress.webp"",""/product-images/morphy-integrated/160x200-4.jpg"",""/product-images/morphy-integrated/160x200-6.jpg"",""/product-images/morphy-integrated/160x200-8.jpg""]",Double Horizontal Classic MORPHY™ Bed 190x135 Black,Double Horizontal Classic MORPHY™ Bed 190x135,"The Morphy Wall Bed is a flexible modular sleeping system designed to adapt to changing spaces and needs. Its versatile frame can be configured in different sizes and orientations, while the space-saving fold-away design and gas-assisted mechanism make it practical for everyday use. The modular construction also allows the system to be reconfigured or expanded over time, making it an ideal long-term solution for modern multifunctional homes.",false,2026-08-25 08:58:00.317551+00,2026-08-25 08:58:00.317551+00
76,444190140,5003537483783,5061099649889,5061099648776,5061099647618,5061099648196,5061099647038,5061099649353,5061118251413,European Double Horizontal Classic MORPHY™ Bed,european-double-horizontal-classic-morphy-bed-140x190,1900,1400,,2000,1435,400,1550,204,510,300,Horizontal,Classic,Black,39,100,,140x15x20,103x50x16,,,899,899,899,,,,,,,,MORPHY™ Beds > Horizontal > Classic,beds,Classic,true,Visible,Lifetime,"The Morphy Wall Bed is a flexible modular sleeping system designed to adapt to changing spaces and needs. Its versatile frame can be configured in different sizes and orientations, while the space-saving fold-away design and gas-assisted mechanism make it practical for everyday use. The modular construction also allows the system to be reconfigured or expanded over time, making it an ideal long-term solution for modern multifunctional homes.",/product-images/MORPHY-Bed-Vertical-Classic-200x200-6.webp,/product-images/MORPHY-Bed-Vertical-Classic-200x200-2-mattress.webp,"[""/product-images/MORPHY-Bed-Vertical-Classic-200x200-6.webp"",""/product-images/MORPHY-Bed-Vertical-Classic-200x200-2-mattress.webp"",""/product-images/morphy-integrated/160x200-4.jpg"",""/product-images/morphy-integrated/160x200-6.jpg"",""/product-images/morphy-integrated/160x200-8.jpg""]",European Double Horizontal Classic MORPHY™ Bed 190x140 Black,European Double Horizontal Classic MORPHY™ Bed 190x140,"The Morphy Wall Bed is a flexible modular sleeping system designed to adapt to changing spaces and needs. Its versatile frame can be configured in different sizes and orientations, while the space-saving fold-away design and gas-assisted mechanism make it practical for everyday use. The modular construction also allows the system to be reconfigured or expanded over time, making it an ideal long-term solution for modern multifunctional homes.",false,2026-08-25 08:58:00.317551+00,2026-08-25 08:58:00.317551+00
77,444200140,5078499662930,5061099649896,5061099648783,5061099647625,5061099648202,5061099647045,5061099649360,5061118251437,European Double Long Horizontal Classic MORPHY™ Bed,european-double-long-horizontal-classic-morphy-bed-200x140,2000,1400,,2100,1435,400,1550,204,510,300,Horizontal,Classic,Black,39,100,,140x15x20,103x50x16,,,949,949,949,,,,,,,,MORPHY™ Beds > Horizontal > Classic,beds,Classic,true,Visible,Lifetime,"The Morphy Wall Bed is a flexible modular sleeping system designed to adapt to changing spaces and needs. Its versatile frame can be configured in different sizes and orientations, while the space-saving fold-away design and gas-assisted mechanism make it practical for everyday use. The modular construction also allows the system to be reconfigured or expanded over time, making it an ideal long-term solution for modern multifunctional homes.",/product-images/MORPHY-Bed-Vertical-Classic-200x200-6.webp,/product-images/MORPHY-Bed-Vertical-Classic-200x200-2-mattress.webp,"[""/product-images/MORPHY-Bed-Vertical-Classic-200x200-6.webp"",""/product-images/MORPHY-Bed-Vertical-Classic-200x200-2-mattress.webp"",""/product-images/morphy-integrated/160x200-4.jpg"",""/product-images/morphy-integrated/160x200-6.jpg"",""/product-images/morphy-integrated/160x200-8.jpg""]",European Double Long Horizontal Classic MORPHY™ Bed 200x140 Black,European Double Long Horizontal Classic MORPHY™ Bed 200x140,"The Morphy Wall Bed is a flexible modular sleeping system designed to adapt to changing spaces and needs. Its versatile frame can be configured in different sizes and orientations, while the space-saving fold-away design and gas-assisted mechanism make it practical for everyday use. The modular construction also allows the system to be reconfigured or expanded over time, making it an ideal long-term solution for modern multifunctional homes.",false,2026-08-25 08:58:00.317551+00,2026-08-25 08:58:00.317551+00
78,444200150,5032593484071,5061099649902,5061099648790,5061099647632,5061099648219,5061099647052,5061099649377,5061118251451,King Horizontal Classic MORPHY™ Bed,king-horizontal-classic-morphy-bed-200x150,2000,1500,,2100,1535,400,1650,204,510,300,Horizontal,Classic,Black,48,100,,103x50x17,158x20x16,,,999,999,999,,,,,,,,MORPHY™ Beds > Horizontal > Classic,beds,Classic,true,Visible,Lifetime,"The Morphy Wall Bed is a flexible modular sleeping system designed to adapt to changing spaces and needs. Its versatile frame can be configured in different sizes and orientations, while the space-saving fold-away design and gas-assisted mechanism make it practical for everyday use. The modular construction also allows the system to be reconfigured or expanded over time, making it an ideal long-term solution for modern multifunctional homes.",/product-images/MORPHY-Bed-Vertical-Classic-200x200-6.webp,/product-images/MORPHY-Bed-Vertical-Classic-200x200-2-mattress.webp,"[""/product-images/MORPHY-Bed-Vertical-Classic-200x200-6.webp"",""/product-images/MORPHY-Bed-Vertical-Classic-200x200-2-mattress.webp"",""/product-images/morphy-integrated/160x200-4.jpg"",""/product-images/morphy-integrated/160x200-6.jpg"",""/product-images/morphy-integrated/160x200-8.jpg""]",King Horizontal Classic MORPHY™ Bed 200x150 Black,King Horizontal Classic MORPHY™ Bed 200x150,"The Morphy Wall Bed is a flexible modular sleeping system designed to adapt to changing spaces and needs. Its versatile frame can be configured in different sizes and orientations, while the space-saving fold-away design and gas-assisted mechanism make it practical for everyday use. The modular construction also allows the system to be reconfigured or expanded over time, making it an ideal long-term solution for modern multifunctional homes.",false,2026-08-25 08:58:00.317551+00,2026-08-25 08:58:00.317551+00
79,444200160,5082375941238,5061099649919,5061099648806,5061099647649,5061099648226,5061099647069,5061099649384,5061118251475,European King Horizontal Classic MORPHY™ Bed,european-king-horizontal-classic-morphy-bed-200x160,2000,1600,,2100,1635,400,1750,204,510,300,Horizontal,Classic,Black,,100,,,,,,999,999,999,,,,,,,,MORPHY™ Beds > Horizontal > Classic,beds,Classic,true,Visible,Lifetime,"The Morphy Wall Bed is a flexible modular sleeping system designed to adapt to changing spaces and needs. Its versatile frame can be configured in different sizes and orientations, while the space-saving fold-away design and gas-assisted mechanism make it practical for everyday use. The modular construction also allows the system to be reconfigured or expanded over time, making it an ideal long-term solution for modern multifunctional homes.",/product-images/MORPHY-Bed-Vertical-Classic-200x200-6.webp,/product-images/MORPHY-Bed-Vertical-Classic-200x200-2-mattress.webp,"[""/product-images/MORPHY-Bed-Vertical-Classic-200x200-6.webp"",""/product-images/MORPHY-Bed-Vertical-Classic-200x200-2-mattress.webp"",""/product-images/morphy-integrated/160x200-4.jpg"",""/product-images/morphy-integrated/160x200-6.jpg"",""/product-images/morphy-integrated/160x200-8.jpg""]",European King Horizontal Classic MORPHY™ Bed 200x160 Black,European King Horizontal Classic MORPHY™ Bed 200x160,"The Morphy Wall Bed is a flexible modular sleeping system designed to adapt to changing spaces and needs. Its versatile frame can be configured in different sizes and orientations, while the space-saving fold-away design and gas-assisted mechanism make it practical for everyday use. The modular construction also allows the system to be reconfigured or expanded over time, making it an ideal long-term solution for modern multifunctional homes.",false,2026-08-25 08:58:00.317551+00,2026-08-25 08:58:00.317551+00
80,444200180,5060745380402,5061099649926,5061099648813,5061099647656,5061099648233,5061099647076,5061099649391,5061118251499,Super King Horizontal Classic MORPHY™ Bed,super-king-horizontal-classic-morphy-bed-200x180,2000,1800,,2100,1835,400,1950,204,510,300,Horizontal,Classic,Black,54,100,,55x47x24,46x46x11,103x50x16,,1199,1199,1199,,,,,,,,MORPHY™ Beds > Horizontal > Classic,beds,Classic,true,Visible,Lifetime,"The Morphy Wall Bed is a flexible modular sleeping system designed to adapt to changing spaces and needs. Its versatile frame can be configured in different sizes and orientations, while the space-saving fold-away design and gas-assisted mechanism make it practical for everyday use. The modular construction also allows the system to be reconfigured or expanded over time, making it an ideal long-term solution for modern multifunctional homes.",/product-images/MORPHY-Bed-Vertical-Classic-200x200-6.webp,/product-images/MORPHY-Bed-Vertical-Classic-200x200-2-mattress.webp,"[""/product-images/MORPHY-Bed-Vertical-Classic-200x200-6.webp"",""/product-images/MORPHY-Bed-Vertical-Classic-200x200-2-mattress.webp"",""/product-images/morphy-integrated/160x200-4.jpg"",""/product-images/morphy-integrated/160x200-6.jpg"",""/product-images/morphy-integrated/160x200-8.jpg""]",Super King Horizontal Classic MORPHY™ Bed 200x180 Black,Super King Horizontal Classic MORPHY™ Bed 200x180,"The Morphy Wall Bed is a flexible modular sleeping system designed to adapt to changing spaces and needs. Its versatile frame can be configured in different sizes and orientations, while the space-saving fold-away design and gas-assisted mechanism make it practical for everyday use. The modular construction also allows the system to be reconfigured or expanded over time, making it an ideal long-term solution for modern multifunctional homes.",false,2026-08-25 08:58:00.317551+00,2026-08-25 08:58:00.317551+00
81,444200192,5089717505932,,5061099648820,5061099647663,5061099648240,5061099647083,5061099649407,,Super King XL Horizontal Classic MORPHY™ Bed,super-king-xl-horizontal-classic-morphy-bed-200x192,2000,1920,,2100,1955,400,2070,204,510,300,Horizontal,Classic,Black,67,100,,105x50x18,143x18x17,98x18x17,47x45x12,1249,1249,1249,,,,,,,,MORPHY™ Beds > Horizontal > Classic,beds,Classic,true,Visible,Lifetime,"The Morphy Wall Bed is a flexible modular sleeping system designed to adapt to changing spaces and needs. Its versatile frame can be configured in different sizes and orientations, while the space-saving fold-away design and gas-assisted mechanism make it practical for everyday use. The modular construction also allows the system to be reconfigured or expanded over time, making it an ideal long-term solution for modern multifunctional homes.",/product-images/MORPHY-Bed-Vertical-Classic-200x200-6.webp,/product-images/MORPHY-Bed-Vertical-Classic-200x200-2-mattress.webp,"[""/product-images/MORPHY-Bed-Vertical-Classic-200x200-6.webp"",""/product-images/MORPHY-Bed-Vertical-Classic-200x200-2-mattress.webp"",""/product-images/morphy-integrated/160x200-4.jpg"",""/product-images/morphy-integrated/160x200-6.jpg"",""/product-images/morphy-integrated/160x200-8.jpg""]",Super King XL Horizontal Classic MORPHY™ Bed 200x192 Black,Super King XL Horizontal Classic MORPHY™ Bed 200x192,"The Morphy Wall Bed is a flexible modular sleeping system designed to adapt to changing spaces and needs. Its versatile frame can be configured in different sizes and orientations, while the space-saving fold-away design and gas-assisted mechanism make it practical for everyday use. The modular construction also allows the system to be reconfigured or expanded over time, making it an ideal long-term solution for modern multifunctional homes.",false,2026-08-25 08:58:00.317551+00,2026-08-25 08:58:00.317551+00
82,444333200200,5088967658873,5061118252458,,,,,,,Super King XXL Horizontal Classic MORPHY™ Bed,super-king-xxl-horizontal-classic-morphy-bed-200x200,2000,2000,,2100,2035,400,2150,204,510,300,Horizontal,Classic,Black,,100,,,,,,1299,1299,1299,,,,,,,,MORPHY™ Beds > Horizontal > Classic,beds,Classic,true,Visible,Lifetime,"The Morphy Wall Bed is a flexible modular sleeping system designed to adapt to changing spaces and needs. Its versatile frame can be configured in different sizes and orientations, while the space-saving fold-away design and gas-assisted mechanism make it practical for everyday use. The modular construction also allows the system to be reconfigured or expanded over time, making it an ideal long-term solution for modern multifunctional homes.",/product-images/MORPHY-Bed-Vertical-Classic-200x200-6.webp,/product-images/MORPHY-Bed-Vertical-Classic-200x200-2-mattress.webp,"[""/product-images/MORPHY-Bed-Vertical-Classic-200x200-6.webp"",""/product-images/MORPHY-Bed-Vertical-Classic-200x200-2-mattress.webp"",""/product-images/morphy-integrated/160x200-4.jpg"",""/product-images/morphy-integrated/160x200-6.jpg"",""/product-images/morphy-integrated/160x200-8.jpg""]",Super King XXL Horizontal Classic MORPHY™ Bed 200x200 Black,Super King XXL Horizontal Classic MORPHY™ Bed 200x200,"The Morphy Wall Bed is a flexible modular sleeping system designed to adapt to changing spaces and needs. Its versatile frame can be configured in different sizes and orientations, while the space-saving fold-away design and gas-assisted mechanism make it practical for everyday use. The modular construction also allows the system to be reconfigured or expanded over time, making it an ideal long-term solution for modern multifunctional homes.",false,2026-08-25 08:58:00.317551+00,2026-08-25 08:58:00.317551+00
83,,5021872208897,,,,,,,,Small Single Vertical Studio MORPHY™ Bed,small-single-vertical-studio-morphy-bed-76x190,760,1900,,860,1935,400,2050,204,510,300,Vertical,Studio,Black,,100,,,,,,999,999,999,,,,,,,,MORPHY™ Beds > Vertical > Studio,beds,Studio,true,Visible,Lifetime,"The Morphy Wall Bed is a flexible modular sleeping system designed to adapt to changing spaces and needs. Its versatile frame can be configured in different sizes and orientations, while the space-saving fold-away design and gas-assisted mechanism make it practical for everyday use. The modular construction also allows the system to be reconfigured or expanded over time, making it an ideal long-term solution for modern multifunctional homes.",/product-images/MORPHY-Bed-Vertical-Classic-200x200-6.webp,/product-images/MORPHY-Bed-Vertical-Classic-200x200-2-mattress.webp,"[""/product-images/MORPHY-Bed-Vertical-Classic-200x200-6.webp"",""/product-images/MORPHY-Bed-Vertical-Classic-200x200-2-mattress.webp"",""/product-images/morphy-integrated/160x200-4.jpg"",""/product-images/morphy-integrated/160x200-6.jpg"",""/product-images/morphy-integrated/160x200-8.jpg""]",Small Single Vertical Studio MORPHY™ Bed 76x190 Black,Small Single Vertical Studio MORPHY™ Bed 76x190,"The Morphy Wall Bed is a flexible modular sleeping system designed to adapt to changing spaces and needs. Its versatile frame can be configured in different sizes and orientations, while the space-saving fold-away design and gas-assisted mechanism make it practical for everyday use. The modular construction also allows the system to be reconfigured or expanded over time, making it an ideal long-term solution for modern multifunctional homes.",false,2026-08-25 08:58:00.317551+00,2026-08-25 08:58:00.317551+00
84,44488880190,5099930668179,5061118252403,,,,,,,Small Single XL Vertical Studio MORPHY™ Bed,small-single-xl-vertical-studio-morphy-bed-80x190,800,1900,,900,1935,400,2050,204,510,300,Vertical,Studio,Black,,100,,,,,,1099,1099,1099,,,,,,,,MORPHY™ Beds > Vertical > Studio,beds,Studio,true,Visible,Lifetime,"The Morphy Wall Bed is a flexible modular sleeping system designed to adapt to changing spaces and needs. Its versatile frame can be configured in different sizes and orientations, while the space-saving fold-away design and gas-assisted mechanism make it practical for everyday use. The modular construction also allows the system to be reconfigured or expanded over time, making it an ideal long-term solution for modern multifunctional homes.",/product-images/MORPHY-Bed-Vertical-Classic-200x200-6.webp,/product-images/MORPHY-Bed-Vertical-Classic-200x200-2-mattress.webp,"[""/product-images/MORPHY-Bed-Vertical-Classic-200x200-6.webp"",""/product-images/MORPHY-Bed-Vertical-Classic-200x200-2-mattress.webp"",""/product-images/morphy-integrated/160x200-4.jpg"",""/product-images/morphy-integrated/160x200-6.jpg"",""/product-images/morphy-integrated/160x200-8.jpg""]",Small Single XL Vertical Studio MORPHY™ Bed 80x190 Black,Small Single XL Vertical Studio MORPHY™ Bed 80x190,"The Morphy Wall Bed is a flexible modular sleeping system designed to adapt to changing spaces and needs. Its versatile frame can be configured in different sizes and orientations, while the space-saving fold-away design and gas-assisted mechanism make it practical for everyday use. The modular construction also allows the system to be reconfigured or expanded over time, making it an ideal long-term solution for modern multifunctional homes.",false,2026-08-25 08:58:00.317551+00,2026-08-25 08:58:00.317551+00
85,44488880200,5082102514585,5061099649933,5061099648837,5061099647670,5061099648257,5061099647090,5061099649414,5061118251505,Small Single XL Long Vertical Studio MORPHY™ Bed,small-single-xl-long-vertical-studio-morphy-bed-80x200,800,2000,,900,2035,400,2150,204,510,300,Vertical,Studio,Black,,100,,,,,,1099,1099,1099,,,,,,,,MORPHY™ Beds > Vertical > Studio,beds,Studio,true,Visible,Lifetime,"The Morphy Wall Bed is a flexible modular sleeping system designed to adapt to changing spaces and needs. Its versatile frame can be configured in different sizes and orientations, while the space-saving fold-away design and gas-assisted mechanism make it practical for everyday use. The modular construction also allows the system to be reconfigured or expanded over time, making it an ideal long-term solution for modern multifunctional homes.",/product-images/MORPHY-Bed-Vertical-Classic-200x200-6.webp,/product-images/MORPHY-Bed-Vertical-Classic-200x200-2-mattress.webp,"[""/product-images/MORPHY-Bed-Vertical-Classic-200x200-6.webp"",""/product-images/MORPHY-Bed-Vertical-Classic-200x200-2-mattress.webp"",""/product-images/morphy-integrated/160x200-4.jpg"",""/product-images/morphy-integrated/160x200-6.jpg"",""/product-images/morphy-integrated/160x200-8.jpg""]",Small Single XL Long Vertical Studio MORPHY™ Bed 80x200 Black,Small Single XL Long Vertical Studio MORPHY™ Bed 80x200,"The Morphy Wall Bed is a flexible modular sleeping system designed to adapt to changing spaces and needs. Its versatile frame can be configured in different sizes and orientations, while the space-saving fold-away design and gas-assisted mechanism make it practical for everyday use. The modular construction also allows the system to be reconfigured or expanded over time, making it an ideal long-term solution for modern multifunctional homes.",false,2026-08-25 08:58:00.317551+00,2026-08-25 08:58:00.317551+00
86,44488890190,5078602442296,5061099649940,5061099648844,5061099647687,5061099648264,5061099647106,5061099649421,5061118251529,Single Vertical Studio MORPHY™ Bed,single-vertical-studio-morphy-bed-90x190,900,1900,,1000,1935,400,2050,204,510,300,Vertical,Studio,Black,,100,,,,,,1099,1099,1099,,,,,,,,MORPHY™ Beds > Vertical > Studio,beds,Studio,true,Visible,Lifetime,"The Morphy Wall Bed is a flexible modular sleeping system designed to adapt to changing spaces and needs. Its versatile frame can be configured in different sizes and orientations, while the space-saving fold-away design and gas-assisted mechanism make it practical for everyday use. The modular construction also allows the system to be reconfigured or expanded over time, making it an ideal long-term solution for modern multifunctional homes.",/product-images/MORPHY-Bed-Vertical-Classic-200x200-6.webp,/product-images/MORPHY-Bed-Vertical-Classic-200x200-2-mattress.webp,"[""/product-images/MORPHY-Bed-Vertical-Classic-200x200-6.webp"",""/product-images/MORPHY-Bed-Vertical-Classic-200x200-2-mattress.webp"",""/product-images/morphy-integrated/160x200-4.jpg"",""/product-images/morphy-integrated/160x200-6.jpg"",""/product-images/morphy-integrated/160x200-8.jpg""]",Single Vertical Studio MORPHY™ Bed 90x190 Black,Single Vertical Studio MORPHY™ Bed 90x190,"The Morphy Wall Bed is a flexible modular sleeping system designed to adapt to changing spaces and needs. Its versatile frame can be configured in different sizes and orientations, while the space-saving fold-away design and gas-assisted mechanism make it practical for everyday use. The modular construction also allows the system to be reconfigured or expanded over time, making it an ideal long-term solution for modern multifunctional homes.",false,2026-08-25 08:58:00.317551+00,2026-08-25 08:58:00.317551+00
87,44488890200,5074100915384,5061099649957,5061099648851,5061099647694,5061099648271,5061099647113,5061099649438,5061118251543,European Single Vertical Studio MORPHY™ Bed,european-single-vertical-studio-morphy-bed-90x200,900,2000,,1000,2035,400,2150,204,510,300,Vertical,Studio,Black,53,100,,55x44x24,140x20x15,100x45x14,,1099,1099,1099,,,,,,,,MORPHY™ Beds > Vertical > Studio,beds,Studio,true,Visible,Lifetime,"The Morphy Wall Bed is a flexible modular sleeping system designed to adapt to changing spaces and needs. Its versatile frame can be configured in different sizes and orientations, while the space-saving fold-away design and gas-assisted mechanism make it practical for everyday use. The modular construction also allows the system to be reconfigured or expanded over time, making it an ideal long-term solution for modern multifunctional homes.",/product-images/MORPHY-Bed-Vertical-Classic-200x200-6.webp,/product-images/MORPHY-Bed-Vertical-Classic-200x200-2-mattress.webp,"[""/product-images/MORPHY-Bed-Vertical-Classic-200x200-6.webp"",""/product-images/MORPHY-Bed-Vertical-Classic-200x200-2-mattress.webp"",""/product-images/morphy-integrated/160x200-4.jpg"",""/product-images/morphy-integrated/160x200-6.jpg"",""/product-images/morphy-integrated/160x200-8.jpg""]",European Single Vertical Studio MORPHY™ Bed 90x200 Black,European Single Vertical Studio MORPHY™ Bed 90x200,"The Morphy Wall Bed is a flexible modular sleeping system designed to adapt to changing spaces and needs. Its versatile frame can be configured in different sizes and orientations, while the space-saving fold-away design and gas-assisted mechanism make it practical for everyday use. The modular construction also allows the system to be reconfigured or expanded over time, making it an ideal long-term solution for modern multifunctional homes.",false,2026-08-25 08:58:00.317551+00,2026-08-25 08:58:00.317551+00
88,,5093889375868,,,,,,,,European Single XL Vertical Studio MORPHY™ Bed,european-single-xl-vertical-studio-morphy-bed-96x190,960,1900,,1060,1935,400,2050,204,510,300,Vertical,Studio,Black,53,100,,55x44x24,140x20x15,110x45x14,,1149,1149,1149,,,,,,,,MORPHY™ Beds > Vertical > Studio,beds,Studio,true,Visible,Lifetime,"The Morphy Wall Bed is a flexible modular sleeping system designed to adapt to changing spaces and needs. Its versatile frame can be configured in different sizes and orientations, while the space-saving fold-away design and gas-assisted mechanism make it practical for everyday use. The modular construction also allows the system to be reconfigured or expanded over time, making it an ideal long-term solution for modern multifunctional homes.",/product-images/MORPHY-Bed-Vertical-Classic-200x200-6.webp,/product-images/MORPHY-Bed-Vertical-Classic-200x200-2-mattress.webp,"[""/product-images/MORPHY-Bed-Vertical-Classic-200x200-6.webp"",""/product-images/MORPHY-Bed-Vertical-Classic-200x200-2-mattress.webp"",""/product-images/morphy-integrated/160x200-4.jpg"",""/product-images/morphy-integrated/160x200-6.jpg"",""/product-images/morphy-integrated/160x200-8.jpg""]",European Single XL Vertical Studio MORPHY™ Bed 96x190 Black,European Single XL Vertical Studio MORPHY™ Bed 96x190,"The Morphy Wall Bed is a flexible modular sleeping system designed to adapt to changing spaces and needs. Its versatile frame can be configured in different sizes and orientations, while the space-saving fold-away design and gas-assisted mechanism make it practical for everyday use. The modular construction also allows the system to be reconfigured or expanded over time, making it an ideal long-term solution for modern multifunctional homes.",false,2026-08-25 08:58:00.317551+00,2026-08-25 08:58:00.317551+00
89,,5073392409311,,,,,,,,European Single XL Long Vertical Studio MORPHY™ Bed,european-single-xl-long-vertical-studio-morphy-bed-96x200,960,2000,,1060,2035,400,2150,204,510,300,Vertical,Studio,Black,,100,,,,,,1149,1149,1149,,,,,,,,MORPHY™ Beds > Vertical > Studio,beds,Studio,true,Visible,Lifetime,"The Morphy Wall Bed is a flexible modular sleeping system designed to adapt to changing spaces and needs. Its versatile frame can be configured in different sizes and orientations, while the space-saving fold-away design and gas-assisted mechanism make it practical for everyday use. The modular construction also allows the system to be reconfigured or expanded over time, making it an ideal long-term solution for modern multifunctional homes.",/product-images/MORPHY-Bed-Vertical-Classic-200x200-6.webp,/product-images/MORPHY-Bed-Vertical-Classic-200x200-2-mattress.webp,"[""/product-images/MORPHY-Bed-Vertical-Classic-200x200-6.webp"",""/product-images/MORPHY-Bed-Vertical-Classic-200x200-2-mattress.webp"",""/product-images/morphy-integrated/160x200-4.jpg"",""/product-images/morphy-integrated/160x200-6.jpg"",""/product-images/morphy-integrated/160x200-8.jpg""]",European Single XL Long Vertical Studio MORPHY™ Bed 96x200 Black,European Single XL Long Vertical Studio MORPHY™ Bed 96x200,"The Morphy Wall Bed is a flexible modular sleeping system designed to adapt to changing spaces and needs. Its versatile frame can be configured in different sizes and orientations, while the space-saving fold-away design and gas-assisted mechanism make it practical for everyday use. The modular construction also allows the system to be reconfigured or expanded over time, making it an ideal long-term solution for modern multifunctional homes.",false,2026-08-25 08:58:00.317551+00,2026-08-25 08:58:00.317551+00
90,444888100190,5083729654197,5061118252427,,,,,,,Single XL Vertical Studio MORPHY™ Bed,single-xl-vertical-studio-morphy-bed-100x190,1000,1900,,1100,1935,400,2050,204,510,300,Vertical,Studio,Black,,100,,,,,,1149,1149,1149,,,,,,,,MORPHY™ Beds > Vertical > Studio,beds,Studio,true,Visible,Lifetime,"The Morphy Wall Bed is a flexible modular sleeping system designed to adapt to changing spaces and needs. Its versatile frame can be configured in different sizes and orientations, while the space-saving fold-away design and gas-assisted mechanism make it practical for everyday use. The modular construction also allows the system to be reconfigured or expanded over time, making it an ideal long-term solution for modern multifunctional homes.",/product-images/MORPHY-Bed-Vertical-Classic-200x200-6.webp,/product-images/MORPHY-Bed-Vertical-Classic-200x200-2-mattress.webp,"[""/product-images/MORPHY-Bed-Vertical-Classic-200x200-6.webp"",""/product-images/MORPHY-Bed-Vertical-Classic-200x200-2-mattress.webp"",""/product-images/morphy-integrated/160x200-4.jpg"",""/product-images/morphy-integrated/160x200-6.jpg"",""/product-images/morphy-integrated/160x200-8.jpg""]",Single XL Vertical Studio MORPHY™ Bed 100x190 Black,Single XL Vertical Studio MORPHY™ Bed 100x190,"The Morphy Wall Bed is a flexible modular sleeping system designed to adapt to changing spaces and needs. Its versatile frame can be configured in different sizes and orientations, while the space-saving fold-away design and gas-assisted mechanism make it practical for everyday use. The modular construction also allows the system to be reconfigured or expanded over time, making it an ideal long-term solution for modern multifunctional homes.",false,2026-08-25 08:58:00.317551+00,2026-08-25 08:58:00.317551+00
91,444888100200,5034737208639,5061099649964,5061099648868,5061099647700,5061099648288,5061099647120,5061099649445,5061118251567,Single XL Long Vertical Studio MORPHY™ Bed,single-xl-long-vertical-studio-morphy-bed-100x200,1000,2000,,1100,2035,400,2150,204,510,300,Vertical,Studio,Black,,100,,,,,,1149,1149,1149,,,,,,,,MORPHY™ Beds > Vertical > Studio,beds,Studio,true,Visible,Lifetime,"The Morphy Wall Bed is a flexible modular sleeping system designed to adapt to changing spaces and needs. Its versatile frame can be configured in different sizes and orientations, while the space-saving fold-away design and gas-assisted mechanism make it practical for everyday use. The modular construction also allows the system to be reconfigured or expanded over time, making it an ideal long-term solution for modern multifunctional homes.",/product-images/MORPHY-Bed-Vertical-Classic-200x200-6.webp,/product-images/MORPHY-Bed-Vertical-Classic-200x200-2-mattress.webp,"[""/product-images/MORPHY-Bed-Vertical-Classic-200x200-6.webp"",""/product-images/MORPHY-Bed-Vertical-Classic-200x200-2-mattress.webp"",""/product-images/morphy-integrated/160x200-4.jpg"",""/product-images/morphy-integrated/160x200-6.jpg"",""/product-images/morphy-integrated/160x200-8.jpg""]",Single XL Long Vertical Studio MORPHY™ Bed 100x200 Black,Single XL Long Vertical Studio MORPHY™ Bed 100x200,"The Morphy Wall Bed is a flexible modular sleeping system designed to adapt to changing spaces and needs. Its versatile frame can be configured in different sizes and orientations, while the space-saving fold-away design and gas-assisted mechanism make it practical for everyday use. The modular construction also allows the system to be reconfigured or expanded over time, making it an ideal long-term solution for modern multifunctional homes.",false,2026-08-25 08:58:00.317551+00,2026-08-25 08:58:00.317551+00
92,444888120190,5090109550083,5061099649971,5061099648875,5061099647717,5061099648295,5061099647137,5061099649452,5061118251581,Small Double Vertical Studio MORPHY™ Bed,small-double-vertical-studio-morphy-bed-120x190,1200,1900,,1300,1935,400,2050,204,510,300,Vertical,Studio,Black,,100,,,,,,1199,1199,1199,,,,,,,,MORPHY™ Beds > Vertical > Studio,beds,Studio,true,Visible,Lifetime,"The Morphy Wall Bed is a flexible modular sleeping system designed to adapt to changing spaces and needs. Its versatile frame can be configured in different sizes and orientations, while the space-saving fold-away design and gas-assisted mechanism make it practical for everyday use. The modular construction also allows the system to be reconfigured or expanded over time, making it an ideal long-term solution for modern multifunctional homes.",/product-images/MORPHY-Bed-Vertical-Classic-200x200-6.webp,/product-images/MORPHY-Bed-Vertical-Classic-200x200-2-mattress.webp,"[""/product-images/MORPHY-Bed-Vertical-Classic-200x200-6.webp"",""/product-images/MORPHY-Bed-Vertical-Classic-200x200-2-mattress.webp"",""/product-images/morphy-integrated/160x200-4.jpg"",""/product-images/morphy-integrated/160x200-6.jpg"",""/product-images/morphy-integrated/160x200-8.jpg""]",Small Double Vertical Studio MORPHY™ Bed 120x190 Black,Small Double Vertical Studio MORPHY™ Bed 120x190,"The Morphy Wall Bed is a flexible modular sleeping system designed to adapt to changing spaces and needs. Its versatile frame can be configured in different sizes and orientations, while the space-saving fold-away design and gas-assisted mechanism make it practical for everyday use. The modular construction also allows the system to be reconfigured or expanded over time, making it an ideal long-term solution for modern multifunctional homes.",false,2026-08-25 08:58:00.317551+00,2026-08-25 08:58:00.317551+00
93,444888120200,5028333409091,5061099649988,5061099648882,5061099647724,5061099648301,5061099647144,5061099649469,5061118251604,European Small Double Vertical Studio MORPHY™ Bed,european-small-double-vertical-studio-morphy-bed-120x200,1200,2000,,1300,2035,400,2150,204,510,300,Vertical,Studio,Black,74,100,,115x51x22,155x27x17,135x45x20,,1199,1199,1199,,,,,,,,MORPHY™ Beds > Vertical > Studio,beds,Studio,true,Visible,Lifetime,"The Morphy Wall Bed is a flexible modular sleeping system designed to adapt to changing spaces and needs. Its versatile frame can be configured in different sizes and orientations, while the space-saving fold-away design and gas-assisted mechanism make it practical for everyday use. The modular construction also allows the system to be reconfigured or expanded over time, making it an ideal long-term solution for modern multifunctional homes.",/product-images/MORPHY-Bed-Vertical-Classic-200x200-6.webp,/product-images/MORPHY-Bed-Vertical-Classic-200x200-2-mattress.webp,"[""/product-images/MORPHY-Bed-Vertical-Classic-200x200-6.webp"",""/product-images/MORPHY-Bed-Vertical-Classic-200x200-2-mattress.webp"",""/product-images/morphy-integrated/160x200-4.jpg"",""/product-images/morphy-integrated/160x200-6.jpg"",""/product-images/morphy-integrated/160x200-8.jpg""]",European Small Double Vertical Studio MORPHY™ Bed 120x200 Black,European Small Double Vertical Studio MORPHY™ Bed 120x200,"The Morphy Wall Bed is a flexible modular sleeping system designed to adapt to changing spaces and needs. Its versatile frame can be configured in different sizes and orientations, while the space-saving fold-away design and gas-assisted mechanism make it practical for everyday use. The modular construction also allows the system to be reconfigured or expanded over time, making it an ideal long-term solution for modern multifunctional homes.",false,2026-08-25 08:58:00.317551+00,2026-08-25 08:58:00.317551+00
94,444888135190,5005423621027,5061099649995,5061099648899,5061099647731,5061099648318,5061099647151,5061099649476,5061118251628,Double Vertical Studio MORPHY™ Bed,double-vertical-studio-morphy-bed-135x190,1350,1900,,1450,1935,400,2050,204,510,300,Vertical,Studio,Black,73,100,,105x50x18,144x17x20,145x44x13,,1299,1299,1299,,,,,,,,MORPHY™ Beds > Vertical > Studio,beds,Studio,true,Visible,Lifetime,"The Morphy Wall Bed is a flexible modular sleeping system designed to adapt to changing spaces and needs. Its versatile frame can be configured in different sizes and orientations, while the space-saving fold-away design and gas-assisted mechanism make it practical for everyday use. The modular construction also allows the system to be reconfigured or expanded over time, making it an ideal long-term solution for modern multifunctional homes.",/product-images/MORPHY-Bed-Vertical-Classic-200x200-6.webp,/product-images/MORPHY-Bed-Vertical-Classic-200x200-2-mattress.webp,"[""/product-images/MORPHY-Bed-Vertical-Classic-200x200-6.webp"",""/product-images/MORPHY-Bed-Vertical-Classic-200x200-2-mattress.webp"",""/product-images/morphy-integrated/160x200-4.jpg"",""/product-images/morphy-integrated/160x200-6.jpg"",""/product-images/morphy-integrated/160x200-8.jpg""]",Double Vertical Studio MORPHY™ Bed 135x190 Black,Double Vertical Studio MORPHY™ Bed 135x190,"The Morphy Wall Bed is a flexible modular sleeping system designed to adapt to changing spaces and needs. Its versatile frame can be configured in different sizes and orientations, while the space-saving fold-away design and gas-assisted mechanism make it practical for everyday use. The modular construction also allows the system to be reconfigured or expanded over time, making it an ideal long-term solution for modern multifunctional homes.",false,2026-08-25 08:58:00.317551+00,2026-08-25 08:58:00.317551+00
95,444888140190,5041882523383,5061099640008,5061099648905,5061099647748,5061099648325,5061099647168,5061099649483,5061118251642,European Double Vertical Studio MORPHY™ Bed,european-double-vertical-studio-morphy-bed-140x190,1400,1900,,1500,1935,400,2050,204,510,300,Vertical,Studio,Black,72,100,,110x52x20,146x27x17,152x48x15,,1299,1299,1299,,,,,,,,MORPHY™ Beds > Vertical > Studio,beds,Studio,true,Visible,Lifetime,"The Morphy Wall Bed is a flexible modular sleeping system designed to adapt to changing spaces and needs. Its versatile frame can be configured in different sizes and orientations, while the space-saving fold-away design and gas-assisted mechanism make it practical for everyday use. The modular construction also allows the system to be reconfigured or expanded over time, making it an ideal long-term solution for modern multifunctional homes.",/product-images/MORPHY-Bed-Vertical-Classic-200x200-6.webp,/product-images/MORPHY-Bed-Vertical-Classic-200x200-2-mattress.webp,"[""/product-images/MORPHY-Bed-Vertical-Classic-200x200-6.webp"",""/product-images/MORPHY-Bed-Vertical-Classic-200x200-2-mattress.webp"",""/product-images/morphy-integrated/160x200-4.jpg"",""/product-images/morphy-integrated/160x200-6.jpg"",""/product-images/morphy-integrated/160x200-8.jpg""]",European Double Vertical Studio MORPHY™ Bed 140x190 Black,European Double Vertical Studio MORPHY™ Bed 140x190,"The Morphy Wall Bed is a flexible modular sleeping system designed to adapt to changing spaces and needs. Its versatile frame can be configured in different sizes and orientations, while the space-saving fold-away design and gas-assisted mechanism make it practical for everyday use. The modular construction also allows the system to be reconfigured or expanded over time, making it an ideal long-term solution for modern multifunctional homes.",false,2026-08-25 08:58:00.317551+00,2026-08-25 08:58:00.317551+00
96,444888140200,5052699457560,5061099640015,5061099648912,5061099647755,5061099648332,5061099647175,5061099649490,5061118251666,European Double Long Vertical Studio MORPHY™ Bed,european-double-long-vertical-studio-morphy-bed-140x200,1400,2000,,1500,2035,400,2150,204,510,300,Vertical,Studio,Black,72,100,,110x52x20,146x27x17,152x48x15,,1399,1399,1399,,,,,,,,MORPHY™ Beds > Vertical > Studio,beds,Studio,true,Visible,Lifetime,"The Morphy Wall Bed is a flexible modular sleeping system designed to adapt to changing spaces and needs. Its versatile frame can be configured in different sizes and orientations, while the space-saving fold-away design and gas-assisted mechanism make it practical for everyday use. The modular construction also allows the system to be reconfigured or expanded over time, making it an ideal long-term solution for modern multifunctional homes.",/product-images/MORPHY-Bed-Vertical-Classic-200x200-6.webp,/product-images/MORPHY-Bed-Vertical-Classic-200x200-2-mattress.webp,"[""/product-images/MORPHY-Bed-Vertical-Classic-200x200-6.webp"",""/product-images/MORPHY-Bed-Vertical-Classic-200x200-2-mattress.webp"",""/product-images/morphy-integrated/160x200-4.jpg"",""/product-images/morphy-integrated/160x200-6.jpg"",""/product-images/morphy-integrated/160x200-8.jpg""]",European Double Long Vertical Studio MORPHY™ Bed 140x200 Black,European Double Long Vertical Studio MORPHY™ Bed 140x200,"The Morphy Wall Bed is a flexible modular sleeping system designed to adapt to changing spaces and needs. Its versatile frame can be configured in different sizes and orientations, while the space-saving fold-away design and gas-assisted mechanism make it practical for everyday use. The modular construction also allows the system to be reconfigured or expanded over time, making it an ideal long-term solution for modern multifunctional homes.",false,2026-08-25 08:58:00.317551+00,2026-08-25 08:58:00.317551+00
97,444888150200,5016080375993,5061099640022,5061099648929,5061099647762,5061099648349,5061099647182,5061099649506,5061118251680,King Vertical Studio MORPHY™ Bed,king-vertical-studio-morphy-bed-150x200,1500,2000,,1600,2035,400,2150,204,510,300,Vertical,Studio,Black,78,100,,103x50x17,158x20x16,156x46x12,,1399,1399,1399,,,,,,,,MORPHY™ Beds > Vertical > Studio,beds,Studio,true,Visible,Lifetime,"The Morphy Wall Bed is a flexible modular sleeping system designed to adapt to changing spaces and needs. Its versatile frame can be configured in different sizes and orientations, while the space-saving fold-away design and gas-assisted mechanism make it practical for everyday use. The modular construction also allows the system to be reconfigured or expanded over time, making it an ideal long-term solution for modern multifunctional homes.",/product-images/MORPHY-Bed-Vertical-Classic-200x200-6.webp,/product-images/MORPHY-Bed-Vertical-Classic-200x200-2-mattress.webp,"[""/product-images/MORPHY-Bed-Vertical-Classic-200x200-6.webp"",""/product-images/MORPHY-Bed-Vertical-Classic-200x200-2-mattress.webp"",""/product-images/morphy-integrated/160x200-4.jpg"",""/product-images/morphy-integrated/160x200-6.jpg"",""/product-images/morphy-integrated/160x200-8.jpg""]",King Vertical Studio MORPHY™ Bed 150x200 Black,King Vertical Studio MORPHY™ Bed 150x200,"The Morphy Wall Bed is a flexible modular sleeping system designed to adapt to changing spaces and needs. Its versatile frame can be configured in different sizes and orientations, while the space-saving fold-away design and gas-assisted mechanism make it practical for everyday use. The modular construction also allows the system to be reconfigured or expanded over time, making it an ideal long-term solution for modern multifunctional homes.",false,2026-08-25 08:58:00.317551+00,2026-08-25 08:58:00.317551+00
98,444888160200,5003772374634,5061099640039,5061099648936,5061099647779,5061099648356,5061099647199,5061099649513,5061118251703,European King Vertical Studio MORPHY™ Bed,european-king-vertical-studio-morphy-bed-160x200,1600,2000,,1700,2035,400,2150,204,510,300,Vertical,Studio,Black,78.5,100,,107x50x20,165x21x16,170x47x15,,1449,1449,1449,,,,,,,,MORPHY™ Beds > Vertical > Studio,beds,Studio,true,Visible,Lifetime,"The Morphy Wall Bed is a flexible modular sleeping system designed to adapt to changing spaces and needs. Its versatile frame can be configured in different sizes and orientations, while the space-saving fold-away design and gas-assisted mechanism make it practical for everyday use. The modular construction also allows the system to be reconfigured or expanded over time, making it an ideal long-term solution for modern multifunctional homes.",/product-images/MORPHY-Bed-Vertical-Classic-200x200-6.webp,/product-images/MORPHY-Bed-Vertical-Classic-200x200-2-mattress.webp,"[""/product-images/MORPHY-Bed-Vertical-Classic-200x200-6.webp"",""/product-images/MORPHY-Bed-Vertical-Classic-200x200-2-mattress.webp"",""/product-images/morphy-integrated/160x200-4.jpg"",""/product-images/morphy-integrated/160x200-6.jpg"",""/product-images/morphy-integrated/160x200-8.jpg""]",European King Vertical Studio MORPHY™ Bed 160x200 Black,European King Vertical Studio MORPHY™ Bed 160x200,"The Morphy Wall Bed is a flexible modular sleeping system designed to adapt to changing spaces and needs. Its versatile frame can be configured in different sizes and orientations, while the space-saving fold-away design and gas-assisted mechanism make it practical for everyday use. The modular construction also allows the system to be reconfigured or expanded over time, making it an ideal long-term solution for modern multifunctional homes.",false,2026-08-25 08:58:00.317551+00,2026-08-25 08:58:00.317551+00
99,,5051054723201,,,,,,,,Super King Vertical Studio MORPHY™ Bed,super-king-vertical-studio-morphy-bed-180x200,1800,2000,,1800,2035,400,2150,204,510,300,Vertical,Studio,Black,,100,,,,,,1499,1499,1499,,,,,,,,MORPHY™ Beds > Vertical > Studio,beds,Studio,true,Visible,Lifetime,"The Morphy Wall Bed is a flexible modular sleeping system designed to adapt to changing spaces and needs. Its versatile frame can be configured in different sizes and orientations, while the space-saving fold-away design and gas-assisted mechanism make it practical for everyday use. The modular construction also allows the system to be reconfigured or expanded over time, making it an ideal long-term solution for modern multifunctional homes.",/product-images/MORPHY-Bed-Vertical-Classic-200x200-6.webp,/product-images/MORPHY-Bed-Vertical-Classic-200x200-2-mattress.webp,"[""/product-images/MORPHY-Bed-Vertical-Classic-200x200-6.webp"",""/product-images/MORPHY-Bed-Vertical-Classic-200x200-2-mattress.webp"",""/product-images/morphy-integrated/160x200-4.jpg"",""/product-images/morphy-integrated/160x200-6.jpg"",""/product-images/morphy-integrated/160x200-8.jpg""]",Super King Vertical Studio MORPHY™ Bed 180x200 Black,Super King Vertical Studio MORPHY™ Bed 180x200,"The Morphy Wall Bed is a flexible modular sleeping system designed to adapt to changing spaces and needs. Its versatile frame can be configured in different sizes and orientations, while the space-saving fold-away design and gas-assisted mechanism make it practical for everyday use. The modular construction also allows the system to be reconfigured or expanded over time, making it an ideal long-term solution for modern multifunctional homes.",false,2026-08-25 08:58:00.317551+00,2026-08-25 08:58:00.317551+00
100,,5079904105448,,,,,,,,Super King XL Vertical Studio MORPHY™ Bed,super-king-xl-vertical-studio-morphy-bed-192x200,1920,2000,,2020,2035,400,2150,204,510,300,Vertical,Studio,Black,67,100,,105x50x18,143x18x17,98x18x17,47x45x12,1549,1549,1549,,,,,,,,MORPHY™ Beds > Vertical > Studio,beds,Studio,true,Visible,Lifetime,"The Morphy Wall Bed is a flexible modular sleeping system designed to adapt to changing spaces and needs. Its versatile frame can be configured in different sizes and orientations, while the space-saving fold-away design and gas-assisted mechanism make it practical for everyday use. The modular construction also allows the system to be reconfigured or expanded over time, making it an ideal long-term solution for modern multifunctional homes.",/product-images/MORPHY-Bed-Vertical-Classic-200x200-6.webp,/product-images/MORPHY-Bed-Vertical-Classic-200x200-2-mattress.webp,"[""/product-images/MORPHY-Bed-Vertical-Classic-200x200-6.webp"",""/product-images/MORPHY-Bed-Vertical-Classic-200x200-2-mattress.webp"",""/product-images/morphy-integrated/160x200-4.jpg"",""/product-images/morphy-integrated/160x200-6.jpg"",""/product-images/morphy-integrated/160x200-8.jpg""]",Super King XL Vertical Studio MORPHY™ Bed 192x200 Black,Super King XL Vertical Studio MORPHY™ Bed 192x200,"The Morphy Wall Bed is a flexible modular sleeping system designed to adapt to changing spaces and needs. Its versatile frame can be configured in different sizes and orientations, while the space-saving fold-away design and gas-assisted mechanism make it practical for everyday use. The modular construction also allows the system to be reconfigured or expanded over time, making it an ideal long-term solution for modern multifunctional homes.",false,2026-08-25 08:58:00.317551+00,2026-08-25 08:58:00.317551+00
101,,5010474277123,,,,,,,,Super King XXL Vertical Studio MORPHY™ Bed,super-king-xxl-vertical-studio-morphy-bed-200x200,2000,2000,,2120,2035,400,2150,204,510,300,Vertical,Studio,Black,,100,,,,,,1599,1599,1599,,,,,,,,MORPHY™ Beds > Vertical > Studio,beds,Studio,true,Visible,Lifetime,"The Morphy Wall Bed is a flexible modular sleeping system designed to adapt to changing spaces and needs. Its versatile frame can be configured in different sizes and orientations, while the space-saving fold-away design and gas-assisted mechanism make it practical for everyday use. The modular construction also allows the system to be reconfigured or expanded over time, making it an ideal long-term solution for modern multifunctional homes.",/product-images/MORPHY-Bed-Vertical-Classic-200x200-6.webp,/product-images/MORPHY-Bed-Vertical-Classic-200x200-2-mattress.webp,"[""/product-images/MORPHY-Bed-Vertical-Classic-200x200-6.webp"",""/product-images/MORPHY-Bed-Vertical-Classic-200x200-2-mattress.webp"",""/product-images/morphy-integrated/160x200-4.jpg"",""/product-images/morphy-integrated/160x200-6.jpg"",""/product-images/morphy-integrated/160x200-8.jpg""]",Super King XXL Vertical Studio MORPHY™ Bed 200x200 Black,Super King XXL Vertical Studio MORPHY™ Bed 200x200,"The Morphy Wall Bed is a flexible modular sleeping system designed to adapt to changing spaces and needs. Its versatile frame can be configured in different sizes and orientations, while the space-saving fold-away design and gas-assisted mechanism make it practical for everyday use. The modular construction also allows the system to be reconfigured or expanded over time, making it an ideal long-term solution for modern multifunctional homes.",false,2026-08-25 08:58:00.439854+00,2026-08-25 08:58:00.439854+00
102,,5006033709735,,,,,,,,Small Single Horizontal Studio MORPHY™ Bed,small-single-horizontal-studio-morphy-bed-190x76,1900,760,,2000,795,400,910,204,510,300,Horizontal,Studio,Black,,100,,,,,,999,999,999,,,,,,,,MORPHY™ Beds > Horizontal > Studio,beds,Studio,true,Visible,Lifetime,"The Morphy Wall Bed is a flexible modular sleeping system designed to adapt to changing spaces and needs. Its versatile frame can be configured in different sizes and orientations, while the space-saving fold-away design and gas-assisted mechanism make it practical for everyday use. The modular construction also allows the system to be reconfigured or expanded over time, making it an ideal long-term solution for modern multifunctional homes.",/product-images/MORPHY-Bed-Vertical-Classic-200x200-6.webp,/product-images/MORPHY-Bed-Vertical-Classic-200x200-2-mattress.webp,"[""/product-images/MORPHY-Bed-Vertical-Classic-200x200-6.webp"",""/product-images/MORPHY-Bed-Vertical-Classic-200x200-2-mattress.webp"",""/product-images/morphy-integrated/160x200-4.jpg"",""/product-images/morphy-integrated/160x200-6.jpg"",""/product-images/morphy-integrated/160x200-8.jpg""]",Small Single Horizontal Studio MORPHY™ Bed 190x76 Black,Small Single Horizontal Studio MORPHY™ Bed 190x76,"The Morphy Wall Bed is a flexible modular sleeping system designed to adapt to changing spaces and needs. Its versatile frame can be configured in different sizes and orientations, while the space-saving fold-away design and gas-assisted mechanism make it practical for everyday use. The modular construction also allows the system to be reconfigured or expanded over time, making it an ideal long-term solution for modern multifunctional homes.",false,2026-08-25 08:58:00.439854+00,2026-08-25 08:58:00.439854+00
103,44488819080,5089849073842,5061118252410,,,,,,,Small Single XL Horizontal Studio MORPHY™ Bed,small-single-xl-horizontal-studio-morphy-bed-190x80,1900,800,,2000,835,400,950,204,510,300,Horizontal,Studio,Black,,100,,,,,,1099,1099,1099,,,,,,,,MORPHY™ Beds > Horizontal > Studio,beds,Studio,true,Visible,Lifetime,"The Morphy Wall Bed is a flexible modular sleeping system designed to adapt to changing spaces and needs. Its versatile frame can be configured in different sizes and orientations, while the space-saving fold-away design and gas-assisted mechanism make it practical for everyday use. The modular construction also allows the system to be reconfigured or expanded over time, making it an ideal long-term solution for modern multifunctional homes.",/product-images/MORPHY-Bed-Vertical-Classic-200x200-6.webp,/product-images/MORPHY-Bed-Vertical-Classic-200x200-2-mattress.webp,"[""/product-images/MORPHY-Bed-Vertical-Classic-200x200-6.webp"",""/product-images/MORPHY-Bed-Vertical-Classic-200x200-2-mattress.webp"",""/product-images/morphy-integrated/160x200-4.jpg"",""/product-images/morphy-integrated/160x200-6.jpg"",""/product-images/morphy-integrated/160x200-8.jpg""]",Small Single XL Horizontal Studio MORPHY™ Bed 190x80 Black,Small Single XL Horizontal Studio MORPHY™ Bed 190x80,"The Morphy Wall Bed is a flexible modular sleeping system designed to adapt to changing spaces and needs. Its versatile frame can be configured in different sizes and orientations, while the space-saving fold-away design and gas-assisted mechanism make it practical for everyday use. The modular construction also allows the system to be reconfigured or expanded over time, making it an ideal long-term solution for modern multifunctional homes.",false,2026-08-25 08:58:00.439854+00,2026-08-25 08:58:00.439854+00
104,44488820080,5044332274866,5061099640046,5061099648943,5061099647786,5061099648363,5061099647205,5061099649520,5061118251512,Small Single XL Long Horizontal Studio MORPHY™ Bed,small-single-xl-long-horizontal-studio-morphy-bed-200x80,2000,800,,2100,835,400,950,204,510,300,Horizontal,Studio,Black,,100,,,,,,1099,1099,1099,,,,,,,,MORPHY™ Beds > Horizontal > Studio,beds,Studio,true,Visible,Lifetime,"The Morphy Wall Bed is a flexible modular sleeping system designed to adapt to changing spaces and needs. Its versatile frame can be configured in different sizes and orientations, while the space-saving fold-away design and gas-assisted mechanism make it practical for everyday use. The modular construction also allows the system to be reconfigured or expanded over time, making it an ideal long-term solution for modern multifunctional homes.",/product-images/MORPHY-Bed-Vertical-Classic-200x200-6.webp,/product-images/MORPHY-Bed-Vertical-Classic-200x200-2-mattress.webp,"[""/product-images/MORPHY-Bed-Vertical-Classic-200x200-6.webp"",""/product-images/MORPHY-Bed-Vertical-Classic-200x200-2-mattress.webp"",""/product-images/morphy-integrated/160x200-4.jpg"",""/product-images/morphy-integrated/160x200-6.jpg"",""/product-images/morphy-integrated/160x200-8.jpg""]",Small Single XL Long Horizontal Studio MORPHY™ Bed 200x80 Black,Small Single XL Long Horizontal Studio MORPHY™ Bed 200x80,"The Morphy Wall Bed is a flexible modular sleeping system designed to adapt to changing spaces and needs. Its versatile frame can be configured in different sizes and orientations, while the space-saving fold-away design and gas-assisted mechanism make it practical for everyday use. The modular construction also allows the system to be reconfigured or expanded over time, making it an ideal long-term solution for modern multifunctional homes.",false,2026-08-25 08:58:00.439854+00,2026-08-25 08:58:00.439854+00
105,44488819090,5013839624443,5061099640053,5061099648950,5061099647793,5061099648370,5061099647212,5061099649537,5061118251536,Single Horizontal Studio MORPHY™ Bed,single-horizontal-studio-morphy-bed-190x90,1900,900,,2000,935,400,1050,204,510,300,Horizontal,Studio,Black,,100,,,,,,1099,1099,1099,,,,,,,,MORPHY™ Beds > Horizontal > Studio,beds,Studio,true,Visible,Lifetime,"The Morphy Wall Bed is a flexible modular sleeping system designed to adapt to changing spaces and needs. Its versatile frame can be configured in different sizes and orientations, while the space-saving fold-away design and gas-assisted mechanism make it practical for everyday use. The modular construction also allows the system to be reconfigured or expanded over time, making it an ideal long-term solution for modern multifunctional homes.",/product-images/MORPHY-Bed-Vertical-Classic-200x200-6.webp,/product-images/MORPHY-Bed-Vertical-Classic-200x200-2-mattress.webp,"[""/product-images/MORPHY-Bed-Vertical-Classic-200x200-6.webp"",""/product-images/MORPHY-Bed-Vertical-Classic-200x200-2-mattress.webp"",""/product-images/morphy-integrated/160x200-4.jpg"",""/product-images/morphy-integrated/160x200-6.jpg"",""/product-images/morphy-integrated/160x200-8.jpg""]",Single Horizontal Studio MORPHY™ Bed 190x90 Black,Single Horizontal Studio MORPHY™ Bed 190x90,"The Morphy Wall Bed is a flexible modular sleeping system designed to adapt to changing spaces and needs. Its versatile frame can be configured in different sizes and orientations, while the space-saving fold-away design and gas-assisted mechanism make it practical for everyday use. The modular construction also allows the system to be reconfigured or expanded over time, making it an ideal long-term solution for modern multifunctional homes.",false,2026-08-25 08:58:00.439854+00,2026-08-25 08:58:00.439854+00
106,44488820090,5095572147754,5061099640060,5061099648967,5061099647809,5061099648387,5061099647229,5061099649544,5061118251550,European Single Horizontal Studio MORPHY™ Bed,european-single-horizontal-studio-morphy-bed-200x90,2000,900,,2100,935,400,1050,204,510,300,Horizontal,Studio,Black,53,100,,55x44x24,140x20x15,100x45x14,,1099,1099,1099,,,,,,,,MORPHY™ Beds > Horizontal > Studio,beds,Studio,true,Visible,Lifetime,"The Morphy Wall Bed is a flexible modular sleeping system designed to adapt to changing spaces and needs. Its versatile frame can be configured in different sizes and orientations, while the space-saving fold-away design and gas-assisted mechanism make it practical for everyday use. The modular construction also allows the system to be reconfigured or expanded over time, making it an ideal long-term solution for modern multifunctional homes.",/product-images/MORPHY-Bed-Vertical-Classic-200x200-6.webp,/product-images/MORPHY-Bed-Vertical-Classic-200x200-2-mattress.webp,"[""/product-images/MORPHY-Bed-Vertical-Classic-200x200-6.webp"",""/product-images/MORPHY-Bed-Vertical-Classic-200x200-2-mattress.webp"",""/product-images/morphy-integrated/160x200-4.jpg"",""/product-images/morphy-integrated/160x200-6.jpg"",""/product-images/morphy-integrated/160x200-8.jpg""]",European Single Horizontal Studio MORPHY™ Bed 200x90 Black,European Single Horizontal Studio MORPHY™ Bed 200x90,"The Morphy Wall Bed is a flexible modular sleeping system designed to adapt to changing spaces and needs. Its versatile frame can be configured in different sizes and orientations, while the space-saving fold-away design and gas-assisted mechanism make it practical for everyday use. The modular construction also allows the system to be reconfigured or expanded over time, making it an ideal long-term solution for modern multifunctional homes.",false,2026-08-25 08:58:00.439854+00,2026-08-25 08:58:00.439854+00
107,,5093664679725,,,,,,,,European Single XL Horizontal Studio MORPHY™ Bed,european-single-xl-horizontal-studio-morphy-bed-190x96,1900,960,,2000,995,400,1110,204,510,300,Horizontal,Studio,Black,53,100,,55x44x24,140x20x15,110x45x14,,1149,1149,1149,,,,,,,,MORPHY™ Beds > Horizontal > Studio,beds,Studio,true,Visible,Lifetime,"The Morphy Wall Bed is a flexible modular sleeping system designed to adapt to changing spaces and needs. Its versatile frame can be configured in different sizes and orientations, while the space-saving fold-away design and gas-assisted mechanism make it practical for everyday use. The modular construction also allows the system to be reconfigured or expanded over time, making it an ideal long-term solution for modern multifunctional homes.",/product-images/MORPHY-Bed-Vertical-Classic-200x200-6.webp,/product-images/MORPHY-Bed-Vertical-Classic-200x200-2-mattress.webp,"[""/product-images/MORPHY-Bed-Vertical-Classic-200x200-6.webp"",""/product-images/MORPHY-Bed-Vertical-Classic-200x200-2-mattress.webp"",""/product-images/morphy-integrated/160x200-4.jpg"",""/product-images/morphy-integrated/160x200-6.jpg"",""/product-images/morphy-integrated/160x200-8.jpg""]",European Single XL Horizontal Studio MORPHY™ Bed 190x96 Black,European Single XL Horizontal Studio MORPHY™ Bed 190x96,"The Morphy Wall Bed is a flexible modular sleeping system designed to adapt to changing spaces and needs. Its versatile frame can be configured in different sizes and orientations, while the space-saving fold-away design and gas-assisted mechanism make it practical for everyday use. The modular construction also allows the system to be reconfigured or expanded over time, making it an ideal long-term solution for modern multifunctional homes.",false,2026-08-25 08:58:00.439854+00,2026-08-25 08:58:00.439854+00
108,,5072645171261,,,,,,,,European Single XL Long Horizontal Studio MORPHY™ Bed,european-single-xl-long-horizontal-studio-morphy-bed-200x96,2000,960,,2100,995,400,1110,204,510,300,Horizontal,Studio,Black,,100,,,,,,1149,1149,1149,,,,,,,,MORPHY™ Beds > Horizontal > Studio,beds,Studio,true,Visible,Lifetime,"The Morphy Wall Bed is a flexible modular sleeping system designed to adapt to changing spaces and needs. Its versatile frame can be configured in different sizes and orientations, while the space-saving fold-away design and gas-assisted mechanism make it practical for everyday use. The modular construction also allows the system to be reconfigured or expanded over time, making it an ideal long-term solution for modern multifunctional homes.",/product-images/MORPHY-Bed-Vertical-Classic-200x200-6.webp,/product-images/MORPHY-Bed-Vertical-Classic-200x200-2-mattress.webp,"[""/product-images/MORPHY-Bed-Vertical-Classic-200x200-6.webp"",""/product-images/MORPHY-Bed-Vertical-Classic-200x200-2-mattress.webp"",""/product-images/morphy-integrated/160x200-4.jpg"",""/product-images/morphy-integrated/160x200-6.jpg"",""/product-images/morphy-integrated/160x200-8.jpg""]",European Single XL Long Horizontal Studio MORPHY™ Bed 200x96 Black,European Single XL Long Horizontal Studio MORPHY™ Bed 200x96,"The Morphy Wall Bed is a flexible modular sleeping system designed to adapt to changing spaces and needs. Its versatile frame can be configured in different sizes and orientations, while the space-saving fold-away design and gas-assisted mechanism make it practical for everyday use. The modular construction also allows the system to be reconfigured or expanded over time, making it an ideal long-term solution for modern multifunctional homes.",false,2026-08-25 08:58:00.439854+00,2026-08-25 08:58:00.439854+00
109,444888190100,5045979762830,5061118252434,,,,,,,Single XL Horizontal Studio MORPHY™ Bed,single-xl-horizontal-studio-morphy-bed-190x100,1900,1000,,2000,1035,400,1150,204,510,300,Horizontal,Studio,Black,,100,,,,,,1149,1149,1149,,,,,,,,MORPHY™ Beds > Horizontal > Studio,beds,Studio,true,Visible,Lifetime,"The Morphy Wall Bed is a flexible modular sleeping system designed to adapt to changing spaces and needs. Its versatile frame can be configured in different sizes and orientations, while the space-saving fold-away design and gas-assisted mechanism make it practical for everyday use. The modular construction also allows the system to be reconfigured or expanded over time, making it an ideal long-term solution for modern multifunctional homes.",/product-images/MORPHY-Bed-Vertical-Classic-200x200-6.webp,/product-images/MORPHY-Bed-Vertical-Classic-200x200-2-mattress.webp,"[""/product-images/MORPHY-Bed-Vertical-Classic-200x200-6.webp"",""/product-images/MORPHY-Bed-Vertical-Classic-200x200-2-mattress.webp"",""/product-images/morphy-integrated/160x200-4.jpg"",""/product-images/morphy-integrated/160x200-6.jpg"",""/product-images/morphy-integrated/160x200-8.jpg""]",Single XL Horizontal Studio MORPHY™ Bed 190x100 Black,Single XL Horizontal Studio MORPHY™ Bed 190x100,"The Morphy Wall Bed is a flexible modular sleeping system designed to adapt to changing spaces and needs. Its versatile frame can be configured in different sizes and orientations, while the space-saving fold-away design and gas-assisted mechanism make it practical for everyday use. The modular construction also allows the system to be reconfigured or expanded over time, making it an ideal long-term solution for modern multifunctional homes.",false,2026-08-25 08:58:00.439854+00,2026-08-25 08:58:00.439854+00
110,444888200100,5053064184172,5061099640077,5061099648974,5061099647816,5061099648394,5061099647236,5061099649551,5061118251574,Single XL Long Horizontal Studio MORPHY™ Bed,single-xl-long-horizontal-studio-morphy-bed-200x100,2000,1000,,2100,1035,400,1150,204,510,300,Horizontal,Studio,Black,,100,,,,,,1149,1149,1149,,,,,,,,MORPHY™ Beds > Horizontal > Studio,beds,Studio,true,Visible,Lifetime,"The Morphy Wall Bed is a flexible modular sleeping system designed to adapt to changing spaces and needs. Its versatile frame can be configured in different sizes and orientations, while the space-saving fold-away design and gas-assisted mechanism make it practical for everyday use. The modular construction also allows the system to be reconfigured or expanded over time, making it an ideal long-term solution for modern multifunctional homes.",/product-images/MORPHY-Bed-Vertical-Classic-200x200-6.webp,/product-images/MORPHY-Bed-Vertical-Classic-200x200-2-mattress.webp,"[""/product-images/MORPHY-Bed-Vertical-Classic-200x200-6.webp"",""/product-images/MORPHY-Bed-Vertical-Classic-200x200-2-mattress.webp"",""/product-images/morphy-integrated/160x200-4.jpg"",""/product-images/morphy-integrated/160x200-6.jpg"",""/product-images/morphy-integrated/160x200-8.jpg""]",Single XL Long Horizontal Studio MORPHY™ Bed 200x100 Black,Single XL Long Horizontal Studio MORPHY™ Bed 200x100,"The Morphy Wall Bed is a flexible modular sleeping system designed to adapt to changing spaces and needs. Its versatile frame can be configured in different sizes and orientations, while the space-saving fold-away design and gas-assisted mechanism make it practical for everyday use. The modular construction also allows the system to be reconfigured or expanded over time, making it an ideal long-term solution for modern multifunctional homes.",false,2026-08-25 08:58:00.439854+00,2026-08-25 08:58:00.439854+00
111,444888190120,5036488678213,5061099640084,5061099648981,5061099647823,5061099648400,5061099647243,5061099649568,5061118251598,Small Double Horizontal Studio MORPHY™ Bed,small-double-horizontal-studio-morphy-bed-190x120,1900,1200,,2000,1235,400,1350,204,510,300,Horizontal,Studio,Black,,100,,,,,,1199,1199,1199,,,,,,,,MORPHY™ Beds > Horizontal > Studio,beds,Studio,true,Visible,Lifetime,"The Morphy Wall Bed is a flexible modular sleeping system designed to adapt to changing spaces and needs. Its versatile frame can be configured in different sizes and orientations, while the space-saving fold-away design and gas-assisted mechanism make it practical for everyday use. The modular construction also allows the system to be reconfigured or expanded over time, making it an ideal long-term solution for modern multifunctional homes.",/product-images/MORPHY-Bed-Vertical-Classic-200x200-6.webp,/product-images/MORPHY-Bed-Vertical-Classic-200x200-2-mattress.webp,"[""/product-images/MORPHY-Bed-Vertical-Classic-200x200-6.webp"",""/product-images/MORPHY-Bed-Vertical-Classic-200x200-2-mattress.webp"",""/product-images/morphy-integrated/160x200-4.jpg"",""/product-images/morphy-integrated/160x200-6.jpg"",""/product-images/morphy-integrated/160x200-8.jpg""]",Small Double Horizontal Studio MORPHY™ Bed 190x120 Black,Small Double Horizontal Studio MORPHY™ Bed 190x120,"The Morphy Wall Bed is a flexible modular sleeping system designed to adapt to changing spaces and needs. Its versatile frame can be configured in different sizes and orientations, while the space-saving fold-away design and gas-assisted mechanism make it practical for everyday use. The modular construction also allows the system to be reconfigured or expanded over time, making it an ideal long-term solution for modern multifunctional homes.",false,2026-08-25 08:58:00.439854+00,2026-08-25 08:58:00.439854+00
112,444888200120,5054211687697,5061099640091,5061099648998,5061099647830,5061099648417,5061099647250,5061099649575,5061118251611,European Small Double Horizontal Studio MORPHY™ Bed,european-small-double-horizontal-studio-morphy-bed-200x120,2000,1200,,2100,1235,400,1350,204,510,300,Horizontal,Studio,Black,74,100,,115x51x22,155x27x17,135x45x20,,1199,1199,1199,,,,,,,,MORPHY™ Beds > Horizontal > Studio,beds,Studio,true,Visible,Lifetime,"The Morphy Wall Bed is a flexible modular sleeping system designed to adapt to changing spaces and needs. Its versatile frame can be configured in different sizes and orientations, while the space-saving fold-away design and gas-assisted mechanism make it practical for everyday use. The modular construction also allows the system to be reconfigured or expanded over time, making it an ideal long-term solution for modern multifunctional homes.",/product-images/MORPHY-Bed-Vertical-Classic-200x200-6.webp,/product-images/MORPHY-Bed-Vertical-Classic-200x200-2-mattress.webp,"[""/product-images/MORPHY-Bed-Vertical-Classic-200x200-6.webp"",""/product-images/MORPHY-Bed-Vertical-Classic-200x200-2-mattress.webp"",""/product-images/morphy-integrated/160x200-4.jpg"",""/product-images/morphy-integrated/160x200-6.jpg"",""/product-images/morphy-integrated/160x200-8.jpg""]",European Small Double Horizontal Studio MORPHY™ Bed 200x120 Black,European Small Double Horizontal Studio MORPHY™ Bed 200x120,"The Morphy Wall Bed is a flexible modular sleeping system designed to adapt to changing spaces and needs. Its versatile frame can be configured in different sizes and orientations, while the space-saving fold-away design and gas-assisted mechanism make it practical for everyday use. The modular construction also allows the system to be reconfigured or expanded over time, making it an ideal long-term solution for modern multifunctional homes.",false,2026-08-25 08:58:00.439854+00,2026-08-25 08:58:00.439854+00
113,444888190135,5029208035526,5061099640107,5061099649001,5061099647847,5061099648424,5061099647267,5061099649582,5061118251635,Double Horizontal Studio MORPHY™ Bed,double-horizontal-studio-morphy-bed-190x135,1900,1350,,2000,1385,400,1500,204,510,300,Horizontal,Studio,Black,73,100,,105x50x18,144x17x20,145x44x13,,1299,1299,1299,,,,,,,,MORPHY™ Beds > Horizontal > Studio,beds,Studio,true,Visible,Lifetime,"The Morphy Wall Bed is a flexible modular sleeping system designed to adapt to changing spaces and needs. Its versatile frame can be configured in different sizes and orientations, while the space-saving fold-away design and gas-assisted mechanism make it practical for everyday use. The modular construction also allows the system to be reconfigured or expanded over time, making it an ideal long-term solution for modern multifunctional homes.",/product-images/MORPHY-Bed-Vertical-Classic-200x200-6.webp,/product-images/MORPHY-Bed-Vertical-Classic-200x200-2-mattress.webp,"[""/product-images/MORPHY-Bed-Vertical-Classic-200x200-6.webp"",""/product-images/MORPHY-Bed-Vertical-Classic-200x200-2-mattress.webp"",""/product-images/morphy-integrated/160x200-4.jpg"",""/product-images/morphy-integrated/160x200-6.jpg"",""/product-images/morphy-integrated/160x200-8.jpg""]",Double Horizontal Studio MORPHY™ Bed 190x135 Black,Double Horizontal Studio MORPHY™ Bed 190x135,"The Morphy Wall Bed is a flexible modular sleeping system designed to adapt to changing spaces and needs. Its versatile frame can be configured in different sizes and orientations, while the space-saving fold-away design and gas-assisted mechanism make it practical for everyday use. The modular construction also allows the system to be reconfigured or expanded over time, making it an ideal long-term solution for modern multifunctional homes.",false,2026-08-25 08:58:00.439854+00,2026-08-25 08:58:00.439854+00
114,444888190140,5033275721116,5061099640114,5061099649018,5061099647854,5061099648431,5061099647274,5061099649599,5061118251659,European Double Horizontal Studio MORPHY™ Bed,european-double-horizontal-studio-morphy-bed-190x140,1900,1400,,2000,1435,400,1550,204,510,300,Horizontal,Studio,Black,72,100,,110x52x20,146x27x17,152x48x15,,1299,1299,1299,,,,,,,,MORPHY™ Beds > Horizontal > Studio,beds,Studio,true,Visible,Lifetime,"The Morphy Wall Bed is a flexible modular sleeping system designed to adapt to changing spaces and needs. Its versatile frame can be configured in different sizes and orientations, while the space-saving fold-away design and gas-assisted mechanism make it practical for everyday use. The modular construction also allows the system to be reconfigured or expanded over time, making it an ideal long-term solution for modern multifunctional homes.",/product-images/MORPHY-Bed-Vertical-Classic-200x200-6.webp,/product-images/MORPHY-Bed-Vertical-Classic-200x200-2-mattress.webp,"[""/product-images/MORPHY-Bed-Vertical-Classic-200x200-6.webp"",""/product-images/MORPHY-Bed-Vertical-Classic-200x200-2-mattress.webp"",""/product-images/morphy-integrated/160x200-4.jpg"",""/product-images/morphy-integrated/160x200-6.jpg"",""/product-images/morphy-integrated/160x200-8.jpg""]",European Double Horizontal Studio MORPHY™ Bed 190x140 Black,European Double Horizontal Studio MORPHY™ Bed 190x140,"The Morphy Wall Bed is a flexible modular sleeping system designed to adapt to changing spaces and needs. Its versatile frame can be configured in different sizes and orientations, while the space-saving fold-away design and gas-assisted mechanism make it practical for everyday use. The modular construction also allows the system to be reconfigured or expanded over time, making it an ideal long-term solution for modern multifunctional homes.",false,2026-08-25 08:58:00.439854+00,2026-08-25 08:58:00.439854+00
115,444888200140,5061453193697,5061099640121,5061099649025,5061099647861,5061099648448,5061099647281,5061099649605,5061118251673,European Double Long Horizontal Studio MORPHY™ Bed,european-double-long-horizontal-studio-morphy-bed-200x140,2000,1400,,2100,1435,400,1550,204,510,300,Horizontal,Studio,Black,72,100,,110x52x20,146x27x17,152x48x15,,1399,1399,1399,,,,,,,,MORPHY™ Beds > Horizontal > Studio,beds,Studio,true,Visible,Lifetime,"The Morphy Wall Bed is a flexible modular sleeping system designed to adapt to changing spaces and needs. Its versatile frame can be configured in different sizes and orientations, while the space-saving fold-away design and gas-assisted mechanism make it practical for everyday use. The modular construction also allows the system to be reconfigured or expanded over time, making it an ideal long-term solution for modern multifunctional homes.",/product-images/MORPHY-Bed-Vertical-Classic-200x200-6.webp,/product-images/MORPHY-Bed-Vertical-Classic-200x200-2-mattress.webp,"[""/product-images/MORPHY-Bed-Vertical-Classic-200x200-6.webp"",""/product-images/MORPHY-Bed-Vertical-Classic-200x200-2-mattress.webp"",""/product-images/morphy-integrated/160x200-4.jpg"",""/product-images/morphy-integrated/160x200-6.jpg"",""/product-images/morphy-integrated/160x200-8.jpg""]",European Double Long Horizontal Studio MORPHY™ Bed 200x140 Black,European Double Long Horizontal Studio MORPHY™ Bed 200x140,"The Morphy Wall Bed is a flexible modular sleeping system designed to adapt to changing spaces and needs. Its versatile frame can be configured in different sizes and orientations, while the space-saving fold-away design and gas-assisted mechanism make it practical for everyday use. The modular construction also allows the system to be reconfigured or expanded over time, making it an ideal long-term solution for modern multifunctional homes.",false,2026-08-25 08:58:00.439854+00,2026-08-25 08:58:00.439854+00
116,444888200150,5044114191164,5061099640138,5061099649032,5061099647878,5061099648455,5061099647298,5061099649612,5061118251697,King Horizontal Studio MORPHY™ Bed,king-horizontal-studio-morphy-bed-200x150,2000,1500,,2100,1535,400,1650,204,510,300,Horizontal,Studio,Black,78,100,,103x50x17,158x20x16,156x46x12,,1399,1399,1399,,,,,,,,MORPHY™ Beds > Horizontal > Studio,beds,Studio,true,Visible,Lifetime,"The Morphy Wall Bed is a flexible modular sleeping system designed to adapt to changing spaces and needs. Its versatile frame can be configured in different sizes and orientations, while the space-saving fold-away design and gas-assisted mechanism make it practical for everyday use. The modular construction also allows the system to be reconfigured or expanded over time, making it an ideal long-term solution for modern multifunctional homes.",/product-images/MORPHY-Bed-Vertical-Classic-200x200-6.webp,/product-images/MORPHY-Bed-Vertical-Classic-200x200-2-mattress.webp,"[""/product-images/MORPHY-Bed-Vertical-Classic-200x200-6.webp"",""/product-images/MORPHY-Bed-Vertical-Classic-200x200-2-mattress.webp"",""/product-images/morphy-integrated/160x200-4.jpg"",""/product-images/morphy-integrated/160x200-6.jpg"",""/product-images/morphy-integrated/160x200-8.jpg""]",King Horizontal Studio MORPHY™ Bed 200x150 Black,King Horizontal Studio MORPHY™ Bed 200x150,"The Morphy Wall Bed is a flexible modular sleeping system designed to adapt to changing spaces and needs. Its versatile frame can be configured in different sizes and orientations, while the space-saving fold-away design and gas-assisted mechanism make it practical for everyday use. The modular construction also allows the system to be reconfigured or expanded over time, making it an ideal long-term solution for modern multifunctional homes.",false,2026-08-25 08:58:00.439854+00,2026-08-25 08:58:00.439854+00
117,444888200160,5017537957726,5061099640145,5061099649049,5061099647885,5061099648462,5061099647304,5061099649629,5061118251710,European King Horizontal Studio MORPHY™ Bed,european-king-horizontal-studio-morphy-bed-200x160,2000,1600,,2100,1635,400,1750,204,510,300,Horizontal,Studio,Black,78.5,100,,107x50x20,165x21x16,170x47x15,,1449,1449,1449,,,,,,,,MORPHY™ Beds > Horizontal > Studio,beds,Studio,true,Visible,Lifetime,"The Morphy Wall Bed is a flexible modular sleeping system designed to adapt to changing spaces and needs. Its versatile frame can be configured in different sizes and orientations, while the space-saving fold-away design and gas-assisted mechanism make it practical for everyday use. The modular construction also allows the system to be reconfigured or expanded over time, making it an ideal long-term solution for modern multifunctional homes.",/product-images/MORPHY-Bed-Vertical-Classic-200x200-6.webp,/product-images/MORPHY-Bed-Vertical-Classic-200x200-2-mattress.webp,"[""/product-images/MORPHY-Bed-Vertical-Classic-200x200-6.webp"",""/product-images/MORPHY-Bed-Vertical-Classic-200x200-2-mattress.webp"",""/product-images/morphy-integrated/160x200-4.jpg"",""/product-images/morphy-integrated/160x200-6.jpg"",""/product-images/morphy-integrated/160x200-8.jpg""]",European King Horizontal Studio MORPHY™ Bed 200x160 Black,European King Horizontal Studio MORPHY™ Bed 200x160,"The Morphy Wall Bed is a flexible modular sleeping system designed to adapt to changing spaces and needs. Its versatile frame can be configured in different sizes and orientations, while the space-saving fold-away design and gas-assisted mechanism make it practical for everyday use. The modular construction also allows the system to be reconfigured or expanded over time, making it an ideal long-term solution for modern multifunctional homes.",false,2026-08-25 08:58:00.439854+00,2026-08-25 08:58:00.439854+00
118,,5025656856446,,,,,,,,Super King Horizontal Studio MORPHY™ Bed,super-king-horizontal-studio-morphy-bed-200x180,2000,1800,,2100,1835,400,1950,204,510,300,Horizontal,Studio,Black,,100,,,,,,1499,1499,1499,,,,,,,,MORPHY™ Beds > Horizontal > Studio,beds,Studio,true,Visible,Lifetime,"The Morphy Wall Bed is a flexible modular sleeping system designed to adapt to changing spaces and needs. Its versatile frame can be configured in different sizes and orientations, while the space-saving fold-away design and gas-assisted mechanism make it practical for everyday use. The modular construction also allows the system to be reconfigured or expanded over time, making it an ideal long-term solution for modern multifunctional homes.",/product-images/MORPHY-Bed-Vertical-Classic-200x200-6.webp,/product-images/MORPHY-Bed-Vertical-Classic-200x200-2-mattress.webp,"[""/product-images/MORPHY-Bed-Vertical-Classic-200x200-6.webp"",""/product-images/MORPHY-Bed-Vertical-Classic-200x200-2-mattress.webp"",""/product-images/morphy-integrated/160x200-4.jpg"",""/product-images/morphy-integrated/160x200-6.jpg"",""/product-images/morphy-integrated/160x200-8.jpg""]",Super King Horizontal Studio MORPHY™ Bed 200x180 Black,Super King Horizontal Studio MORPHY™ Bed 200x180,"The Morphy Wall Bed is a flexible modular sleeping system designed to adapt to changing spaces and needs. Its versatile frame can be configured in different sizes and orientations, while the space-saving fold-away design and gas-assisted mechanism make it practical for everyday use. The modular construction also allows the system to be reconfigured or expanded over time, making it an ideal long-term solution for modern multifunctional homes.",false,2026-08-25 08:58:00.439854+00,2026-08-25 08:58:00.439854+00
119,,5084727634603,,,,,,,,Super King XL Horizontal Studio MORPHY™ Bed,super-king-xl-horizontal-studio-morphy-bed-200x192,2000,1920,,2100,1955,400,2070,204,510,300,Horizontal,Studio,Black,67,100,,105x50x18,143x18x17,98x18x17,47x45x12,1549,1549,1549,,,,,,,,MORPHY™ Beds > Horizontal > Studio,beds,Studio,true,Visible,Lifetime,"The Morphy Wall Bed is a flexible modular sleeping system designed to adapt to changing spaces and needs. Its versatile frame can be configured in different sizes and orientations, while the space-saving fold-away design and gas-assisted mechanism make it practical for everyday use. The modular construction also allows the system to be reconfigured or expanded over time, making it an ideal long-term solution for modern multifunctional homes.",/product-images/MORPHY-Bed-Vertical-Classic-200x200-6.webp,/product-images/MORPHY-Bed-Vertical-Classic-200x200-2-mattress.webp,"[""/product-images/MORPHY-Bed-Vertical-Classic-200x200-6.webp"",""/product-images/MORPHY-Bed-Vertical-Classic-200x200-2-mattress.webp"",""/product-images/morphy-integrated/160x200-4.jpg"",""/product-images/morphy-integrated/160x200-6.jpg"",""/product-images/morphy-integrated/160x200-8.jpg""]",Super King XL Horizontal Studio MORPHY™ Bed 200x192 Black,Super King XL Horizontal Studio MORPHY™ Bed 200x192,"The Morphy Wall Bed is a flexible modular sleeping system designed to adapt to changing spaces and needs. Its versatile frame can be configured in different sizes and orientations, while the space-saving fold-away design and gas-assisted mechanism make it practical for everyday use. The modular construction also allows the system to be reconfigured or expanded over time, making it an ideal long-term solution for modern multifunctional homes.",false,2026-08-25 08:58:00.439854+00,2026-08-25 08:58:00.439854+00
120,,5004892680490,,,,,,,,Super King XXL Horizontal Studio MORPHY™ Bed,super-king-xxl-horizontal-studio-morphy-bed-200x200,2000,2000,,2100,2035,400,2150,204,510,300,Horizontal,Studio,Black,,100,,,,,,1599,1599,1599,,,,,,,,MORPHY™ Beds > Horizontal > Studio,beds,Studio,true,Visible,Lifetime,"The Morphy Wall Bed is a flexible modular sleeping system designed to adapt to changing spaces and needs. Its versatile frame can be configured in different sizes and orientations, while the space-saving fold-away design and gas-assisted mechanism make it practical for everyday use. The modular construction also allows the system to be reconfigured or expanded over time, making it an ideal long-term solution for modern multifunctional homes.",/product-images/MORPHY-Bed-Vertical-Classic-200x200-6.webp,/product-images/MORPHY-Bed-Vertical-Classic-200x200-2-mattress.webp,"[""/product-images/MORPHY-Bed-Vertical-Classic-200x200-6.webp"",""/product-images/MORPHY-Bed-Vertical-Classic-200x200-2-mattress.webp"",""/product-images/morphy-integrated/160x200-4.jpg"",""/product-images/morphy-integrated/160x200-6.jpg"",""/product-images/morphy-integrated/160x200-8.jpg""]",Super King XXL Horizontal Studio MORPHY™ Bed 200x200 Black,Super King XXL Horizontal Studio MORPHY™ Bed 200x200,"The Morphy Wall Bed is a flexible modular sleeping system designed to adapt to changing spaces and needs. Its versatile frame can be configured in different sizes and orientations, while the space-saving fold-away design and gas-assisted mechanism make it practical for everyday use. The modular construction also allows the system to be reconfigured or expanded over time, making it an ideal long-term solution for modern multifunctional homes.",false,2026-08-25 08:58:00.439854+00,2026-08-25 08:58:00.439854+00
121,44433376190,5063565765791,5061118252328,5061118252007,5061118250003,5061118250881,5061118250560,,5061118251727,Small Single Vertical Integrated MORPHY™ Bed,small-single-vertical-integrated-morphy-bed-76x190,760,1900,,874,1935,400,1930,204,524,300,Vertical,Integrated,Black,,100,,,,,,749,749,749,,,,,,,,MORPHY™ Beds > Vertical > Integrated,beds,Integrated,true,Visible,Lifetime,"The Morphy Wall Bed is a flexible modular sleeping system designed to adapt to changing spaces and needs. Its versatile frame can be configured in different sizes and orientations, while the space-saving fold-away design and gas-assisted mechanism make it practical for everyday use. The modular construction also allows the system to be reconfigured or expanded over time, making it an ideal long-term solution for modern multifunctional homes.",/product-images/morphy-integrated/160x200.jpg,/product-images/morphy-integrated/160x200-3.jpg,"[""/product-images/morphy-integrated/160x200.jpg"",""/product-images/morphy-integrated/160x200-2.jpg"",""/product-images/morphy-integrated/160x200-3.jpg"",""/product-images/morphy-integrated/160x200-4.jpg"",""/product-images/morphy-integrated/160x200-5.jpg"",""/product-images/morphy-integrated/160x200-6.jpg"",""/product-images/morphy-integrated/160x200-7.jpg"",""/product-images/morphy-integrated/160x200-8.jpg"",""/product-images/morphy-integrated/160x200-9.jpg"",""/product-images/morphy-integrated/160x200-10.jpg"",""/product-images/morphy-integrated/160x200-11.jpg"",""/product-images/morphy-integrated/160x200-12.jpg""]",Small Single Vertical Integrated MORPHY™ Bed 76x190 Black,Small Single Vertical Integrated MORPHY™ Bed 76x190,"The Morphy Wall Bed is a flexible modular sleeping system designed to adapt to changing spaces and needs. Its versatile frame can be configured in different sizes and orientations, while the space-saving fold-away design and gas-assisted mechanism make it practical for everyday use. The modular construction also allows the system to be reconfigured or expanded over time, making it an ideal long-term solution for modern multifunctional homes.",true,2026-08-25 08:58:00.439854+00,2026-08-25 08:58:00.439854+00
122,44433380190,5065065717451,5061118250300,,,,,,,Small Single XL Vertical Integrated MORPHY™ Bed,small-single-xl-vertical-integrated-morphy-bed-80x190,800,1900,,914,1935,400,1930,204,524,300,Vertical,Integrated,Black,,100,,,,,,749,749,749,,,,,,,,MORPHY™ Beds > Vertical > Integrated,beds,Integrated,true,Visible,Lifetime,"The Morphy Wall Bed is a flexible modular sleeping system designed to adapt to changing spaces and needs. Its versatile frame can be configured in different sizes and orientations, while the space-saving fold-away design and gas-assisted mechanism make it practical for everyday use. The modular construction also allows the system to be reconfigured or expanded over time, making it an ideal long-term solution for modern multifunctional homes.",/product-images/morphy-integrated/160x200.jpg,/product-images/morphy-integrated/160x200-3.jpg,"[""/product-images/morphy-integrated/160x200.jpg"",""/product-images/morphy-integrated/160x200-2.jpg"",""/product-images/morphy-integrated/160x200-3.jpg"",""/product-images/morphy-integrated/160x200-4.jpg"",""/product-images/morphy-integrated/160x200-5.jpg"",""/product-images/morphy-integrated/160x200-6.jpg"",""/product-images/morphy-integrated/160x200-7.jpg"",""/product-images/morphy-integrated/160x200-8.jpg"",""/product-images/morphy-integrated/160x200-9.jpg"",""/product-images/morphy-integrated/160x200-10.jpg"",""/product-images/morphy-integrated/160x200-11.jpg"",""/product-images/morphy-integrated/160x200-12.jpg""]",Small Single XL Vertical Integrated MORPHY™ Bed 80x190 Black,Small Single XL Vertical Integrated MORPHY™ Bed 80x190,"The Morphy Wall Bed is a flexible modular sleeping system designed to adapt to changing spaces and needs. Its versatile frame can be configured in different sizes and orientations, while the space-saving fold-away design and gas-assisted mechanism make it practical for everyday use. The modular construction also allows the system to be reconfigured or expanded over time, making it an ideal long-term solution for modern multifunctional homes.",true,2026-08-25 08:58:00.439854+00,2026-08-25 08:58:00.439854+00
123,44433380200,5093281643764,5061118250324,5061118252021,5061118250027,5061118250898,5061118250577,,5061118251741,Small Single XL Long Vertical Integrated MORPHY™ Bed,small-single-xl-long-vertical-integrated-morphy-bed-80x200,800,2000,,914,2035,400,2030,204,524,300,Vertical,Integrated,Black,,100,,,,,,749,749,749,,,,,,,,MORPHY™ Beds > Vertical > Integrated,beds,Integrated,true,Visible,Lifetime,"The Morphy Wall Bed is a flexible modular sleeping system designed to adapt to changing spaces and needs. Its versatile frame can be configured in different sizes and orientations, while the space-saving fold-away design and gas-assisted mechanism make it practical for everyday use. The modular construction also allows the system to be reconfigured or expanded over time, making it an ideal long-term solution for modern multifunctional homes.",/product-images/morphy-integrated/160x200.jpg,/product-images/morphy-integrated/160x200-3.jpg,"[""/product-images/morphy-integrated/160x200.jpg"",""/product-images/morphy-integrated/160x200-2.jpg"",""/product-images/morphy-integrated/160x200-3.jpg"",""/product-images/morphy-integrated/160x200-4.jpg"",""/product-images/morphy-integrated/160x200-5.jpg"",""/product-images/morphy-integrated/160x200-6.jpg"",""/product-images/morphy-integrated/160x200-7.jpg"",""/product-images/morphy-integrated/160x200-8.jpg"",""/product-images/morphy-integrated/160x200-9.jpg"",""/product-images/morphy-integrated/160x200-10.jpg"",""/product-images/morphy-integrated/160x200-11.jpg"",""/product-images/morphy-integrated/160x200-12.jpg""]",Small Single XL Long Vertical Integrated MORPHY™ Bed 80x200 Black,Small Single XL Long Vertical Integrated MORPHY™ Bed 80x200,"The Morphy Wall Bed is a flexible modular sleeping system designed to adapt to changing spaces and needs. Its versatile frame can be configured in different sizes and orientations, while the space-saving fold-away design and gas-assisted mechanism make it practical for everyday use. The modular construction also allows the system to be reconfigured or expanded over time, making it an ideal long-term solution for modern multifunctional homes.",true,2026-08-25 08:58:00.439854+00,2026-08-25 08:58:00.439854+00
124,44433390190,5013543976829,5061118250348,5061118252045,5061118250041,5061118250904,5061118250584,,5061118251765,Single Vertical Integrated MORPHY™ Bed,single-vertical-integrated-morphy-bed-90x190,900,1900,,1014,1935,400,1930,204,524,300,Vertical,Integrated,Black,,100,,,,,,749,749,749,,,,,,,,MORPHY™ Beds > Vertical > Integrated,beds,Integrated,true,Visible,Lifetime,"The Morphy Wall Bed is a flexible modular sleeping system designed to adapt to changing spaces and needs. Its versatile frame can be configured in different sizes and orientations, while the space-saving fold-away design and gas-assisted mechanism make it practical for everyday use. The modular construction also allows the system to be reconfigured or expanded over time, making it an ideal long-term solution for modern multifunctional homes.",/product-images/morphy-integrated/160x200.jpg,/product-images/morphy-integrated/160x200-3.jpg,"[""/product-images/morphy-integrated/160x200.jpg"",""/product-images/morphy-integrated/160x200-2.jpg"",""/product-images/morphy-integrated/160x200-3.jpg"",""/product-images/morphy-integrated/160x200-4.jpg"",""/product-images/morphy-integrated/160x200-5.jpg"",""/product-images/morphy-integrated/160x200-6.jpg"",""/product-images/morphy-integrated/160x200-7.jpg"",""/product-images/morphy-integrated/160x200-8.jpg"",""/product-images/morphy-integrated/160x200-9.jpg"",""/product-images/morphy-integrated/160x200-10.jpg"",""/product-images/morphy-integrated/160x200-11.jpg"",""/product-images/morphy-integrated/160x200-12.jpg""]",Single Vertical Integrated MORPHY™ Bed 90x190 Black,Single Vertical Integrated MORPHY™ Bed 90x190,"The Morphy Wall Bed is a flexible modular sleeping system designed to adapt to changing spaces and needs. Its versatile frame can be configured in different sizes and orientations, while the space-saving fold-away design and gas-assisted mechanism make it practical for everyday use. The modular construction also allows the system to be reconfigured or expanded over time, making it an ideal long-term solution for modern multifunctional homes.",true,2026-08-25 08:58:00.439854+00,2026-08-25 08:58:00.439854+00
125,44433390200,5090113796749,5061118250362,5061118252069,5061118250065,5061118250911,5061118250591,,5061118251789,European Single Vertical Integrated MORPHY™ Bed,european-single-vertical-integrated-morphy-bed-90x200,900,2000,,1014,2035,400,2030,204,524,300,Vertical,Integrated,Black,,100,,,,,,749,749,749,,,,,,,,MORPHY™ Beds > Vertical > Integrated,beds,Integrated,true,Visible,Lifetime,"The Morphy Wall Bed is a flexible modular sleeping system designed to adapt to changing spaces and needs. Its versatile frame can be configured in different sizes and orientations, while the space-saving fold-away design and gas-assisted mechanism make it practical for everyday use. The modular construction also allows the system to be reconfigured or expanded over time, making it an ideal long-term solution for modern multifunctional homes.",/product-images/morphy-integrated/160x200.jpg,/product-images/morphy-integrated/160x200-3.jpg,"[""/product-images/morphy-integrated/160x200.jpg"",""/product-images/morphy-integrated/160x200-2.jpg"",""/product-images/morphy-integrated/160x200-3.jpg"",""/product-images/morphy-integrated/160x200-4.jpg"",""/product-images/morphy-integrated/160x200-5.jpg"",""/product-images/morphy-integrated/160x200-6.jpg"",""/product-images/morphy-integrated/160x200-7.jpg"",""/product-images/morphy-integrated/160x200-8.jpg"",""/product-images/morphy-integrated/160x200-9.jpg"",""/product-images/morphy-integrated/160x200-10.jpg"",""/product-images/morphy-integrated/160x200-11.jpg"",""/product-images/morphy-integrated/160x200-12.jpg""]",European Single Vertical Integrated MORPHY™ Bed 90x200 Black,European Single Vertical Integrated MORPHY™ Bed 90x200,"The Morphy Wall Bed is a flexible modular sleeping system designed to adapt to changing spaces and needs. Its versatile frame can be configured in different sizes and orientations, while the space-saving fold-away design and gas-assisted mechanism make it practical for everyday use. The modular construction also allows the system to be reconfigured or expanded over time, making it an ideal long-term solution for modern multifunctional homes.",true,2026-08-25 08:58:00.439854+00,2026-08-25 08:58:00.439854+00
126,44433396190,5030124378487,,5061118252083,5061118250089,5061118250928,5061118250607,,,European Single XL Vertical Integrated MORPHY™ Bed,european-single-xl-vertical-integrated-morphy-bed-96x190,960,1900,,1074,1935,400,1930,204,524,300,Vertical,Integrated,Black,,100,,,,,,799,799,799,,,,,,,,MORPHY™ Beds > Vertical > Integrated,beds,Integrated,true,Visible,Lifetime,"The Morphy Wall Bed is a flexible modular sleeping system designed to adapt to changing spaces and needs. Its versatile frame can be configured in different sizes and orientations, while the space-saving fold-away design and gas-assisted mechanism make it practical for everyday use. The modular construction also allows the system to be reconfigured or expanded over time, making it an ideal long-term solution for modern multifunctional homes.",/product-images/morphy-integrated/160x200.jpg,/product-images/morphy-integrated/160x200-3.jpg,"[""/product-images/morphy-integrated/160x200.jpg"",""/product-images/morphy-integrated/160x200-2.jpg"",""/product-images/morphy-integrated/160x200-3.jpg"",""/product-images/morphy-integrated/160x200-4.jpg"",""/product-images/morphy-integrated/160x200-5.jpg"",""/product-images/morphy-integrated/160x200-6.jpg"",""/product-images/morphy-integrated/160x200-7.jpg"",""/product-images/morphy-integrated/160x200-8.jpg"",""/product-images/morphy-integrated/160x200-9.jpg"",""/product-images/morphy-integrated/160x200-10.jpg"",""/product-images/morphy-integrated/160x200-11.jpg"",""/product-images/morphy-integrated/160x200-12.jpg""]",European Single XL Vertical Integrated MORPHY™ Bed 96x190 Black,European Single XL Vertical Integrated MORPHY™ Bed 96x190,"The Morphy Wall Bed is a flexible modular sleeping system designed to adapt to changing spaces and needs. Its versatile frame can be configured in different sizes and orientations, while the space-saving fold-away design and gas-assisted mechanism make it practical for everyday use. The modular construction also allows the system to be reconfigured or expanded over time, making it an ideal long-term solution for modern multifunctional homes.",true,2026-08-25 08:58:00.439854+00,2026-08-25 08:58:00.439854+00
127,44433396200,5082151616479,,5061118252106,5061118250102,5061118250935,5061118250614,,,European Single XL Long Vertical Integrated MORPHY™ Bed,european-single-xl-long-vertical-integrated-morphy-bed-96x200,960,2000,,1074,2035,400,2030,204,510,300,Vertical,Integrated,Black,,100,,,,,,799,799,799,,,,,,,,MORPHY™ Beds > Vertical > Integrated,beds,Integrated,true,Visible,Lifetime,"The Morphy Wall Bed is a flexible modular sleeping system designed to adapt to changing spaces and needs. Its versatile frame can be configured in different sizes and orientations, while the space-saving fold-away design and gas-assisted mechanism make it practical for everyday use. The modular construction also allows the system to be reconfigured or expanded over time, making it an ideal long-term solution for modern multifunctional homes.",/product-images/morphy-integrated/160x200.jpg,/product-images/morphy-integrated/160x200-3.jpg,"[""/product-images/morphy-integrated/160x200.jpg"",""/product-images/morphy-integrated/160x200-2.jpg"",""/product-images/morphy-integrated/160x200-3.jpg"",""/product-images/morphy-integrated/160x200-4.jpg"",""/product-images/morphy-integrated/160x200-5.jpg"",""/product-images/morphy-integrated/160x200-6.jpg"",""/product-images/morphy-integrated/160x200-7.jpg"",""/product-images/morphy-integrated/160x200-8.jpg"",""/product-images/morphy-integrated/160x200-9.jpg"",""/product-images/morphy-integrated/160x200-10.jpg"",""/product-images/morphy-integrated/160x200-11.jpg"",""/product-images/morphy-integrated/160x200-12.jpg""]",European Single XL Long Vertical Integrated MORPHY™ Bed 96x200 Black,European Single XL Long Vertical Integrated MORPHY™ Bed 96x2,"The Morphy Wall Bed is a flexible modular sleeping system designed to adapt to changing spaces and needs. Its versatile frame can be configured in different sizes and orientations, while the space-saving fold-away design and gas-assisted mechanism make it practical for everyday use. The modular construction also allows the system to be reconfigured or expanded over time, making it an ideal long-term solution for modern multifunctional homes.",true,2026-08-25 08:58:00.439854+00,2026-08-25 08:58:00.439854+00
128,444333100190,5045546641243,5061118252366,,,,,,,Single XL Vertical Integrated MORPHY™ Bed,single-xl-vertical-integrated-morphy-bed-100x190,1000,1900,,1114,1935,300,1930,204,524,300,Vertical,Integrated,Black,,100,,,,,,799,799,799,,,,,,,,MORPHY™ Beds > Vertical > Integrated,beds,Integrated,true,Visible,Lifetime,"The Morphy Wall Bed is a flexible modular sleeping system designed to adapt to changing spaces and needs. Its versatile frame can be configured in different sizes and orientations, while the space-saving fold-away design and gas-assisted mechanism make it practical for everyday use. The modular construction also allows the system to be reconfigured or expanded over time, making it an ideal long-term solution for modern multifunctional homes.",/product-images/morphy-integrated/160x200.jpg,/product-images/morphy-integrated/160x200-3.jpg,"[""/product-images/morphy-integrated/160x200.jpg"",""/product-images/morphy-integrated/160x200-2.jpg"",""/product-images/morphy-integrated/160x200-3.jpg"",""/product-images/morphy-integrated/160x200-4.jpg"",""/product-images/morphy-integrated/160x200-5.jpg"",""/product-images/morphy-integrated/160x200-6.jpg"",""/product-images/morphy-integrated/160x200-7.jpg"",""/product-images/morphy-integrated/160x200-8.jpg"",""/product-images/morphy-integrated/160x200-9.jpg"",""/product-images/morphy-integrated/160x200-10.jpg"",""/product-images/morphy-integrated/160x200-11.jpg"",""/product-images/morphy-integrated/160x200-12.jpg""]",Single XL Vertical Integrated MORPHY™ Bed 100x190 Black,Single XL Vertical Integrated MORPHY™ Bed 100x190,"The Morphy Wall Bed is a flexible modular sleeping system designed to adapt to changing spaces and needs. Its versatile frame can be configured in different sizes and orientations, while the space-saving fold-away design and gas-assisted mechanism make it practical for everyday use. The modular construction also allows the system to be reconfigured or expanded over time, making it an ideal long-term solution for modern multifunctional homes.",true,2026-08-25 08:58:00.439854+00,2026-08-25 08:58:00.439854+00
129,444333100200,5035363337756,5061118250386,5061118252120,5061118250126,5061118250942,5061118250621,,5061118251802,Single XL Long Vertical Integrated MORPHY™ Bed,single-xl-long-vertical-integrated-morphy-bed-100x200,1000,2000,,1114,2035,300,2030,204,524,300,Vertical,Integrated,Black,,100,,,,,,799,799,799,,,,,,,,MORPHY™ Beds > Vertical > Integrated,beds,Integrated,true,Visible,Lifetime,"The Morphy Wall Bed is a flexible modular sleeping system designed to adapt to changing spaces and needs. Its versatile frame can be configured in different sizes and orientations, while the space-saving fold-away design and gas-assisted mechanism make it practical for everyday use. The modular construction also allows the system to be reconfigured or expanded over time, making it an ideal long-term solution for modern multifunctional homes.",/product-images/morphy-integrated/160x200.jpg,/product-images/morphy-integrated/160x200-3.jpg,"[""/product-images/morphy-integrated/160x200.jpg"",""/product-images/morphy-integrated/160x200-2.jpg"",""/product-images/morphy-integrated/160x200-3.jpg"",""/product-images/morphy-integrated/160x200-4.jpg"",""/product-images/morphy-integrated/160x200-5.jpg"",""/product-images/morphy-integrated/160x200-6.jpg"",""/product-images/morphy-integrated/160x200-7.jpg"",""/product-images/morphy-integrated/160x200-8.jpg"",""/product-images/morphy-integrated/160x200-9.jpg"",""/product-images/morphy-integrated/160x200-10.jpg"",""/product-images/morphy-integrated/160x200-11.jpg"",""/product-images/morphy-integrated/160x200-12.jpg""]",Single XL Long Vertical Integrated MORPHY™ Bed 100x200 Black,Single XL Long Vertical Integrated MORPHY™ Bed 100x200,"The Morphy Wall Bed is a flexible modular sleeping system designed to adapt to changing spaces and needs. Its versatile frame can be configured in different sizes and orientations, while the space-saving fold-away design and gas-assisted mechanism make it practical for everyday use. The modular construction also allows the system to be reconfigured or expanded over time, making it an ideal long-term solution for modern multifunctional homes.",true,2026-08-25 08:58:00.439854+00,2026-08-25 08:58:00.439854+00
130,444333120190,5091026323089,5061118250409,5061118252144,5061118250140,5061118250959,5061118250638,,5061118251826,Small Double Vertical Integrated MORPHY™ Bed,small-double-vertical-integrated-morphy-bed-120x190,1200,1900,,1314,1935,300,1930,204,524,300,Vertical,Integrated,Black,,100,,,,,,849,849,849,,,,,,,,MORPHY™ Beds > Vertical > Integrated,beds,Integrated,true,Visible,Lifetime,"The Morphy Wall Bed is a flexible modular sleeping system designed to adapt to changing spaces and needs. Its versatile frame can be configured in different sizes and orientations, while the space-saving fold-away design and gas-assisted mechanism make it practical for everyday use. The modular construction also allows the system to be reconfigured or expanded over time, making it an ideal long-term solution for modern multifunctional homes.",/product-images/morphy-integrated/160x200.jpg,/product-images/morphy-integrated/160x200-3.jpg,"[""/product-images/morphy-integrated/160x200.jpg"",""/product-images/morphy-integrated/160x200-2.jpg"",""/product-images/morphy-integrated/160x200-3.jpg"",""/product-images/morphy-integrated/160x200-4.jpg"",""/product-images/morphy-integrated/160x200-5.jpg"",""/product-images/morphy-integrated/160x200-6.jpg"",""/product-images/morphy-integrated/160x200-7.jpg"",""/product-images/morphy-integrated/160x200-8.jpg"",""/product-images/morphy-integrated/160x200-9.jpg"",""/product-images/morphy-integrated/160x200-10.jpg"",""/product-images/morphy-integrated/160x200-11.jpg"",""/product-images/morphy-integrated/160x200-12.jpg""]",Small Double Vertical Integrated MORPHY™ Bed 120x190 Black,Small Double Vertical Integrated MORPHY™ Bed 120x190,"The Morphy Wall Bed is a flexible modular sleeping system designed to adapt to changing spaces and needs. Its versatile frame can be configured in different sizes and orientations, while the space-saving fold-away design and gas-assisted mechanism make it practical for everyday use. The modular construction also allows the system to be reconfigured or expanded over time, making it an ideal long-term solution for modern multifunctional homes.",true,2026-08-25 08:58:00.439854+00,2026-08-25 08:58:00.439854+00
131,444333120200,5080066385157,5061118250423,5061118252168,5061118250164,5061118250966,5061118250645,,5061118251840,European Small Double Vertical Integrated MORPHY™ Bed,european-small-double-vertical-integrated-morphy-bed-120x200,1200,2000,,1314,2035,300,2030,204,524,300,Vertical,Integrated,Black,,100,,,,,,849,849,849,,,,,,,,MORPHY™ Beds > Vertical > Integrated,beds,Integrated,true,Visible,Lifetime,"The Morphy Wall Bed is a flexible modular sleeping system designed to adapt to changing spaces and needs. Its versatile frame can be configured in different sizes and orientations, while the space-saving fold-away design and gas-assisted mechanism make it practical for everyday use. The modular construction also allows the system to be reconfigured or expanded over time, making it an ideal long-term solution for modern multifunctional homes.",/product-images/morphy-integrated/160x200.jpg,/product-images/morphy-integrated/160x200-3.jpg,"[""/product-images/morphy-integrated/160x200.jpg"",""/product-images/morphy-integrated/160x200-2.jpg"",""/product-images/morphy-integrated/160x200-3.jpg"",""/product-images/morphy-integrated/160x200-4.jpg"",""/product-images/morphy-integrated/160x200-5.jpg"",""/product-images/morphy-integrated/160x200-6.jpg"",""/product-images/morphy-integrated/160x200-7.jpg"",""/product-images/morphy-integrated/160x200-8.jpg"",""/product-images/morphy-integrated/160x200-9.jpg"",""/product-images/morphy-integrated/160x200-10.jpg"",""/product-images/morphy-integrated/160x200-11.jpg"",""/product-images/morphy-integrated/160x200-12.jpg""]",European Small Double Vertical Integrated MORPHY™ Bed 120x200 Black,European Small Double Vertical Integrated MORPHY™ Bed 120x20,"The Morphy Wall Bed is a flexible modular sleeping system designed to adapt to changing spaces and needs. Its versatile frame can be configured in different sizes and orientations, while the space-saving fold-away design and gas-assisted mechanism make it practical for everyday use. The modular construction also allows the system to be reconfigured or expanded over time, making it an ideal long-term solution for modern multifunctional homes.",true,2026-08-25 08:58:00.439854+00,2026-08-25 08:58:00.439854+00
132,444333135190,5036061123030,5061118250447,5061118252182,5061118250188,5061118250973,5061118250652,,5061118251864,Double Vertical Integrated MORPHY™ Bed,double-vertical-integrated-morphy-bed-135x190,1350,1900,,1464,1935,300,1930,204,524,300,Vertical,Integrated,Black,,100,,,,,,899,899,899,,,,,,,,MORPHY™ Beds > Vertical > Integrated,beds,Integrated,true,Visible,Lifetime,"The Morphy Wall Bed is a flexible modular sleeping system designed to adapt to changing spaces and needs. Its versatile frame can be configured in different sizes and orientations, while the space-saving fold-away design and gas-assisted mechanism make it practical for everyday use. The modular construction also allows the system to be reconfigured or expanded over time, making it an ideal long-term solution for modern multifunctional homes.",/product-images/morphy-integrated/160x200.jpg,/product-images/morphy-integrated/160x200-3.jpg,"[""/product-images/morphy-integrated/160x200.jpg"",""/product-images/morphy-integrated/160x200-2.jpg"",""/product-images/morphy-integrated/160x200-3.jpg"",""/product-images/morphy-integrated/160x200-4.jpg"",""/product-images/morphy-integrated/160x200-5.jpg"",""/product-images/morphy-integrated/160x200-6.jpg"",""/product-images/morphy-integrated/160x200-7.jpg"",""/product-images/morphy-integrated/160x200-8.jpg"",""/product-images/morphy-integrated/160x200-9.jpg"",""/product-images/morphy-integrated/160x200-10.jpg"",""/product-images/morphy-integrated/160x200-11.jpg"",""/product-images/morphy-integrated/160x200-12.jpg""]",Double Vertical Integrated MORPHY™ Bed 135x190 Black,Double Vertical Integrated MORPHY™ Bed 135x190,"The Morphy Wall Bed is a flexible modular sleeping system designed to adapt to changing spaces and needs. Its versatile frame can be configured in different sizes and orientations, while the space-saving fold-away design and gas-assisted mechanism make it practical for everyday use. The modular construction also allows the system to be reconfigured or expanded over time, making it an ideal long-term solution for modern multifunctional homes.",true,2026-08-25 08:58:00.439854+00,2026-08-25 08:58:00.439854+00
133,444333140190,5069990754831,5061118250461,5061118252205,5061118250201,5061118250980,5061118250669,,5061118251888,European Double Vertical Integrated MORPHY™ Bed,european-double-vertical-integrated-morphy-bed-140x190,1400,1900,,1514,1935,300,1930,204,524,300,Vertical,Integrated,Black,,100,,,,,,899,899,899,,,,,,,,MORPHY™ Beds > Vertical > Integrated,beds,Integrated,true,Visible,Lifetime,"The Morphy Wall Bed is a flexible modular sleeping system designed to adapt to changing spaces and needs. Its versatile frame can be configured in different sizes and orientations, while the space-saving fold-away design and gas-assisted mechanism make it practical for everyday use. The modular construction also allows the system to be reconfigured or expanded over time, making it an ideal long-term solution for modern multifunctional homes.",/product-images/morphy-integrated/160x200.jpg,/product-images/morphy-integrated/160x200-3.jpg,"[""/product-images/morphy-integrated/160x200.jpg"",""/product-images/morphy-integrated/160x200-2.jpg"",""/product-images/morphy-integrated/160x200-3.jpg"",""/product-images/morphy-integrated/160x200-4.jpg"",""/product-images/morphy-integrated/160x200-5.jpg"",""/product-images/morphy-integrated/160x200-6.jpg"",""/product-images/morphy-integrated/160x200-7.jpg"",""/product-images/morphy-integrated/160x200-8.jpg"",""/product-images/morphy-integrated/160x200-9.jpg"",""/product-images/morphy-integrated/160x200-10.jpg"",""/product-images/morphy-integrated/160x200-11.jpg"",""/product-images/morphy-integrated/160x200-12.jpg""]",European Double Vertical Integrated MORPHY™ Bed 140x190 Black,European Double Vertical Integrated MORPHY™ Bed 140x190,"The Morphy Wall Bed is a flexible modular sleeping system designed to adapt to changing spaces and needs. Its versatile frame can be configured in different sizes and orientations, while the space-saving fold-away design and gas-assisted mechanism make it practical for everyday use. The modular construction also allows the system to be reconfigured or expanded over time, making it an ideal long-term solution for modern multifunctional homes.",true,2026-08-25 08:58:00.439854+00,2026-08-25 08:58:00.439854+00
134,444333140200,5046056296305,5061118250485,5061118252229,5061118250225,5061118250997,5061118250676,,5061118251901,European Double Long Vertical Integrated MORPHY™ Bed,european-double-long-vertical-integrated-morphy-bed-140x200,1400,2000,,1514,2035,300,2030,204,524,300,Vertical,Integrated,Black,,100,,,,,,949,949,949,,,,,,,,MORPHY™ Beds > Vertical > Integrated,beds,Integrated,true,Visible,Lifetime,"The Morphy Wall Bed is a flexible modular sleeping system designed to adapt to changing spaces and needs. Its versatile frame can be configured in different sizes and orientations, while the space-saving fold-away design and gas-assisted mechanism make it practical for everyday use. The modular construction also allows the system to be reconfigured or expanded over time, making it an ideal long-term solution for modern multifunctional homes.",/product-images/morphy-integrated/160x200.jpg,/product-images/morphy-integrated/160x200-3.jpg,"[""/product-images/morphy-integrated/160x200.jpg"",""/product-images/morphy-integrated/160x200-2.jpg"",""/product-images/morphy-integrated/160x200-3.jpg"",""/product-images/morphy-integrated/160x200-4.jpg"",""/product-images/morphy-integrated/160x200-5.jpg"",""/product-images/morphy-integrated/160x200-6.jpg"",""/product-images/morphy-integrated/160x200-7.jpg"",""/product-images/morphy-integrated/160x200-8.jpg"",""/product-images/morphy-integrated/160x200-9.jpg"",""/product-images/morphy-integrated/160x200-10.jpg"",""/product-images/morphy-integrated/160x200-11.jpg"",""/product-images/morphy-integrated/160x200-12.jpg""]",European Double Long Vertical Integrated MORPHY™ Bed 140x200 Black,European Double Long Vertical Integrated MORPHY™ Bed 140x200,"The Morphy Wall Bed is a flexible modular sleeping system designed to adapt to changing spaces and needs. Its versatile frame can be configured in different sizes and orientations, while the space-saving fold-away design and gas-assisted mechanism make it practical for everyday use. The modular construction also allows the system to be reconfigured or expanded over time, making it an ideal long-term solution for modern multifunctional homes.",true,2026-08-25 08:58:00.439854+00,2026-08-25 08:58:00.439854+00
135,444333150200,5093635318512,5061118250508,5061118252243,5061118250249,5061118251000,5061118250683,,5061118251925,King Vertical Integrated MORPHY™ Bed,king-vertical-integrated-morphy-bed-150x200,1500,2000,,1614,2035,300,2030,204,524,300,Vertical,Integrated,Black,,100,,,,,,999,999,999,,,,,,,,MORPHY™ Beds > Vertical > Integrated,beds,Integrated,true,Visible,Lifetime,"The Morphy Wall Bed is a flexible modular sleeping system designed to adapt to changing spaces and needs. Its versatile frame can be configured in different sizes and orientations, while the space-saving fold-away design and gas-assisted mechanism make it practical for everyday use. The modular construction also allows the system to be reconfigured or expanded over time, making it an ideal long-term solution for modern multifunctional homes.",/product-images/morphy-integrated/160x200.jpg,/product-images/morphy-integrated/160x200-3.jpg,"[""/product-images/morphy-integrated/160x200.jpg"",""/product-images/morphy-integrated/160x200-2.jpg"",""/product-images/morphy-integrated/160x200-3.jpg"",""/product-images/morphy-integrated/160x200-4.jpg"",""/product-images/morphy-integrated/160x200-5.jpg"",""/product-images/morphy-integrated/160x200-6.jpg"",""/product-images/morphy-integrated/160x200-7.jpg"",""/product-images/morphy-integrated/160x200-8.jpg"",""/product-images/morphy-integrated/160x200-9.jpg"",""/product-images/morphy-integrated/160x200-10.jpg"",""/product-images/morphy-integrated/160x200-11.jpg"",""/product-images/morphy-integrated/160x200-12.jpg""]",King Vertical Integrated MORPHY™ Bed 150x200 Black,King Vertical Integrated MORPHY™ Bed 150x200,"The Morphy Wall Bed is a flexible modular sleeping system designed to adapt to changing spaces and needs. Its versatile frame can be configured in different sizes and orientations, while the space-saving fold-away design and gas-assisted mechanism make it practical for everyday use. The modular construction also allows the system to be reconfigured or expanded over time, making it an ideal long-term solution for modern multifunctional homes.",true,2026-08-25 08:58:00.439854+00,2026-08-25 08:58:00.439854+00
136,444333160200,5009958577408,5061118250522,5061118252267,5061118250263,5061118251017,5061118250690,,5061118251949,European King Vertical Integrated MORPHY™ Bed,european-king-vertical-integrated-morphy-bed-160x200,1600,2000,,1714,2035,300,2030,204,524,300,Vertical,Integrated,Black,,100,,,,,,999,999,999,,,,,,,,MORPHY™ Beds > Vertical > Integrated,beds,Integrated,true,Visible,Lifetime,"The Morphy Wall Bed is a flexible modular sleeping system designed to adapt to changing spaces and needs. Its versatile frame can be configured in different sizes and orientations, while the space-saving fold-away design and gas-assisted mechanism make it practical for everyday use. The modular construction also allows the system to be reconfigured or expanded over time, making it an ideal long-term solution for modern multifunctional homes.",/product-images/morphy-integrated/160x200.jpg,/product-images/morphy-integrated/160x200-3.jpg,"[""/product-images/morphy-integrated/160x200.jpg"",""/product-images/morphy-integrated/160x200-2.jpg"",""/product-images/morphy-integrated/160x200-3.jpg"",""/product-images/morphy-integrated/160x200-4.jpg"",""/product-images/morphy-integrated/160x200-5.jpg"",""/product-images/morphy-integrated/160x200-6.jpg"",""/product-images/morphy-integrated/160x200-7.jpg"",""/product-images/morphy-integrated/160x200-8.jpg"",""/product-images/morphy-integrated/160x200-9.jpg"",""/product-images/morphy-integrated/160x200-10.jpg"",""/product-images/morphy-integrated/160x200-11.jpg"",""/product-images/morphy-integrated/160x200-12.jpg""]",European King Vertical Integrated MORPHY™ Bed 160x200 Black,European King Vertical Integrated MORPHY™ Bed 160x200,"The Morphy Wall Bed is a flexible modular sleeping system designed to adapt to changing spaces and needs. Its versatile frame can be configured in different sizes and orientations, while the space-saving fold-away design and gas-assisted mechanism make it practical for everyday use. The modular construction also allows the system to be reconfigured or expanded over time, making it an ideal long-term solution for modern multifunctional homes.",true,2026-08-25 08:58:00.439854+00,2026-08-25 08:58:00.439854+00
137,444333180200,5042730834551,5061118250546,5061118252281,5061118250287,5061118251024,5061118250706,,5061118251963,Super King Vertical Integrated MORPHY™ Bed,super-king-vertical-integrated-morphy-bed-180x200,1800,2000,,1914,2035,300,2030,204,524,300,Vertical,Integrated,Black,,100,,,,,,1099,1099,1099,,,,,,,,MORPHY™ Beds > Vertical > Integrated,beds,Integrated,true,Visible,Lifetime,"The Morphy Wall Bed is a flexible modular sleeping system designed to adapt to changing spaces and needs. Its versatile frame can be configured in different sizes and orientations, while the space-saving fold-away design and gas-assisted mechanism make it practical for everyday use. The modular construction also allows the system to be reconfigured or expanded over time, making it an ideal long-term solution for modern multifunctional homes.",/product-images/morphy-integrated/160x200.jpg,/product-images/morphy-integrated/160x200-3.jpg,"[""/product-images/morphy-integrated/160x200.jpg"",""/product-images/morphy-integrated/160x200-2.jpg"",""/product-images/morphy-integrated/160x200-3.jpg"",""/product-images/morphy-integrated/160x200-4.jpg"",""/product-images/morphy-integrated/160x200-5.jpg"",""/product-images/morphy-integrated/160x200-6.jpg"",""/product-images/morphy-integrated/160x200-7.jpg"",""/product-images/morphy-integrated/160x200-8.jpg"",""/product-images/morphy-integrated/160x200-9.jpg"",""/product-images/morphy-integrated/160x200-10.jpg"",""/product-images/morphy-integrated/160x200-11.jpg"",""/product-images/morphy-integrated/160x200-12.jpg""]",Super King Vertical Integrated MORPHY™ Bed 180x200 Black,Super King Vertical Integrated MORPHY™ Bed 180x200,"The Morphy Wall Bed is a flexible modular sleeping system designed to adapt to changing spaces and needs. Its versatile frame can be configured in different sizes and orientations, while the space-saving fold-away design and gas-assisted mechanism make it practical for everyday use. The modular construction also allows the system to be reconfigured or expanded over time, making it an ideal long-term solution for modern multifunctional homes.",true,2026-08-25 08:58:00.439854+00,2026-08-25 08:58:00.439854+00
138,444333192200,5016649863089,,5061118252304,5061118251987,5061118251031,5061118250713,,,Super King XL Vertical Integrated MORPHY™ Bed,super-king-xl-vertical-integrated-morphy-bed-192x200,1920,2000,,2034,2035,300,2030,204,524,300,Vertical,Integrated,Black,,100,,,,,,1149,1149,1149,,,,,,,,MORPHY™ Beds > Vertical > Integrated,beds,Integrated,true,Visible,Lifetime,"The Morphy Wall Bed is a flexible modular sleeping system designed to adapt to changing spaces and needs. Its versatile frame can be configured in different sizes and orientations, while the space-saving fold-away design and gas-assisted mechanism make it practical for everyday use. The modular construction also allows the system to be reconfigured or expanded over time, making it an ideal long-term solution for modern multifunctional homes.",/product-images/morphy-integrated/160x200.jpg,/product-images/morphy-integrated/160x200-3.jpg,"[""/product-images/morphy-integrated/160x200.jpg"",""/product-images/morphy-integrated/160x200-2.jpg"",""/product-images/morphy-integrated/160x200-3.jpg"",""/product-images/morphy-integrated/160x200-4.jpg"",""/product-images/morphy-integrated/160x200-5.jpg"",""/product-images/morphy-integrated/160x200-6.jpg"",""/product-images/morphy-integrated/160x200-7.jpg"",""/product-images/morphy-integrated/160x200-8.jpg"",""/product-images/morphy-integrated/160x200-9.jpg"",""/product-images/morphy-integrated/160x200-10.jpg"",""/product-images/morphy-integrated/160x200-11.jpg"",""/product-images/morphy-integrated/160x200-12.jpg""]",Super King XL Vertical Integrated MORPHY™ Bed 192x200 Black,Super King XL Vertical Integrated MORPHY™ Bed 192x200,"The Morphy Wall Bed is a flexible modular sleeping system designed to adapt to changing spaces and needs. Its versatile frame can be configured in different sizes and orientations, while the space-saving fold-away design and gas-assisted mechanism make it practical for everyday use. The modular construction also allows the system to be reconfigured or expanded over time, making it an ideal long-term solution for modern multifunctional homes.",true,2026-08-25 08:58:00.439854+00,2026-08-25 08:58:00.439854+00
139,444333200200,5059774729551,5061118252465,,,,,,,Super King XXL Vertical Integrated MORPHY™ Bed,super-king-xxl-vertical-integrated-morphy-bed-200x200,2000,2000,,2114,2035,300,2030,204,524,300,Vertical,Integrated,Black,,100,,,,,,1199,1199,1199,,,,,,,,MORPHY™ Beds > Vertical > Integrated,beds,Integrated,true,Visible,Lifetime,"The Morphy Wall Bed is a flexible modular sleeping system designed to adapt to changing spaces and needs. Its versatile frame can be configured in different sizes and orientations, while the space-saving fold-away design and gas-assisted mechanism make it practical for everyday use. The modular construction also allows the system to be reconfigured or expanded over time, making it an ideal long-term solution for modern multifunctional homes.",/product-images/morphy-integrated/160x200.jpg,/product-images/morphy-integrated/160x200-3.jpg,"[""/product-images/morphy-integrated/160x200.jpg"",""/product-images/morphy-integrated/160x200-2.jpg"",""/product-images/morphy-integrated/160x200-3.jpg"",""/product-images/morphy-integrated/160x200-4.jpg"",""/product-images/morphy-integrated/160x200-5.jpg"",""/product-images/morphy-integrated/160x200-6.jpg"",""/product-images/morphy-integrated/160x200-7.jpg"",""/product-images/morphy-integrated/160x200-8.jpg"",""/product-images/morphy-integrated/160x200-9.jpg"",""/product-images/morphy-integrated/160x200-10.jpg"",""/product-images/morphy-integrated/160x200-11.jpg"",""/product-images/morphy-integrated/160x200-12.jpg""]",Super King XXL Vertical Integrated MORPHY™ Bed 200x200 Black,Super King XXL Vertical Integrated MORPHY™ Bed 200x200,"The Morphy Wall Bed is a flexible modular sleeping system designed to adapt to changing spaces and needs. Its versatile frame can be configured in different sizes and orientations, while the space-saving fold-away design and gas-assisted mechanism make it practical for everyday use. The modular construction also allows the system to be reconfigured or expanded over time, making it an ideal long-term solution for modern multifunctional homes.",true,2026-08-25 08:58:00.439854+00,2026-08-25 08:58:00.439854+00
140,44433319076,5066960716192,5061118252335,5061118252014,5061118250027,5061118251048,5061118250720,,5061118251734,Small Single Horizontal Integrated MORPHY™ Bed,small-single-horizontal-integrated-morphy-bed-190x76,1900,760,,2014,795,300,790,204,524,300,Horizontal,Integrated,Black,,100,,,,,,749,749,749,,,,,,,,MORPHY™ Beds > Horizontal > Integrated,beds,Integrated,true,Visible,Lifetime,"The Morphy Wall Bed is a flexible modular sleeping system designed to adapt to changing spaces and needs. Its versatile frame can be configured in different sizes and orientations, while the space-saving fold-away design and gas-assisted mechanism make it practical for everyday use. The modular construction also allows the system to be reconfigured or expanded over time, making it an ideal long-term solution for modern multifunctional homes.",/product-images/morphy-integrated/160x200.jpg,/product-images/morphy-integrated/160x200-3.jpg,"[""/product-images/morphy-integrated/160x200.jpg"",""/product-images/morphy-integrated/160x200-2.jpg"",""/product-images/morphy-integrated/160x200-3.jpg"",""/product-images/morphy-integrated/160x200-4.jpg"",""/product-images/morphy-integrated/160x200-5.jpg"",""/product-images/morphy-integrated/160x200-6.jpg"",""/product-images/morphy-integrated/160x200-7.jpg"",""/product-images/morphy-integrated/160x200-8.jpg"",""/product-images/morphy-integrated/160x200-9.jpg"",""/product-images/morphy-integrated/160x200-10.jpg"",""/product-images/morphy-integrated/160x200-11.jpg"",""/product-images/morphy-integrated/160x200-12.jpg""]",Small Single Horizontal Integrated MORPHY™ Bed 190x76 Black,Small Single Horizontal Integrated MORPHY™ Bed 190x76,"The Morphy Wall Bed is a flexible modular sleeping system designed to adapt to changing spaces and needs. Its versatile frame can be configured in different sizes and orientations, while the space-saving fold-away design and gas-assisted mechanism make it practical for everyday use. The modular construction also allows the system to be reconfigured or expanded over time, making it an ideal long-term solution for modern multifunctional homes.",true,2026-08-25 08:58:00.439854+00,2026-08-25 08:58:00.439854+00
141,44433319080,5096826451400,5061118250317,,,,,,,Small Single XL Horizontal Integrated MORPHY™ Bed,small-single-xl-horizontal-integrated-morphy-bed-190x80,1900,800,,2014,835,300,830,204,524,300,Horizontal,Integrated,Black,,100,,,,,,749,749,749,,,,,,,,MORPHY™ Beds > Horizontal > Integrated,beds,Integrated,true,Visible,Lifetime,"The Morphy Wall Bed is a flexible modular sleeping system designed to adapt to changing spaces and needs. Its versatile frame can be configured in different sizes and orientations, while the space-saving fold-away design and gas-assisted mechanism make it practical for everyday use. The modular construction also allows the system to be reconfigured or expanded over time, making it an ideal long-term solution for modern multifunctional homes.",/product-images/morphy-integrated/160x200.jpg,/product-images/morphy-integrated/160x200-3.jpg,"[""/product-images/morphy-integrated/160x200.jpg"",""/product-images/morphy-integrated/160x200-2.jpg"",""/product-images/morphy-integrated/160x200-3.jpg"",""/product-images/morphy-integrated/160x200-4.jpg"",""/product-images/morphy-integrated/160x200-5.jpg"",""/product-images/morphy-integrated/160x200-6.jpg"",""/product-images/morphy-integrated/160x200-7.jpg"",""/product-images/morphy-integrated/160x200-8.jpg"",""/product-images/morphy-integrated/160x200-9.jpg"",""/product-images/morphy-integrated/160x200-10.jpg"",""/product-images/morphy-integrated/160x200-11.jpg"",""/product-images/morphy-integrated/160x200-12.jpg""]",Small Single XL Horizontal Integrated MORPHY™ Bed 190x80 Black,Small Single XL Horizontal Integrated MORPHY™ Bed 190x80,"The Morphy Wall Bed is a flexible modular sleeping system designed to adapt to changing spaces and needs. Its versatile frame can be configured in different sizes and orientations, while the space-saving fold-away design and gas-assisted mechanism make it practical for everyday use. The modular construction also allows the system to be reconfigured or expanded over time, making it an ideal long-term solution for modern multifunctional homes.",true,2026-08-25 08:58:00.439854+00,2026-08-25 08:58:00.439854+00
142,44433320080,5054511279659,5061118250331,5061118252038,5061118250034,5061118251055,5061118250737,,5061118251758,Small Single XL Long Horizontal Integrated MORPHY™ Bed,small-single-xl-long-horizontal-integrated-morphy-bed-200x80,2000,800,,2114,835,300,830,204,524,300,Horizontal,Integrated,Black,,100,,,,,,749,749,749,,,,,,,,MORPHY™ Beds > Horizontal > Integrated,beds,Integrated,true,Visible,Lifetime,"The Morphy Wall Bed is a flexible modular sleeping system designed to adapt to changing spaces and needs. Its versatile frame can be configured in different sizes and orientations, while the space-saving fold-away design and gas-assisted mechanism make it practical for everyday use. The modular construction also allows the system to be reconfigured or expanded over time, making it an ideal long-term solution for modern multifunctional homes.",/product-images/morphy-integrated/160x200.jpg,/product-images/morphy-integrated/160x200-3.jpg,"[""/product-images/morphy-integrated/160x200.jpg"",""/product-images/morphy-integrated/160x200-2.jpg"",""/product-images/morphy-integrated/160x200-3.jpg"",""/product-images/morphy-integrated/160x200-4.jpg"",""/product-images/morphy-integrated/160x200-5.jpg"",""/product-images/morphy-integrated/160x200-6.jpg"",""/product-images/morphy-integrated/160x200-7.jpg"",""/product-images/morphy-integrated/160x200-8.jpg"",""/product-images/morphy-integrated/160x200-9.jpg"",""/product-images/morphy-integrated/160x200-10.jpg"",""/product-images/morphy-integrated/160x200-11.jpg"",""/product-images/morphy-integrated/160x200-12.jpg""]",Small Single XL Long Horizontal Integrated MORPHY™ Bed 200x80 Black,Small Single XL Long Horizontal Integrated MORPHY™ Bed 200x8,"The Morphy Wall Bed is a flexible modular sleeping system designed to adapt to changing spaces and needs. Its versatile frame can be configured in different sizes and orientations, while the space-saving fold-away design and gas-assisted mechanism make it practical for everyday use. The modular construction also allows the system to be reconfigured or expanded over time, making it an ideal long-term solution for modern multifunctional homes.",true,2026-08-25 08:58:00.439854+00,2026-08-25 08:58:00.439854+00
143,44433319090,5033646168928,5061118250355,5061118252052,5061118250058,5061118251062,5061118250744,,5061118251772,Single Horizontal Integrated MORPHY™ Bed,single-horizontal-integrated-morphy-bed-190x90,1900,900,,2014,935,300,930,204,524,300,Horizontal,Integrated,Black,,100,,,,,,749,749,749,,,,,,,,MORPHY™ Beds > Horizontal > Integrated,beds,Integrated,true,Visible,Lifetime,"The Morphy Wall Bed is a flexible modular sleeping system designed to adapt to changing spaces and needs. Its versatile frame can be configured in different sizes and orientations, while the space-saving fold-away design and gas-assisted mechanism make it practical for everyday use. The modular construction also allows the system to be reconfigured or expanded over time, making it an ideal long-term solution for modern multifunctional homes.",/product-images/morphy-integrated/160x200.jpg,/product-images/morphy-integrated/160x200-3.jpg,"[""/product-images/morphy-integrated/160x200.jpg"",""/product-images/morphy-integrated/160x200-2.jpg"",""/product-images/morphy-integrated/160x200-3.jpg"",""/product-images/morphy-integrated/160x200-4.jpg"",""/product-images/morphy-integrated/160x200-5.jpg"",""/product-images/morphy-integrated/160x200-6.jpg"",""/product-images/morphy-integrated/160x200-7.jpg"",""/product-images/morphy-integrated/160x200-8.jpg"",""/product-images/morphy-integrated/160x200-9.jpg"",""/product-images/morphy-integrated/160x200-10.jpg"",""/product-images/morphy-integrated/160x200-11.jpg"",""/product-images/morphy-integrated/160x200-12.jpg""]",Single Horizontal Integrated MORPHY™ Bed 190x90 Black,Single Horizontal Integrated MORPHY™ Bed 190x90,"The Morphy Wall Bed is a flexible modular sleeping system designed to adapt to changing spaces and needs. Its versatile frame can be configured in different sizes and orientations, while the space-saving fold-away design and gas-assisted mechanism make it practical for everyday use. The modular construction also allows the system to be reconfigured or expanded over time, making it an ideal long-term solution for modern multifunctional homes.",true,2026-08-25 08:58:00.439854+00,2026-08-25 08:58:00.439854+00
144,44433320090,5005926936169,5061118250379,5061118252076,5061118250072,5061118251079,5061118250751,,5061118251796,European Single Horizontal Integrated MORPHY™ Bed,european-single-horizontal-integrated-morphy-bed-200x90,2000,900,,2114,935,300,930,204,524,300,Horizontal,Integrated,Black,,100,,,,,,749,749,749,,,,,,,,MORPHY™ Beds > Horizontal > Integrated,beds,Integrated,true,Visible,Lifetime,"The Morphy Wall Bed is a flexible modular sleeping system designed to adapt to changing spaces and needs. Its versatile frame can be configured in different sizes and orientations, while the space-saving fold-away design and gas-assisted mechanism make it practical for everyday use. The modular construction also allows the system to be reconfigured or expanded over time, making it an ideal long-term solution for modern multifunctional homes.",/product-images/morphy-integrated/160x200.jpg,/product-images/morphy-integrated/160x200-3.jpg,"[""/product-images/morphy-integrated/160x200.jpg"",""/product-images/morphy-integrated/160x200-2.jpg"",""/product-images/morphy-integrated/160x200-3.jpg"",""/product-images/morphy-integrated/160x200-4.jpg"",""/product-images/morphy-integrated/160x200-5.jpg"",""/product-images/morphy-integrated/160x200-6.jpg"",""/product-images/morphy-integrated/160x200-7.jpg"",""/product-images/morphy-integrated/160x200-8.jpg"",""/product-images/morphy-integrated/160x200-9.jpg"",""/product-images/morphy-integrated/160x200-10.jpg"",""/product-images/morphy-integrated/160x200-11.jpg"",""/product-images/morphy-integrated/160x200-12.jpg""]",European Single Horizontal Integrated MORPHY™ Bed 200x90 Black,European Single Horizontal Integrated MORPHY™ Bed 200x90,"The Morphy Wall Bed is a flexible modular sleeping system designed to adapt to changing spaces and needs. Its versatile frame can be configured in different sizes and orientations, while the space-saving fold-away design and gas-assisted mechanism make it practical for everyday use. The modular construction also allows the system to be reconfigured or expanded over time, making it an ideal long-term solution for modern multifunctional homes.",true,2026-08-25 08:58:00.439854+00,2026-08-25 08:58:00.439854+00
145,44433319096,5013983826670,,5061118252090,5061118250096,5061118251086,5061118250768,,,European Single XL Horizontal Integrated MORPHY™ Bed,european-single-xl-horizontal-integrated-morphy-bed-190x96,1900,960,,2014,995,300,990,204,524,300,Horizontal,Integrated,Black,,100,,,,,,799,799,799,,,,,,,,MORPHY™ Beds > Horizontal > Integrated,beds,Integrated,true,Visible,Lifetime,"The Morphy Wall Bed is a flexible modular sleeping system designed to adapt to changing spaces and needs. Its versatile frame can be configured in different sizes and orientations, while the space-saving fold-away design and gas-assisted mechanism make it practical for everyday use. The modular construction also allows the system to be reconfigured or expanded over time, making it an ideal long-term solution for modern multifunctional homes.",/product-images/morphy-integrated/160x200.jpg,/product-images/morphy-integrated/160x200-3.jpg,"[""/product-images/morphy-integrated/160x200.jpg"",""/product-images/morphy-integrated/160x200-2.jpg"",""/product-images/morphy-integrated/160x200-3.jpg"",""/product-images/morphy-integrated/160x200-4.jpg"",""/product-images/morphy-integrated/160x200-5.jpg"",""/product-images/morphy-integrated/160x200-6.jpg"",""/product-images/morphy-integrated/160x200-7.jpg"",""/product-images/morphy-integrated/160x200-8.jpg"",""/product-images/morphy-integrated/160x200-9.jpg"",""/product-images/morphy-integrated/160x200-10.jpg"",""/product-images/morphy-integrated/160x200-11.jpg"",""/product-images/morphy-integrated/160x200-12.jpg""]",European Single XL Horizontal Integrated MORPHY™ Bed 190x96 Black,European Single XL Horizontal Integrated MORPHY™ Bed 190x96,"The Morphy Wall Bed is a flexible modular sleeping system designed to adapt to changing spaces and needs. Its versatile frame can be configured in different sizes and orientations, while the space-saving fold-away design and gas-assisted mechanism make it practical for everyday use. The modular construction also allows the system to be reconfigured or expanded over time, making it an ideal long-term solution for modern multifunctional homes.",true,2026-08-25 08:58:00.439854+00,2026-08-25 08:58:00.439854+00
146,44433320096,5051124849887,,5061118252113,5061118250119,5061118251093,5061118250775,,,European Single XL Long Horizontal Integrated MORPHY™ Bed,european-single-xl-long-horizontal-integrated-morphy-bed-200x96,2000,960,,2114,995,300,990,204,524,300,Horizontal,Integrated,Black,,100,,,,,,799,799,799,,,,,,,,MORPHY™ Beds > Horizontal > Integrated,beds,Integrated,true,Visible,Lifetime,"The Morphy Wall Bed is a flexible modular sleeping system designed to adapt to changing spaces and needs. Its versatile frame can be configured in different sizes and orientations, while the space-saving fold-away design and gas-assisted mechanism make it practical for everyday use. The modular construction also allows the system to be reconfigured or expanded over time, making it an ideal long-term solution for modern multifunctional homes.",/product-images/morphy-integrated/160x200.jpg,/product-images/morphy-integrated/160x200-3.jpg,"[""/product-images/morphy-integrated/160x200.jpg"",""/product-images/morphy-integrated/160x200-2.jpg"",""/product-images/morphy-integrated/160x200-3.jpg"",""/product-images/morphy-integrated/160x200-4.jpg"",""/product-images/morphy-integrated/160x200-5.jpg"",""/product-images/morphy-integrated/160x200-6.jpg"",""/product-images/morphy-integrated/160x200-7.jpg"",""/product-images/morphy-integrated/160x200-8.jpg"",""/product-images/morphy-integrated/160x200-9.jpg"",""/product-images/morphy-integrated/160x200-10.jpg"",""/product-images/morphy-integrated/160x200-11.jpg"",""/product-images/morphy-integrated/160x200-12.jpg""]",European Single XL Long Horizontal Integrated MORPHY™ Bed 200x96 Black,European Single XL Long Horizontal Integrated MORPHY™ Bed 20,"The Morphy Wall Bed is a flexible modular sleeping system designed to adapt to changing spaces and needs. Its versatile frame can be configured in different sizes and orientations, while the space-saving fold-away design and gas-assisted mechanism make it practical for everyday use. The modular construction also allows the system to be reconfigured or expanded over time, making it an ideal long-term solution for modern multifunctional homes.",true,2026-08-25 08:58:00.439854+00,2026-08-25 08:58:00.439854+00
147,444333190100,5055102800165,5061118252373,,,,,,,Single XL Horizontal Integrated MORPHY™ Bed,single-xl-horizontal-integrated-morphy-bed-190x100,1900,1000,,2014,1035,300,1030,204,524,300,Horizontal,Integrated,Black,,100,,,,,,799,799,799,,,,,,,,MORPHY™ Beds > Horizontal > Integrated,beds,Integrated,true,Visible,Lifetime,"The Morphy Wall Bed is a flexible modular sleeping system designed to adapt to changing spaces and needs. Its versatile frame can be configured in different sizes and orientations, while the space-saving fold-away design and gas-assisted mechanism make it practical for everyday use. The modular construction also allows the system to be reconfigured or expanded over time, making it an ideal long-term solution for modern multifunctional homes.",/product-images/morphy-integrated/160x200.jpg,/product-images/morphy-integrated/160x200-3.jpg,"[""/product-images/morphy-integrated/160x200.jpg"",""/product-images/morphy-integrated/160x200-2.jpg"",""/product-images/morphy-integrated/160x200-3.jpg"",""/product-images/morphy-integrated/160x200-4.jpg"",""/product-images/morphy-integrated/160x200-5.jpg"",""/product-images/morphy-integrated/160x200-6.jpg"",""/product-images/morphy-integrated/160x200-7.jpg"",""/product-images/morphy-integrated/160x200-8.jpg"",""/product-images/morphy-integrated/160x200-9.jpg"",""/product-images/morphy-integrated/160x200-10.jpg"",""/product-images/morphy-integrated/160x200-11.jpg"",""/product-images/morphy-integrated/160x200-12.jpg""]",Single XL Horizontal Integrated MORPHY™ Bed 190x100 Black,Single XL Horizontal Integrated MORPHY™ Bed 190x100,"The Morphy Wall Bed is a flexible modular sleeping system designed to adapt to changing spaces and needs. Its versatile frame can be configured in different sizes and orientations, while the space-saving fold-away design and gas-assisted mechanism make it practical for everyday use. The modular construction also allows the system to be reconfigured or expanded over time, making it an ideal long-term solution for modern multifunctional homes.",true,2026-08-25 08:58:00.439854+00,2026-08-25 08:58:00.439854+00
148,444333200100,5073203902083,5061118250393,5061118252137,5061118250133,5061118251109,5061118250782,,5061118251819,Single XL Long Horizontal Integrated MORPHY™ Bed,single-xl-long-horizontal-integrated-morphy-bed-200x100,2000,1000,,2114,1035,300,1030,204,524,300,Horizontal,Integrated,Black,,100,,,,,,799,799,799,,,,,,,,MORPHY™ Beds > Horizontal > Integrated,beds,Integrated,true,Visible,Lifetime,"The Morphy Wall Bed is a flexible modular sleeping system designed to adapt to changing spaces and needs. Its versatile frame can be configured in different sizes and orientations, while the space-saving fold-away design and gas-assisted mechanism make it practical for everyday use. The modular construction also allows the system to be reconfigured or expanded over time, making it an ideal long-term solution for modern multifunctional homes.",/product-images/morphy-integrated/160x200.jpg,/product-images/morphy-integrated/160x200-3.jpg,"[""/product-images/morphy-integrated/160x200.jpg"",""/product-images/morphy-integrated/160x200-2.jpg"",""/product-images/morphy-integrated/160x200-3.jpg"",""/product-images/morphy-integrated/160x200-4.jpg"",""/product-images/morphy-integrated/160x200-5.jpg"",""/product-images/morphy-integrated/160x200-6.jpg"",""/product-images/morphy-integrated/160x200-7.jpg"",""/product-images/morphy-integrated/160x200-8.jpg"",""/product-images/morphy-integrated/160x200-9.jpg"",""/product-images/morphy-integrated/160x200-10.jpg"",""/product-images/morphy-integrated/160x200-11.jpg"",""/product-images/morphy-integrated/160x200-12.jpg""]",Single XL Long Horizontal Integrated MORPHY™ Bed 200x100 Black,Single XL Long Horizontal Integrated MORPHY™ Bed 200x100,"The Morphy Wall Bed is a flexible modular sleeping system designed to adapt to changing spaces and needs. Its versatile frame can be configured in different sizes and orientations, while the space-saving fold-away design and gas-assisted mechanism make it practical for everyday use. The modular construction also allows the system to be reconfigured or expanded over time, making it an ideal long-term solution for modern multifunctional homes.",true,2026-08-25 08:58:00.439854+00,2026-08-25 08:58:00.439854+00
149,444333190120,5084737794465,5061118250416,5061118252151,5061118250157,5061118251116,5061118250799,,5061118251833,Small Double Horizontal Integrated MORPHY™ Bed,small-double-horizontal-integrated-morphy-bed-190x120,1900,1200,,2014,1035,300,1230,204,524,300,Horizontal,Integrated,Black,,100,,,,,,849,849,849,,,,,,,,MORPHY™ Beds > Horizontal > Integrated,beds,Integrated,true,Visible,Lifetime,"The Morphy Wall Bed is a flexible modular sleeping system designed to adapt to changing spaces and needs. Its versatile frame can be configured in different sizes and orientations, while the space-saving fold-away design and gas-assisted mechanism make it practical for everyday use. The modular construction also allows the system to be reconfigured or expanded over time, making it an ideal long-term solution for modern multifunctional homes.",/product-images/morphy-integrated/160x200.jpg,/product-images/morphy-integrated/160x200-3.jpg,"[""/product-images/morphy-integrated/160x200.jpg"",""/product-images/morphy-integrated/160x200-2.jpg"",""/product-images/morphy-integrated/160x200-3.jpg"",""/product-images/morphy-integrated/160x200-4.jpg"",""/product-images/morphy-integrated/160x200-5.jpg"",""/product-images/morphy-integrated/160x200-6.jpg"",""/product-images/morphy-integrated/160x200-7.jpg"",""/product-images/morphy-integrated/160x200-8.jpg"",""/product-images/morphy-integrated/160x200-9.jpg"",""/product-images/morphy-integrated/160x200-10.jpg"",""/product-images/morphy-integrated/160x200-11.jpg"",""/product-images/morphy-integrated/160x200-12.jpg""]",Small Double Horizontal Integrated MORPHY™ Bed 190x120 Black,Small Double Horizontal Integrated MORPHY™ Bed 190x120,"The Morphy Wall Bed is a flexible modular sleeping system designed to adapt to changing spaces and needs. Its versatile frame can be configured in different sizes and orientations, while the space-saving fold-away design and gas-assisted mechanism make it practical for everyday use. The modular construction also allows the system to be reconfigured or expanded over time, making it an ideal long-term solution for modern multifunctional homes.",true,2026-08-25 08:58:00.439854+00,2026-08-25 08:58:00.439854+00
150,444333200120,5029936161057,5061118250430,5061118252175,5061118250171,5061118251123,5061118250805,,5061118251857,European Small Double Horizontal Integrated MORPHY™ Bed,european-small-double-horizontal-integrated-morphy-bed-200x120,2000,1200,,2114,1235,300,1230,204,524,300,Horizontal,Integrated,Black,,100,,,,,,849,849,849,,,,,,,,MORPHY™ Beds > Horizontal > Integrated,beds,Integrated,true,Visible,Lifetime,"The Morphy Wall Bed is a flexible modular sleeping system designed to adapt to changing spaces and needs. Its versatile frame can be configured in different sizes and orientations, while the space-saving fold-away design and gas-assisted mechanism make it practical for everyday use. The modular construction also allows the system to be reconfigured or expanded over time, making it an ideal long-term solution for modern multifunctional homes.",/product-images/morphy-integrated/160x200.jpg,/product-images/morphy-integrated/160x200-3.jpg,"[""/product-images/morphy-integrated/160x200.jpg"",""/product-images/morphy-integrated/160x200-2.jpg"",""/product-images/morphy-integrated/160x200-3.jpg"",""/product-images/morphy-integrated/160x200-4.jpg"",""/product-images/morphy-integrated/160x200-5.jpg"",""/product-images/morphy-integrated/160x200-6.jpg"",""/product-images/morphy-integrated/160x200-7.jpg"",""/product-images/morphy-integrated/160x200-8.jpg"",""/product-images/morphy-integrated/160x200-9.jpg"",""/product-images/morphy-integrated/160x200-10.jpg"",""/product-images/morphy-integrated/160x200-11.jpg"",""/product-images/morphy-integrated/160x200-12.jpg""]",European Small Double Horizontal Integrated MORPHY™ Bed 200x120 Black,European Small Double Horizontal Integrated MORPHY™ Bed 200x,"The Morphy Wall Bed is a flexible modular sleeping system designed to adapt to changing spaces and needs. Its versatile frame can be configured in different sizes and orientations, while the space-saving fold-away design and gas-assisted mechanism make it practical for everyday use. The modular construction also allows the system to be reconfigured or expanded over time, making it an ideal long-term solution for modern multifunctional homes.",true,2026-08-25 08:58:00.439854+00,2026-08-25 08:58:00.439854+00
151,444333190135,5030487744941,5061118250454,5061118252199,5061118250195,5061118251130,5061118250812,,5061118251871,Double Horizontal Integrated MORPHY™ Bed,double-horizontal-integrated-morphy-bed-190x135,1900,1350,,2014,1385,300,1380,204,524,300,Horizontal,Integrated,Black,,100,,,,,,899,899,899,,,,,,,,MORPHY™ Beds > Horizontal > Integrated,beds,Integrated,true,Visible,Lifetime,"The Morphy Wall Bed is a flexible modular sleeping system designed to adapt to changing spaces and needs. Its versatile frame can be configured in different sizes and orientations, while the space-saving fold-away design and gas-assisted mechanism make it practical for everyday use. The modular construction also allows the system to be reconfigured or expanded over time, making it an ideal long-term solution for modern multifunctional homes.",/product-images/morphy-integrated/160x200.jpg,/product-images/morphy-integrated/160x200-3.jpg,"[""/product-images/morphy-integrated/160x200.jpg"",""/product-images/morphy-integrated/160x200-2.jpg"",""/product-images/morphy-integrated/160x200-3.jpg"",""/product-images/morphy-integrated/160x200-4.jpg"",""/product-images/morphy-integrated/160x200-5.jpg"",""/product-images/morphy-integrated/160x200-6.jpg"",""/product-images/morphy-integrated/160x200-7.jpg"",""/product-images/morphy-integrated/160x200-8.jpg"",""/product-images/morphy-integrated/160x200-9.jpg"",""/product-images/morphy-integrated/160x200-10.jpg"",""/product-images/morphy-integrated/160x200-11.jpg"",""/product-images/morphy-integrated/160x200-12.jpg""]",Double Horizontal Integrated MORPHY™ Bed 190x135 Black,Double Horizontal Integrated MORPHY™ Bed 190x135,"The Morphy Wall Bed is a flexible modular sleeping system designed to adapt to changing spaces and needs. Its versatile frame can be configured in different sizes and orientations, while the space-saving fold-away design and gas-assisted mechanism make it practical for everyday use. The modular construction also allows the system to be reconfigured or expanded over time, making it an ideal long-term solution for modern multifunctional homes.",true,2026-08-25 08:58:21.710372+00,2026-08-25 08:58:21.710372+00
152,444333190140,5023956624009,5061118250478,5061118252212,5061118250218,5061118251147,5061118250829,,5061118251895,European Double Horizontal Integrated MORPHY™ Bed,european-double-horizontal-integrated-morphy-bed-190x140,1900,1400,,2014,1435,300,1430,204,524,300,Horizontal,Integrated,Black,,100,,,,,,899,899,899,,,,,,,,MORPHY™ Beds > Horizontal > Integrated,beds,Integrated,true,Visible,Lifetime,"The Morphy Wall Bed is a flexible modular sleeping system designed to adapt to changing spaces and needs. Its versatile frame can be configured in different sizes and orientations, while the space-saving fold-away design and gas-assisted mechanism make it practical for everyday use. The modular construction also allows the system to be reconfigured or expanded over time, making it an ideal long-term solution for modern multifunctional homes.",/product-images/morphy-integrated/160x200.jpg,/product-images/morphy-integrated/160x200-3.jpg,"[""/product-images/morphy-integrated/160x200.jpg"",""/product-images/morphy-integrated/160x200-2.jpg"",""/product-images/morphy-integrated/160x200-3.jpg"",""/product-images/morphy-integrated/160x200-4.jpg"",""/product-images/morphy-integrated/160x200-5.jpg"",""/product-images/morphy-integrated/160x200-6.jpg"",""/product-images/morphy-integrated/160x200-7.jpg"",""/product-images/morphy-integrated/160x200-8.jpg"",""/product-images/morphy-integrated/160x200-9.jpg"",""/product-images/morphy-integrated/160x200-10.jpg"",""/product-images/morphy-integrated/160x200-11.jpg"",""/product-images/morphy-integrated/160x200-12.jpg""]",European Double Horizontal Integrated MORPHY™ Bed 190x140 Black,European Double Horizontal Integrated MORPHY™ Bed 190x140,"The Morphy Wall Bed is a flexible modular sleeping system designed to adapt to changing spaces and needs. Its versatile frame can be configured in different sizes and orientations, while the space-saving fold-away design and gas-assisted mechanism make it practical for everyday use. The modular construction also allows the system to be reconfigured or expanded over time, making it an ideal long-term solution for modern multifunctional homes.",true,2026-08-25 08:58:21.710372+00,2026-08-25 08:58:21.710372+00
153,444333200140,5074541648471,5061118250492,5061118252236,5061118250232,5061118251154,5061118250836,,5061118251918,European Double Long Horizontal Integrated MORPHY™ Bed,european-double-long-horizontal-integrated-morphy-bed-200x140,2000,1400,,2114,1435,300,1430,204,524,300,Horizontal,Integrated,Black,,100,,,,,,949,949,949,,,,,,,,MORPHY™ Beds > Horizontal > Integrated,beds,Integrated,true,Visible,Lifetime,"The Morphy Wall Bed is a flexible modular sleeping system designed to adapt to changing spaces and needs. Its versatile frame can be configured in different sizes and orientations, while the space-saving fold-away design and gas-assisted mechanism make it practical for everyday use. The modular construction also allows the system to be reconfigured or expanded over time, making it an ideal long-term solution for modern multifunctional homes.",/product-images/morphy-integrated/160x200.jpg,/product-images/morphy-integrated/160x200-3.jpg,"[""/product-images/morphy-integrated/160x200.jpg"",""/product-images/morphy-integrated/160x200-2.jpg"",""/product-images/morphy-integrated/160x200-3.jpg"",""/product-images/morphy-integrated/160x200-4.jpg"",""/product-images/morphy-integrated/160x200-5.jpg"",""/product-images/morphy-integrated/160x200-6.jpg"",""/product-images/morphy-integrated/160x200-7.jpg"",""/product-images/morphy-integrated/160x200-8.jpg"",""/product-images/morphy-integrated/160x200-9.jpg"",""/product-images/morphy-integrated/160x200-10.jpg"",""/product-images/morphy-integrated/160x200-11.jpg"",""/product-images/morphy-integrated/160x200-12.jpg""]",European Double Long Horizontal Integrated MORPHY™ Bed 200x140 Black,European Double Long Horizontal Integrated MORPHY™ Bed 200x1,"The Morphy Wall Bed is a flexible modular sleeping system designed to adapt to changing spaces and needs. Its versatile frame can be configured in different sizes and orientations, while the space-saving fold-away design and gas-assisted mechanism make it practical for everyday use. The modular construction also allows the system to be reconfigured or expanded over time, making it an ideal long-term solution for modern multifunctional homes.",true,2026-08-25 08:58:21.710372+00,2026-08-25 08:58:21.710372+00
154,444333200150,5044546171595,5061118250515,5061118252250,5061118250256,5061118251161,5061118250843,,5061118251932,King Horizontal Integrated MORPHY™ Bed,king-horizontal-integrated-morphy-bed-200x150,2000,1500,,2114,1535,300,1530,204,524,300,Horizontal,Integrated,Black,,100,,,,,,999,999,999,,,,,,,,MORPHY™ Beds > Horizontal > Integrated,beds,Integrated,true,Visible,Lifetime,"The Morphy Wall Bed is a flexible modular sleeping system designed to adapt to changing spaces and needs. Its versatile frame can be configured in different sizes and orientations, while the space-saving fold-away design and gas-assisted mechanism make it practical for everyday use. The modular construction also allows the system to be reconfigured or expanded over time, making it an ideal long-term solution for modern multifunctional homes.",/product-images/morphy-integrated/160x200.jpg,/product-images/morphy-integrated/160x200-3.jpg,"[""/product-images/morphy-integrated/160x200.jpg"",""/product-images/morphy-integrated/160x200-2.jpg"",""/product-images/morphy-integrated/160x200-3.jpg"",""/product-images/morphy-integrated/160x200-4.jpg"",""/product-images/morphy-integrated/160x200-5.jpg"",""/product-images/morphy-integrated/160x200-6.jpg"",""/product-images/morphy-integrated/160x200-7.jpg"",""/product-images/morphy-integrated/160x200-8.jpg"",""/product-images/morphy-integrated/160x200-9.jpg"",""/product-images/morphy-integrated/160x200-10.jpg"",""/product-images/morphy-integrated/160x200-11.jpg"",""/product-images/morphy-integrated/160x200-12.jpg""]",King Horizontal Integrated MORPHY™ Bed 200x150 Black,King Horizontal Integrated MORPHY™ Bed 200x150,"The Morphy Wall Bed is a flexible modular sleeping system designed to adapt to changing spaces and needs. Its versatile frame can be configured in different sizes and orientations, while the space-saving fold-away design and gas-assisted mechanism make it practical for everyday use. The modular construction also allows the system to be reconfigured or expanded over time, making it an ideal long-term solution for modern multifunctional homes.",true,2026-08-25 08:58:21.710372+00,2026-08-25 08:58:21.710372+00
155,444333200160,5038600910071,5061118250539,5061118252274,5061118250270,5061118251178,5061118250850,,5061118251956,European King Horizontal Integrated MORPHY™ Bed,european-king-horizontal-integrated-morphy-bed-200x160,2000,1600,,2114,1635,300,1630,204,524,300,Horizontal,Integrated,Black,,100,,,,,,999,999,999,,,,,,,,MORPHY™ Beds > Horizontal > Integrated,beds,Integrated,true,Visible,Lifetime,"The Morphy Wall Bed is a flexible modular sleeping system designed to adapt to changing spaces and needs. Its versatile frame can be configured in different sizes and orientations, while the space-saving fold-away design and gas-assisted mechanism make it practical for everyday use. The modular construction also allows the system to be reconfigured or expanded over time, making it an ideal long-term solution for modern multifunctional homes.",/product-images/morphy-integrated/160x200.jpg,/product-images/morphy-integrated/160x200-3.jpg,"[""/product-images/morphy-integrated/160x200.jpg"",""/product-images/morphy-integrated/160x200-2.jpg"",""/product-images/morphy-integrated/160x200-3.jpg"",""/product-images/morphy-integrated/160x200-4.jpg"",""/product-images/morphy-integrated/160x200-5.jpg"",""/product-images/morphy-integrated/160x200-6.jpg"",""/product-images/morphy-integrated/160x200-7.jpg"",""/product-images/morphy-integrated/160x200-8.jpg"",""/product-images/morphy-integrated/160x200-9.jpg"",""/product-images/morphy-integrated/160x200-10.jpg"",""/product-images/morphy-integrated/160x200-11.jpg"",""/product-images/morphy-integrated/160x200-12.jpg""]",European King Horizontal Integrated MORPHY™ Bed 200x160 Black,European King Horizontal Integrated MORPHY™ Bed 200x160,"The Morphy Wall Bed is a flexible modular sleeping system designed to adapt to changing spaces and needs. Its versatile frame can be configured in different sizes and orientations, while the space-saving fold-away design and gas-assisted mechanism make it practical for everyday use. The modular construction also allows the system to be reconfigured or expanded over time, making it an ideal long-term solution for modern multifunctional homes.",true,2026-08-25 08:58:21.710372+00,2026-08-25 08:58:21.710372+00
156,444333200180,5092529027689,5061118250553,5061118252298,5061118250294,5061118251185,5061118250867,,5061118251970,Super King Horizontal Integrated MORPHY™ Bed,super-king-horizontal-integrated-morphy-bed-200x180,2000,1800,,2114,1835,300,1830,204,524,300,Horizontal,Integrated,Black,,100,,,,,,1099,1099,1099,,,,,,,,MORPHY™ Beds > Horizontal > Integrated,beds,Integrated,true,Visible,Lifetime,"The Morphy Wall Bed is a flexible modular sleeping system designed to adapt to changing spaces and needs. Its versatile frame can be configured in different sizes and orientations, while the space-saving fold-away design and gas-assisted mechanism make it practical for everyday use. The modular construction also allows the system to be reconfigured or expanded over time, making it an ideal long-term solution for modern multifunctional homes.",/product-images/morphy-integrated/160x200.jpg,/product-images/morphy-integrated/160x200-3.jpg,"[""/product-images/morphy-integrated/160x200.jpg"",""/product-images/morphy-integrated/160x200-2.jpg"",""/product-images/morphy-integrated/160x200-3.jpg"",""/product-images/morphy-integrated/160x200-4.jpg"",""/product-images/morphy-integrated/160x200-5.jpg"",""/product-images/morphy-integrated/160x200-6.jpg"",""/product-images/morphy-integrated/160x200-7.jpg"",""/product-images/morphy-integrated/160x200-8.jpg"",""/product-images/morphy-integrated/160x200-9.jpg"",""/product-images/morphy-integrated/160x200-10.jpg"",""/product-images/morphy-integrated/160x200-11.jpg"",""/product-images/morphy-integrated/160x200-12.jpg""]",Super King Horizontal Integrated MORPHY™ Bed 200x180 Black,Super King Horizontal Integrated MORPHY™ Bed 200x180,"The Morphy Wall Bed is a flexible modular sleeping system designed to adapt to changing spaces and needs. Its versatile frame can be configured in different sizes and orientations, while the space-saving fold-away design and gas-assisted mechanism make it practical for everyday use. The modular construction also allows the system to be reconfigured or expanded over time, making it an ideal long-term solution for modern multifunctional homes.",true,2026-08-25 08:58:21.710372+00,2026-08-25 08:58:21.710372+00
157,444333200192,5053431303746,,5061118252311,5061118251994,5061118251192,5061118250874,,,Super King XL Horizontal Integrated MORPHY™ Bed,super-king-xl-horizontal-integrated-morphy-bed-200x192,2000,1920,,2114,1955,300,1950,204,524,300,Horizontal,Integrated,Black,,100,,,,,,1149,1149,1149,,,,,,,,MORPHY™ Beds > Horizontal > Integrated,beds,Integrated,true,Visible,Lifetime,"The Morphy Wall Bed is a flexible modular sleeping system designed to adapt to changing spaces and needs. Its versatile frame can be configured in different sizes and orientations, while the space-saving fold-away design and gas-assisted mechanism make it practical for everyday use. The modular construction also allows the system to be reconfigured or expanded over time, making it an ideal long-term solution for modern multifunctional homes.",/product-images/morphy-integrated/160x200.jpg,/product-images/morphy-integrated/160x200-3.jpg,"[""/product-images/morphy-integrated/160x200.jpg"",""/product-images/morphy-integrated/160x200-2.jpg"",""/product-images/morphy-integrated/160x200-3.jpg"",""/product-images/morphy-integrated/160x200-4.jpg"",""/product-images/morphy-integrated/160x200-5.jpg"",""/product-images/morphy-integrated/160x200-6.jpg"",""/product-images/morphy-integrated/160x200-7.jpg"",""/product-images/morphy-integrated/160x200-8.jpg"",""/product-images/morphy-integrated/160x200-9.jpg"",""/product-images/morphy-integrated/160x200-10.jpg"",""/product-images/morphy-integrated/160x200-11.jpg"",""/product-images/morphy-integrated/160x200-12.jpg""]",Super King XL Horizontal Integrated MORPHY™ Bed 200x192 Black,Super King XL Horizontal Integrated MORPHY™ Bed 200x192,"The Morphy Wall Bed is a flexible modular sleeping system designed to adapt to changing spaces and needs. Its versatile frame can be configured in different sizes and orientations, while the space-saving fold-away design and gas-assisted mechanism make it practical for everyday use. The modular construction also allows the system to be reconfigured or expanded over time, making it an ideal long-term solution for modern multifunctional homes.",true,2026-08-25 08:58:21.710372+00,2026-08-25 08:58:21.710372+00
158,444333200200,5002452410935,5061118252472,,,,,,,Super King XXL Horizontal Integrated MORPHY™ Bed,super-king-xxl-horizontal-integrated-morphy-bed-200x200,2000,2000,,2114,2035,300,2030,204,524,300,Horizontal,Integrated,Black,,100,,,,,,1199,1199,1199,,,,,,,,MORPHY™ Beds > Horizontal > Integrated,beds,Integrated,true,Visible,Lifetime,"The Morphy Wall Bed is a flexible modular sleeping system designed to adapt to changing spaces and needs. Its versatile frame can be configured in different sizes and orientations, while the space-saving fold-away design and gas-assisted mechanism make it practical for everyday use. The modular construction also allows the system to be reconfigured or expanded over time, making it an ideal long-term solution for modern multifunctional homes.",/product-images/morphy-integrated/160x200.jpg,/product-images/morphy-integrated/160x200-3.jpg,"[""/product-images/morphy-integrated/160x200.jpg"",""/product-images/morphy-integrated/160x200-2.jpg"",""/product-images/morphy-integrated/160x200-3.jpg"",""/product-images/morphy-integrated/160x200-4.jpg"",""/product-images/morphy-integrated/160x200-5.jpg"",""/product-images/morphy-integrated/160x200-6.jpg"",""/product-images/morphy-integrated/160x200-7.jpg"",""/product-images/morphy-integrated/160x200-8.jpg"",""/product-images/morphy-integrated/160x200-9.jpg"",""/product-images/morphy-integrated/160x200-10.jpg"",""/product-images/morphy-integrated/160x200-11.jpg"",""/product-images/morphy-integrated/160x200-12.jpg""]",Super King XXL Horizontal Integrated MORPHY™ Bed 200x200 Black,Super King XXL Horizontal Integrated MORPHY™ Bed 200x200,"The Morphy Wall Bed is a flexible modular sleeping system designed to adapt to changing spaces and needs. Its versatile frame can be configured in different sizes and orientations, while the space-saving fold-away design and gas-assisted mechanism make it practical for everyday use. The modular construction also allows the system to be reconfigured or expanded over time, making it an ideal long-term solution for modern multifunctional homes.",true,2026-08-25 08:58:21.710372+00,2026-08-25 08:58:21.710372+00
159,,5019748504398,,,,,,,,Sofa 800 Bed Front,sofa-800-bed-front-80-8x86-7,808,867,766,,,,,,,,Vertical,Bed Front,Beige,,100,,,,,,499,499,499,,,,,,,,Sofas > Bed Front,sofas,Bed Front,false,Visible,Lifetime,"The Morphy Sofa is a flexible modular seating system that can be configured to suit a wide range of spaces, from compact armchairs and two-seaters to larger corner or U-shaped arrangements. Its durable construction, removable upholstery and adaptable modular design make it easy to expand, rearrange and maintain over time. It is an ideal choice for modern homes where comfort, flexibility and efficient use of space are equally important.",/sofa1.webp,/sofa3.webp,"[""/sofa1.webp"",""/sofa2.webp"",""/sofa3.webp"",""/product-images/MORPHY-Bed-Vertical-Classic-200x200-6.webp"",""/product-images/MORPHY-Bed-Vertical-Classic-200x200-2-mattress.webp""]","Sofa 800 Bed Front 80,8x86,7 Beige","Sofa 800 Bed Front 80,8x86,7","The Morphy Sofa is a flexible modular seating system that can be configured to suit a wide range of spaces, from compact armchairs and two-seaters to larger corner or U-shaped arrangements. Its durable construction, removable upholstery and adaptable modular design make it easy to expand, rearrange and maintain over time. It is an ideal choice for modern homes where comfort, flexibility and efficient use of space are equally important.",false,2026-08-25 08:58:21.710372+00,2026-08-25 08:58:21.710372+00
160,,5078135884920,,,,,,,,Sofa 1000 Bed Front,sofa-1000-bed-front-100-8x86-7,1008,867,766,,,,,,,,Vertical,Bed Front,Beige,,100,,,,,,499,499,499,,,,,,,,Sofas > Bed Front,sofas,Bed Front,false,Visible,Lifetime,"The Morphy Sofa is a flexible modular seating system that can be configured to suit a wide range of spaces, from compact armchairs and two-seaters to larger corner or U-shaped arrangements. Its durable construction, removable upholstery and adaptable modular design make it easy to expand, rearrange and maintain over time. It is an ideal choice for modern homes where comfort, flexibility and efficient use of space are equally important.",/sofa1.webp,/sofa3.webp,"[""/sofa1.webp"",""/sofa2.webp"",""/sofa3.webp"",""/product-images/MORPHY-Bed-Vertical-Classic-200x200-6.webp"",""/product-images/MORPHY-Bed-Vertical-Classic-200x200-2-mattress.webp""]","Sofa 1000 Bed Front 100,8x86,7 Beige","Sofa 1000 Bed Front 100,8x86,7","The Morphy Sofa is a flexible modular seating system that can be configured to suit a wide range of spaces, from compact armchairs and two-seaters to larger corner or U-shaped arrangements. Its durable construction, removable upholstery and adaptable modular design make it easy to expand, rearrange and maintain over time. It is an ideal choice for modern homes where comfort, flexibility and efficient use of space are equally important.",false,2026-08-25 08:58:21.710372+00,2026-08-25 08:58:21.710372+00
161,,5083773655908,,,,,,,,Sofa 1200 Bed Front,sofa-1200-bed-front-120-8x86-7,1208,867,766,,,,,,,,Vertical,Bed Front,Beige,35,100,,85x38x11,73x48x18,130x32x32,,499,499,499,,,,,,,,Sofas > Bed Front,sofas,Bed Front,false,Visible,Lifetime,"The Morphy Sofa is a flexible modular seating system that can be configured to suit a wide range of spaces, from compact armchairs and two-seaters to larger corner or U-shaped arrangements. Its durable construction, removable upholstery and adaptable modular design make it easy to expand, rearrange and maintain over time. It is an ideal choice for modern homes where comfort, flexibility and efficient use of space are equally important.",/sofa1.webp,/sofa3.webp,"[""/sofa1.webp"",""/sofa2.webp"",""/sofa3.webp"",""/product-images/MORPHY-Bed-Vertical-Classic-200x200-6.webp"",""/product-images/MORPHY-Bed-Vertical-Classic-200x200-2-mattress.webp""]","Sofa 1200 Bed Front 120,8x86,7 Beige","Sofa 1200 Bed Front 120,8x86,7","The Morphy Sofa is a flexible modular seating system that can be configured to suit a wide range of spaces, from compact armchairs and two-seaters to larger corner or U-shaped arrangements. Its durable construction, removable upholstery and adaptable modular design make it easy to expand, rearrange and maintain over time. It is an ideal choice for modern homes where comfort, flexibility and efficient use of space are equally important.",false,2026-08-25 08:58:21.710372+00,2026-08-25 08:58:21.710372+00
162,,5083188008997,,,,,,,,Sofa 1400 Bed Front,sofa-1400-bed-front-140-8x86-7,1408,867,766,,,,,,,,Vertical,Bed Front,Beige,,100,,,,,,499,499,499,,,,,,,,Sofas > Bed Front,sofas,Bed Front,false,Visible,Lifetime,"The Morphy Sofa is a flexible modular seating system that can be configured to suit a wide range of spaces, from compact armchairs and two-seaters to larger corner or U-shaped arrangements. Its durable construction, removable upholstery and adaptable modular design make it easy to expand, rearrange and maintain over time. It is an ideal choice for modern homes where comfort, flexibility and efficient use of space are equally important.",/sofa1.webp,/sofa3.webp,"[""/sofa1.webp"",""/sofa2.webp"",""/sofa3.webp"",""/product-images/MORPHY-Bed-Vertical-Classic-200x200-6.webp"",""/product-images/MORPHY-Bed-Vertical-Classic-200x200-2-mattress.webp""]","Sofa 1400 Bed Front 140,8x86,7 Beige","Sofa 1400 Bed Front 140,8x86,7","The Morphy Sofa is a flexible modular seating system that can be configured to suit a wide range of spaces, from compact armchairs and two-seaters to larger corner or U-shaped arrangements. Its durable construction, removable upholstery and adaptable modular design make it easy to expand, rearrange and maintain over time. It is an ideal choice for modern homes where comfort, flexibility and efficient use of space are equally important.",false,2026-08-25 08:58:21.710372+00,2026-08-25 08:58:21.710372+00
163,,5035012056868,,,,,,,,Sofa Corner Seat Bed Front,sofa-corner-seat-bed-front-86-7x86-7,867,867,766,,,,,,,,Vertical,Bed Front,Beige,,100,,,,,,499,499,499,,,,,,,,Sofas > Bed Front,sofas,Bed Front,false,Visible,Lifetime,"The Morphy Sofa is a flexible modular seating system that can be configured to suit a wide range of spaces, from compact armchairs and two-seaters to larger corner or U-shaped arrangements. Its durable construction, removable upholstery and adaptable modular design make it easy to expand, rearrange and maintain over time. It is an ideal choice for modern homes where comfort, flexibility and efficient use of space are equally important.",/sofa1.webp,/sofa3.webp,"[""/sofa1.webp"",""/sofa2.webp"",""/sofa3.webp"",""/product-images/MORPHY-Bed-Vertical-Classic-200x200-6.webp"",""/product-images/MORPHY-Bed-Vertical-Classic-200x200-2-mattress.webp""]","Sofa Corner Seat Bed Front 86,7x86,7 Beige","Sofa Corner Seat Bed Front 86,7x86,7","The Morphy Sofa is a flexible modular seating system that can be configured to suit a wide range of spaces, from compact armchairs and two-seaters to larger corner or U-shaped arrangements. Its durable construction, removable upholstery and adaptable modular design make it easy to expand, rearrange and maintain over time. It is an ideal choice for modern homes where comfort, flexibility and efficient use of space are equally important.",false,2026-08-25 08:58:21.710372+00,2026-08-25 08:58:21.710372+00
164,,5065566895350,,,,,,,,Sofa Base Module 800 Bed Front,sofa-base-module-800-bed-front-81-2x81-2,812,812,385,,,,,,,,Vertical,Bed Front,Beige,,100,,,,,,499,499,499,,,,,,,,Sofas > Bed Front,sofas,Bed Front,false,Visible,Lifetime,"The Morphy Sofa is a flexible modular seating system that can be configured to suit a wide range of spaces, from compact armchairs and two-seaters to larger corner or U-shaped arrangements. Its durable construction, removable upholstery and adaptable modular design make it easy to expand, rearrange and maintain over time. It is an ideal choice for modern homes where comfort, flexibility and efficient use of space are equally important.",/sofa1.webp,/sofa3.webp,"[""/sofa1.webp"",""/sofa2.webp"",""/sofa3.webp"",""/product-images/MORPHY-Bed-Vertical-Classic-200x200-6.webp"",""/product-images/MORPHY-Bed-Vertical-Classic-200x200-2-mattress.webp""]","Sofa Base Module 800 Bed Front 81,2x81,2 Beige","Sofa Base Module 800 Bed Front 81,2x81,2","The Morphy Sofa is a flexible modular seating system that can be configured to suit a wide range of spaces, from compact armchairs and two-seaters to larger corner or U-shaped arrangements. Its durable construction, removable upholstery and adaptable modular design make it easy to expand, rearrange and maintain over time. It is an ideal choice for modern homes where comfort, flexibility and efficient use of space are equally important.",false,2026-08-25 08:58:21.710372+00,2026-08-25 08:58:21.710372+00
165,,5015394200527,,,,,,,,Sofa Base Module 600 Bed Front,sofa-base-module-600-bed-front-61-2x81-2,612,812,385,,,,,,,,Vertical,Bed Front,Beige,,100,,,,,,499,499,499,,,,,,,,Sofas > Bed Front,sofas,Bed Front,false,Visible,Lifetime,"The Morphy Sofa is a flexible modular seating system that can be configured to suit a wide range of spaces, from compact armchairs and two-seaters to larger corner or U-shaped arrangements. Its durable construction, removable upholstery and adaptable modular design make it easy to expand, rearrange and maintain over time. It is an ideal choice for modern homes where comfort, flexibility and efficient use of space are equally important.",/sofa1.webp,/sofa3.webp,"[""/sofa1.webp"",""/sofa2.webp"",""/sofa3.webp"",""/product-images/MORPHY-Bed-Vertical-Classic-200x200-6.webp"",""/product-images/MORPHY-Bed-Vertical-Classic-200x200-2-mattress.webp""]","Sofa Base Module 600 Bed Front 61,2x81,2 Beige","Sofa Base Module 600 Bed Front 61,2x81,2","The Morphy Sofa is a flexible modular seating system that can be configured to suit a wide range of spaces, from compact armchairs and two-seaters to larger corner or U-shaped arrangements. Its durable construction, removable upholstery and adaptable modular design make it easy to expand, rearrange and maintain over time. It is an ideal choice for modern homes where comfort, flexibility and efficient use of space are equally important.",false,2026-08-25 08:58:21.710372+00,2026-08-25 08:58:21.710372+00
166,,5022150671757,,,,,,,,Sofa Armrest Bed Front,sofa-armrest-bed-front-68-8x6-2,688,62,480,,,,,,,,Vertical,Bed Front,Beige,,100,,,,,,499,499,499,,,,,,,,Sofas > Bed Front,sofas,Bed Front,false,Visible,Lifetime,"The Morphy Sofa is a flexible modular seating system that can be configured to suit a wide range of spaces, from compact armchairs and two-seaters to larger corner or U-shaped arrangements. Its durable construction, removable upholstery and adaptable modular design make it easy to expand, rearrange and maintain over time. It is an ideal choice for modern homes where comfort, flexibility and efficient use of space are equally important.",/sofa1.webp,/sofa3.webp,"[""/sofa1.webp"",""/sofa2.webp"",""/sofa3.webp"",""/product-images/MORPHY-Bed-Vertical-Classic-200x200-6.webp"",""/product-images/MORPHY-Bed-Vertical-Classic-200x200-2-mattress.webp""]","Sofa Armrest Bed Front 68,8x6,2 Beige","Sofa Armrest Bed Front 68,8x6,2","The Morphy Sofa is a flexible modular seating system that can be configured to suit a wide range of spaces, from compact armchairs and two-seaters to larger corner or U-shaped arrangements. Its durable construction, removable upholstery and adaptable modular design make it easy to expand, rearrange and maintain over time. It is an ideal choice for modern homes where comfort, flexibility and efficient use of space are equally important.",false,2026-08-25 08:58:21.710372+00,2026-08-25 08:58:21.710372+00
167,,5089221464970,,,,,,,,Sofa 800 Free Standing,sofa-800-free-standing-87-2x83-4,872,834,477,,,,,,,,Vertical,Free Standing,Beige,,100,,,,,,499,499,499,,,,,,,,Sofas > Free Standing,sofas,Free Standing,false,Visible,Lifetime,"The Morphy Sofa is a flexible modular seating system that can be configured to suit a wide range of spaces, from compact armchairs and two-seaters to larger corner or U-shaped arrangements. Its durable construction, removable upholstery and adaptable modular design make it easy to expand, rearrange and maintain over time. It is an ideal choice for modern homes where comfort, flexibility and efficient use of space are equally important.",/sofa1.webp,/sofa3.webp,"[""/sofa1.webp"",""/sofa2.webp"",""/sofa3.webp"",""/product-images/MORPHY-Bed-Vertical-Classic-200x200-6.webp"",""/product-images/MORPHY-Bed-Vertical-Classic-200x200-2-mattress.webp""]","Sofa 800 Free Standing 87,2x83,4 Beige","Sofa 800 Free Standing 87,2x83,4","The Morphy Sofa is a flexible modular seating system that can be configured to suit a wide range of spaces, from compact armchairs and two-seaters to larger corner or U-shaped arrangements. Its durable construction, removable upholstery and adaptable modular design make it easy to expand, rearrange and maintain over time. It is an ideal choice for modern homes where comfort, flexibility and efficient use of space are equally important.",false,2026-08-25 08:58:21.710372+00,2026-08-25 08:58:21.710372+00
168,,5017087613522,,,,,,,,Sofa 1000 Free Standing,sofa-1000-free-standing-107-2x83-4,1072,834,766,,,,,,,,Vertical,Free Standing,Beige,,100,,,,,,499,499,499,,,,,,,,Sofas > Free Standing,sofas,Free Standing,false,Visible,Lifetime,"The Morphy Sofa is a flexible modular seating system that can be configured to suit a wide range of spaces, from compact armchairs and two-seaters to larger corner or U-shaped arrangements. Its durable construction, removable upholstery and adaptable modular design make it easy to expand, rearrange and maintain over time. It is an ideal choice for modern homes where comfort, flexibility and efficient use of space are equally important.",/sofa1.webp,/sofa3.webp,"[""/sofa1.webp"",""/sofa2.webp"",""/sofa3.webp"",""/product-images/MORPHY-Bed-Vertical-Classic-200x200-6.webp"",""/product-images/MORPHY-Bed-Vertical-Classic-200x200-2-mattress.webp""]","Sofa 1000 Free Standing 107,2x83,4 Beige","Sofa 1000 Free Standing 107,2x83,4","The Morphy Sofa is a flexible modular seating system that can be configured to suit a wide range of spaces, from compact armchairs and two-seaters to larger corner or U-shaped arrangements. Its durable construction, removable upholstery and adaptable modular design make it easy to expand, rearrange and maintain over time. It is an ideal choice for modern homes where comfort, flexibility and efficient use of space are equally important.",false,2026-08-25 08:58:21.710372+00,2026-08-25 08:58:21.710372+00
169,,5020289082406,,,,,,,,Sofa 1200 Free Standing,sofa-1200-free-standing-127-2x83-4,1272,834,766,,,,,,,,Vertical,Free Standing,Beige,,100,,,,,,499,499,499,,,,,,,,Sofas > Free Standing,sofas,Free Standing,false,Visible,Lifetime,"The Morphy Sofa is a flexible modular seating system that can be configured to suit a wide range of spaces, from compact armchairs and two-seaters to larger corner or U-shaped arrangements. Its durable construction, removable upholstery and adaptable modular design make it easy to expand, rearrange and maintain over time. It is an ideal choice for modern homes where comfort, flexibility and efficient use of space are equally important.",/sofa1.webp,/sofa3.webp,"[""/sofa1.webp"",""/sofa2.webp"",""/sofa3.webp"",""/product-images/MORPHY-Bed-Vertical-Classic-200x200-6.webp"",""/product-images/MORPHY-Bed-Vertical-Classic-200x200-2-mattress.webp""]","Sofa 1200 Free Standing 127,2x83,4 Beige","Sofa 1200 Free Standing 127,2x83,4","The Morphy Sofa is a flexible modular seating system that can be configured to suit a wide range of spaces, from compact armchairs and two-seaters to larger corner or U-shaped arrangements. Its durable construction, removable upholstery and adaptable modular design make it easy to expand, rearrange and maintain over time. It is an ideal choice for modern homes where comfort, flexibility and efficient use of space are equally important.",false,2026-08-25 08:58:21.710372+00,2026-08-25 08:58:21.710372+00
170,,5086980127267,,,,,,,,Sofa 1400 Free Standing,sofa-1400-free-standing-147-2x83-4,1472,834,766,,,,,,,,Vertical,Free Standing,Beige,,100,,,,,,499,499,499,,,,,,,,Sofas > Free Standing,sofas,Free Standing,false,Visible,Lifetime,"The Morphy Sofa is a flexible modular seating system that can be configured to suit a wide range of spaces, from compact armchairs and two-seaters to larger corner or U-shaped arrangements. Its durable construction, removable upholstery and adaptable modular design make it easy to expand, rearrange and maintain over time. It is an ideal choice for modern homes where comfort, flexibility and efficient use of space are equally important.",/sofa1.webp,/sofa3.webp,"[""/sofa1.webp"",""/sofa2.webp"",""/sofa3.webp"",""/product-images/MORPHY-Bed-Vertical-Classic-200x200-6.webp"",""/product-images/MORPHY-Bed-Vertical-Classic-200x200-2-mattress.webp""]","Sofa 1400 Free Standing 147,2x83,4 Beige","Sofa 1400 Free Standing 147,2x83,4","The Morphy Sofa is a flexible modular seating system that can be configured to suit a wide range of spaces, from compact armchairs and two-seaters to larger corner or U-shaped arrangements. Its durable construction, removable upholstery and adaptable modular design make it easy to expand, rearrange and maintain over time. It is an ideal choice for modern homes where comfort, flexibility and efficient use of space are equally important.",false,2026-08-25 08:58:21.710372+00,2026-08-25 08:58:21.710372+00
171,,5095589194328,,,,,,,,Sofa 800 Bed Front,sofa-800-bed-front-80-8x86-7-grey-171,808,867,766,,,,,,,,Vertical,Bed Front,Grey,,100,,,,,,499,499,499,,,,,,,,Sofas > Bed Front,sofas,Bed Front,false,Visible,Lifetime,"The Morphy Sofa is a flexible modular seating system that can be configured to suit a wide range of spaces, from compact armchairs and two-seaters to larger corner or U-shaped arrangements. Its durable construction, removable upholstery and adaptable modular design make it easy to expand, rearrange and maintain over time. It is an ideal choice for modern homes where comfort, flexibility and efficient use of space are equally important.",/sofa2.webp,/sofa3.webp,"[""/sofa1.webp"",""/sofa2.webp"",""/sofa3.webp"",""/product-images/MORPHY-Bed-Vertical-Classic-200x200-6.webp"",""/product-images/MORPHY-Bed-Vertical-Classic-200x200-2-mattress.webp""]","Sofa 800 Bed Front 80,8x86,7 Grey","Sofa 800 Bed Front 80,8x86,7","The Morphy Sofa is a flexible modular seating system that can be configured to suit a wide range of spaces, from compact armchairs and two-seaters to larger corner or U-shaped arrangements. Its durable construction, removable upholstery and adaptable modular design make it easy to expand, rearrange and maintain over time. It is an ideal choice for modern homes where comfort, flexibility and efficient use of space are equally important.",false,2026-08-25 08:58:21.710372+00,2026-08-25 08:58:21.710372+00
172,,5091350812185,,,,,,,,Sofa 1000 Bed Front,sofa-1000-bed-front-100-8x86-7-grey-172,1008,867,766,,,,,,,,Vertical,Bed Front,Grey,,100,,,,,,499,499,499,,,,,,,,Sofas > Bed Front,sofas,Bed Front,false,Visible,Lifetime,"The Morphy Sofa is a flexible modular seating system that can be configured to suit a wide range of spaces, from compact armchairs and two-seaters to larger corner or U-shaped arrangements. Its durable construction, removable upholstery and adaptable modular design make it easy to expand, rearrange and maintain over time. It is an ideal choice for modern homes where comfort, flexibility and efficient use of space are equally important.",/sofa2.webp,/sofa3.webp,"[""/sofa1.webp"",""/sofa2.webp"",""/sofa3.webp"",""/product-images/MORPHY-Bed-Vertical-Classic-200x200-6.webp"",""/product-images/MORPHY-Bed-Vertical-Classic-200x200-2-mattress.webp""]","Sofa 1000 Bed Front 100,8x86,7 Grey","Sofa 1000 Bed Front 100,8x86,7","The Morphy Sofa is a flexible modular seating system that can be configured to suit a wide range of spaces, from compact armchairs and two-seaters to larger corner or U-shaped arrangements. Its durable construction, removable upholstery and adaptable modular design make it easy to expand, rearrange and maintain over time. It is an ideal choice for modern homes where comfort, flexibility and efficient use of space are equally important.",false,2026-08-25 08:58:21.710372+00,2026-08-25 08:58:21.710372+00
173,,5010161949153,,,,,,,,Sofa 1200 Bed Front,sofa-1200-bed-front-120-8x86-7-grey-173,1208,867,766,,,,,,,,Vertical,Bed Front,Grey,35,100,,85x38x11,73x48x18,130x32x32,,499,499,499,,,,,,,,Sofas > Bed Front,sofas,Bed Front,false,Visible,Lifetime,"The Morphy Sofa is a flexible modular seating system that can be configured to suit a wide range of spaces, from compact armchairs and two-seaters to larger corner or U-shaped arrangements. Its durable construction, removable upholstery and adaptable modular design make it easy to expand, rearrange and maintain over time. It is an ideal choice for modern homes where comfort, flexibility and efficient use of space are equally important.",/sofa2.webp,/sofa3.webp,"[""/sofa1.webp"",""/sofa2.webp"",""/sofa3.webp"",""/product-images/MORPHY-Bed-Vertical-Classic-200x200-6.webp"",""/product-images/MORPHY-Bed-Vertical-Classic-200x200-2-mattress.webp""]","Sofa 1200 Bed Front 120,8x86,7 Grey","Sofa 1200 Bed Front 120,8x86,7","The Morphy Sofa is a flexible modular seating system that can be configured to suit a wide range of spaces, from compact armchairs and two-seaters to larger corner or U-shaped arrangements. Its durable construction, removable upholstery and adaptable modular design make it easy to expand, rearrange and maintain over time. It is an ideal choice for modern homes where comfort, flexibility and efficient use of space are equally important.",false,2026-08-25 08:58:21.710372+00,2026-08-25 08:58:21.710372+00
174,,5082033957769,,,,,,,,Sofa 1400 Bed Front,sofa-1400-bed-front-140-8x86-7-grey-174,1408,867,766,,,,,,,,Vertical,Bed Front,Grey,,100,,,,,,499,499,499,,,,,,,,Sofas > Bed Front,sofas,Bed Front,false,Visible,Lifetime,"The Morphy Sofa is a flexible modular seating system that can be configured to suit a wide range of spaces, from compact armchairs and two-seaters to larger corner or U-shaped arrangements. Its durable construction, removable upholstery and adaptable modular design make it easy to expand, rearrange and maintain over time. It is an ideal choice for modern homes where comfort, flexibility and efficient use of space are equally important.",/sofa2.webp,/sofa3.webp,"[""/sofa1.webp"",""/sofa2.webp"",""/sofa3.webp"",""/product-images/MORPHY-Bed-Vertical-Classic-200x200-6.webp"",""/product-images/MORPHY-Bed-Vertical-Classic-200x200-2-mattress.webp""]","Sofa 1400 Bed Front 140,8x86,7 Grey","Sofa 1400 Bed Front 140,8x86,7","The Morphy Sofa is a flexible modular seating system that can be configured to suit a wide range of spaces, from compact armchairs and two-seaters to larger corner or U-shaped arrangements. Its durable construction, removable upholstery and adaptable modular design make it easy to expand, rearrange and maintain over time. It is an ideal choice for modern homes where comfort, flexibility and efficient use of space are equally important.",false,2026-08-25 08:58:21.710372+00,2026-08-25 08:58:21.710372+00
175,,5022560464132,,,,,,,,Sofa Corner Seat Bed Front,sofa-corner-seat-bed-front-86-7x86-7-grey-175,867,867,766,,,,,,,,Vertical,Bed Front,Grey,,100,,,,,,499,499,499,,,,,,,,Sofas > Bed Front,sofas,Bed Front,false,Visible,Lifetime,"The Morphy Sofa is a flexible modular seating system that can be configured to suit a wide range of spaces, from compact armchairs and two-seaters to larger corner or U-shaped arrangements. Its durable construction, removable upholstery and adaptable modular design make it easy to expand, rearrange and maintain over time. It is an ideal choice for modern homes where comfort, flexibility and efficient use of space are equally important.",/sofa2.webp,/sofa3.webp,"[""/sofa1.webp"",""/sofa2.webp"",""/sofa3.webp"",""/product-images/MORPHY-Bed-Vertical-Classic-200x200-6.webp"",""/product-images/MORPHY-Bed-Vertical-Classic-200x200-2-mattress.webp""]","Sofa Corner Seat Bed Front 86,7x86,7 Grey","Sofa Corner Seat Bed Front 86,7x86,7","The Morphy Sofa is a flexible modular seating system that can be configured to suit a wide range of spaces, from compact armchairs and two-seaters to larger corner or U-shaped arrangements. Its durable construction, removable upholstery and adaptable modular design make it easy to expand, rearrange and maintain over time. It is an ideal choice for modern homes where comfort, flexibility and efficient use of space are equally important.",false,2026-08-25 08:58:21.710372+00,2026-08-25 08:58:21.710372+00
176,,5067885787036,,,,,,,,Sofa Base Module 800 Bed Front,sofa-base-module-800-bed-front-81-2x81-2-grey-176,812,812,385,,,,,,,,Vertical,Bed Front,Grey,,100,,,,,,499,499,499,,,,,,,,Sofas > Bed Front,sofas,Bed Front,false,Visible,Lifetime,"The Morphy Sofa is a flexible modular seating system that can be configured to suit a wide range of spaces, from compact armchairs and two-seaters to larger corner or U-shaped arrangements. Its durable construction, removable upholstery and adaptable modular design make it easy to expand, rearrange and maintain over time. It is an ideal choice for modern homes where comfort, flexibility and efficient use of space are equally important.",/sofa2.webp,/sofa3.webp,"[""/sofa1.webp"",""/sofa2.webp"",""/sofa3.webp"",""/product-images/MORPHY-Bed-Vertical-Classic-200x200-6.webp"",""/product-images/MORPHY-Bed-Vertical-Classic-200x200-2-mattress.webp""]","Sofa Base Module 800 Bed Front 81,2x81,2 Grey","Sofa Base Module 800 Bed Front 81,2x81,2","The Morphy Sofa is a flexible modular seating system that can be configured to suit a wide range of spaces, from compact armchairs and two-seaters to larger corner or U-shaped arrangements. Its durable construction, removable upholstery and adaptable modular design make it easy to expand, rearrange and maintain over time. It is an ideal choice for modern homes where comfort, flexibility and efficient use of space are equally important.",false,2026-08-25 08:58:21.710372+00,2026-08-25 08:58:21.710372+00
177,,5019186132536,,,,,,,,Sofa Base Module 600 Bed Front,sofa-base-module-600-bed-front-61-2x81-2-grey-177,612,812,385,,,,,,,,Vertical,Bed Front,Grey,,100,,,,,,499,499,499,,,,,,,,Sofas > Bed Front,sofas,Bed Front,false,Visible,Lifetime,"The Morphy Sofa is a flexible modular seating system that can be configured to suit a wide range of spaces, from compact armchairs and two-seaters to larger corner or U-shaped arrangements. Its durable construction, removable upholstery and adaptable modular design make it easy to expand, rearrange and maintain over time. It is an ideal choice for modern homes where comfort, flexibility and efficient use of space are equally important.",/sofa2.webp,/sofa3.webp,"[""/sofa1.webp"",""/sofa2.webp"",""/sofa3.webp"",""/product-images/MORPHY-Bed-Vertical-Classic-200x200-6.webp"",""/product-images/MORPHY-Bed-Vertical-Classic-200x200-2-mattress.webp""]","Sofa Base Module 600 Bed Front 61,2x81,2 Grey","Sofa Base Module 600 Bed Front 61,2x81,2","The Morphy Sofa is a flexible modular seating system that can be configured to suit a wide range of spaces, from compact armchairs and two-seaters to larger corner or U-shaped arrangements. Its durable construction, removable upholstery and adaptable modular design make it easy to expand, rearrange and maintain over time. It is an ideal choice for modern homes where comfort, flexibility and efficient use of space are equally important.",false,2026-08-25 08:58:21.710372+00,2026-08-25 08:58:21.710372+00
178,,5078328161981,,,,,,,,Sofa Armrest Bed Front,sofa-armrest-bed-front-68-8x6-2-grey-178,688,62,480,,,,,,,,Vertical,Bed Front,Grey,,100,,,,,,499,499,499,,,,,,,,Sofas > Bed Front,sofas,Bed Front,false,Visible,Lifetime,"The Morphy Sofa is a flexible modular seating system that can be configured to suit a wide range of spaces, from compact armchairs and two-seaters to larger corner or U-shaped arrangements. Its durable construction, removable upholstery and adaptable modular design make it easy to expand, rearrange and maintain over time. It is an ideal choice for modern homes where comfort, flexibility and efficient use of space are equally important.",/sofa2.webp,/sofa3.webp,"[""/sofa1.webp"",""/sofa2.webp"",""/sofa3.webp"",""/product-images/MORPHY-Bed-Vertical-Classic-200x200-6.webp"",""/product-images/MORPHY-Bed-Vertical-Classic-200x200-2-mattress.webp""]","Sofa Armrest Bed Front 68,8x6,2 Grey","Sofa Armrest Bed Front 68,8x6,2","The Morphy Sofa is a flexible modular seating system that can be configured to suit a wide range of spaces, from compact armchairs and two-seaters to larger corner or U-shaped arrangements. Its durable construction, removable upholstery and adaptable modular design make it easy to expand, rearrange and maintain over time. It is an ideal choice for modern homes where comfort, flexibility and efficient use of space are equally important.",false,2026-08-25 08:58:21.710372+00,2026-08-25 08:58:21.710372+00
179,,5004156879427,,,,,,,,Sofa 800 Free Standing,sofa-800-free-standing-87-2x83-4-grey-179,872,834,477,,,,,,,,Vertical,Free Standing,Grey,,100,,,,,,499,499,499,,,,,,,,Sofas > Free Standing,sofas,Free Standing,false,Visible,Lifetime,"The Morphy Sofa is a flexible modular seating system that can be configured to suit a wide range of spaces, from compact armchairs and two-seaters to larger corner or U-shaped arrangements. Its durable construction, removable upholstery and adaptable modular design make it easy to expand, rearrange and maintain over time. It is an ideal choice for modern homes where comfort, flexibility and efficient use of space are equally important.",/sofa2.webp,/sofa3.webp,"[""/sofa1.webp"",""/sofa2.webp"",""/sofa3.webp"",""/product-images/MORPHY-Bed-Vertical-Classic-200x200-6.webp"",""/product-images/MORPHY-Bed-Vertical-Classic-200x200-2-mattress.webp""]","Sofa 800 Free Standing 87,2x83,4 Grey","Sofa 800 Free Standing 87,2x83,4","The Morphy Sofa is a flexible modular seating system that can be configured to suit a wide range of spaces, from compact armchairs and two-seaters to larger corner or U-shaped arrangements. Its durable construction, removable upholstery and adaptable modular design make it easy to expand, rearrange and maintain over time. It is an ideal choice for modern homes where comfort, flexibility and efficient use of space are equally important.",false,2026-08-25 08:58:21.710372+00,2026-08-25 08:58:21.710372+00
180,,5081612033219,,,,,,,,Sofa 1000 Free Standing,sofa-1000-free-standing-107-2x83-4-grey-180,1072,834,766,,,,,,,,Vertical,Free Standing,Grey,,100,,,,,,499,499,499,,,,,,,,Sofas > Free Standing,sofas,Free Standing,false,Visible,Lifetime,"The Morphy Sofa is a flexible modular seating system that can be configured to suit a wide range of spaces, from compact armchairs and two-seaters to larger corner or U-shaped arrangements. Its durable construction, removable upholstery and adaptable modular design make it easy to expand, rearrange and maintain over time. It is an ideal choice for modern homes where comfort, flexibility and efficient use of space are equally important.",/sofa2.webp,/sofa3.webp,"[""/sofa1.webp"",""/sofa2.webp"",""/sofa3.webp"",""/product-images/MORPHY-Bed-Vertical-Classic-200x200-6.webp"",""/product-images/MORPHY-Bed-Vertical-Classic-200x200-2-mattress.webp""]","Sofa 1000 Free Standing 107,2x83,4 Grey","Sofa 1000 Free Standing 107,2x83,4","The Morphy Sofa is a flexible modular seating system that can be configured to suit a wide range of spaces, from compact armchairs and two-seaters to larger corner or U-shaped arrangements. Its durable construction, removable upholstery and adaptable modular design make it easy to expand, rearrange and maintain over time. It is an ideal choice for modern homes where comfort, flexibility and efficient use of space are equally important.",false,2026-08-25 08:58:21.710372+00,2026-08-25 08:58:21.710372+00
181,,5001677798358,,,,,,,,Sofa 1200 Free Standing,sofa-1200-free-standing-127-2x83-4-grey-181,1272,834,766,,,,,,,,Vertical,Free Standing,Grey,,100,,,,,,499,499,499,,,,,,,,Sofas > Free Standing,sofas,Free Standing,false,Visible,Lifetime,"The Morphy Sofa is a flexible modular seating system that can be configured to suit a wide range of spaces, from compact armchairs and two-seaters to larger corner or U-shaped arrangements. Its durable construction, removable upholstery and adaptable modular design make it easy to expand, rearrange and maintain over time. It is an ideal choice for modern homes where comfort, flexibility and efficient use of space are equally important.",/sofa2.webp,/sofa3.webp,"[""/sofa1.webp"",""/sofa2.webp"",""/sofa3.webp"",""/product-images/MORPHY-Bed-Vertical-Classic-200x200-6.webp"",""/product-images/MORPHY-Bed-Vertical-Classic-200x200-2-mattress.webp""]","Sofa 1200 Free Standing 127,2x83,4 Grey","Sofa 1200 Free Standing 127,2x83,4","The Morphy Sofa is a flexible modular seating system that can be configured to suit a wide range of spaces, from compact armchairs and two-seaters to larger corner or U-shaped arrangements. Its durable construction, removable upholstery and adaptable modular design make it easy to expand, rearrange and maintain over time. It is an ideal choice for modern homes where comfort, flexibility and efficient use of space are equally important.",false,2026-08-25 08:58:21.710372+00,2026-08-25 08:58:21.710372+00
182,,5081250181155,,,,,,,,Sofa 1400 Free Standing,sofa-1400-free-standing-147-2x83-4-grey-182,1472,834,766,,,,,,,,Vertical,Free Standing,Grey,,100,,,,,,499,499,499,,,,,,,,Sofas > Free Standing,sofas,Free Standing,false,Visible,Lifetime,"The Morphy Sofa is a flexible modular seating system that can be configured to suit a wide range of spaces, from compact armchairs and two-seaters to larger corner or U-shaped arrangements. Its durable construction, removable upholstery and adaptable modular design make it easy to expand, rearrange and maintain over time. It is an ideal choice for modern homes where comfort, flexibility and efficient use of space are equally important.",/sofa2.webp,/sofa3.webp,"[""/sofa1.webp"",""/sofa2.webp"",""/sofa3.webp"",""/product-images/MORPHY-Bed-Vertical-Classic-200x200-6.webp"",""/product-images/MORPHY-Bed-Vertical-Classic-200x200-2-mattress.webp""]","Sofa 1400 Free Standing 147,2x83,4 Grey","Sofa 1400 Free Standing 147,2x83,4","The Morphy Sofa is a flexible modular seating system that can be configured to suit a wide range of spaces, from compact armchairs and two-seaters to larger corner or U-shaped arrangements. Its durable construction, removable upholstery and adaptable modular design make it easy to expand, rearrange and maintain over time. It is an ideal choice for modern homes where comfort, flexibility and efficient use of space are equally important.",false,2026-08-25 08:58:21.710372+00,2026-08-25 08:58:21.710372+00
183,,5013938608196,,,,,,,,Single Comfort Mattress,single-comfort-mattress-90x190x20,900,1900,200,,,,,,,,Vertical,Comfort,White,,100,,,,,,399,399,399,,100,100,100,299,299,299,Mattresses > Comfort,mattresses,Comfort,true,Visible,1 year for manufacturing defects,"Our Mattress Range is designed to provide the perfect balance of comfort, support and practicality for modern wall bed systems. Available in a variety of sizes and comfort options, these mattresses are suitable for both occasional guests and regular everyday sleeping. Carefully selected materials provide comfortable pressure relief and reliable support, while the wall-bed-friendly dimensions allow the mattress to remain conveniently in place when the bed is folded away. A practical and comfortable choice for creating a complete space-saving sleeping solution.",/product-images/MORPHY-Bed-Vertical-Classic-200x200-2-mattress.webp,/product-images/MORPHY-Bed-Vertical-Classic-200x200-6.webp,"[""/product-images/MORPHY-Bed-Vertical-Classic-200x200-2-mattress.webp"",""/product-images/MORPHY-Bed-Vertical-Classic-200x200-6.webp""]",Single Comfort Mattress 90x190x20 White,Single Comfort Mattress 90x190x20,"Our Mattress Range is designed to provide the perfect balance of comfort, support and practicality for modern wall bed systems. Available in a variety of sizes and comfort options, these mattresses are suitable for both occasional guests and regular everyday sleeping. Carefully selected materials provide comfortable pressure relief and reliable support, while the wall-bed-friendly dimensions allow the mattress to remain conveniently in place when the bed is folded away. A practical and comfortable choice for creating a complete space-saving sleeping solution.",false,2026-08-25 08:58:21.710372+00,2026-08-25 08:58:21.710372+00
184,,5000827581201,,,,,,,,Small double Comfort Mattress,small-double-comfort-mattress-120x190x20,1200,1900,200,,,,,,,,Vertical,Comfort,White,,100,,,,,,449,449,449,,120,120,120,329,329,329,Mattresses > Comfort,mattresses,Comfort,true,Visible,1 year for manufacturing defects,"Our Mattress Range is designed to provide the perfect balance of comfort, support and practicality for modern wall bed systems. Available in a variety of sizes and comfort options, these mattresses are suitable for both occasional guests and regular everyday sleeping. Carefully selected materials provide comfortable pressure relief and reliable support, while the wall-bed-friendly dimensions allow the mattress to remain conveniently in place when the bed is folded away. A practical and comfortable choice for creating a complete space-saving sleeping solution.",/product-images/MORPHY-Bed-Vertical-Classic-200x200-2-mattress.webp,/product-images/MORPHY-Bed-Vertical-Classic-200x200-6.webp,"[""/product-images/MORPHY-Bed-Vertical-Classic-200x200-2-mattress.webp"",""/product-images/MORPHY-Bed-Vertical-Classic-200x200-6.webp""]",Small double Comfort Mattress 120x190x20 White,Small double Comfort Mattress 120x190x20,"Our Mattress Range is designed to provide the perfect balance of comfort, support and practicality for modern wall bed systems. Available in a variety of sizes and comfort options, these mattresses are suitable for both occasional guests and regular everyday sleeping. Carefully selected materials provide comfortable pressure relief and reliable support, while the wall-bed-friendly dimensions allow the mattress to remain conveniently in place when the bed is folded away. A practical and comfortable choice for creating a complete space-saving sleeping solution.",false,2026-08-25 08:58:21.710372+00,2026-08-25 08:58:21.710372+00
185,,5089775919234,,,,,,,,Double Comfort Mattress,double-comfort-mattress-135x190x20,1350,1900,200,,,,,,,,Vertical,Comfort,White,,100,,,,,,449,449,449,,120,120,120,329,329,329,Mattresses > Comfort,mattresses,Comfort,true,Visible,1 year for manufacturing defects,"Our Mattress Range is designed to provide the perfect balance of comfort, support and practicality for modern wall bed systems. Available in a variety of sizes and comfort options, these mattresses are suitable for both occasional guests and regular everyday sleeping. Carefully selected materials provide comfortable pressure relief and reliable support, while the wall-bed-friendly dimensions allow the mattress to remain conveniently in place when the bed is folded away. A practical and comfortable choice for creating a complete space-saving sleeping solution.",/product-images/MORPHY-Bed-Vertical-Classic-200x200-2-mattress.webp,/product-images/MORPHY-Bed-Vertical-Classic-200x200-6.webp,"[""/product-images/MORPHY-Bed-Vertical-Classic-200x200-2-mattress.webp"",""/product-images/MORPHY-Bed-Vertical-Classic-200x200-6.webp""]",Double Comfort Mattress 135x190x20 White,Double Comfort Mattress 135x190x20,"Our Mattress Range is designed to provide the perfect balance of comfort, support and practicality for modern wall bed systems. Available in a variety of sizes and comfort options, these mattresses are suitable for both occasional guests and regular everyday sleeping. Carefully selected materials provide comfortable pressure relief and reliable support, while the wall-bed-friendly dimensions allow the mattress to remain conveniently in place when the bed is folded away. A practical and comfortable choice for creating a complete space-saving sleeping solution.",false,2026-08-25 08:58:21.710372+00,2026-08-25 08:58:21.710372+00
186,,5016418528338,,,,,,,,King Comfort Mattress,king-comfort-mattress-150x200x20,1500,2000,200,,,,,,,,Vertical,Comfort,White,,100,,,,,,499,499,499,,140,140,140,359,359,359,Mattresses > Comfort,mattresses,Comfort,true,Visible,1 year for manufacturing defects,"Our Mattress Range is designed to provide the perfect balance of comfort, support and practicality for modern wall bed systems. Available in a variety of sizes and comfort options, these mattresses are suitable for both occasional guests and regular everyday sleeping. Carefully selected materials provide comfortable pressure relief and reliable support, while the wall-bed-friendly dimensions allow the mattress to remain conveniently in place when the bed is folded away. A practical and comfortable choice for creating a complete space-saving sleeping solution.",/product-images/MORPHY-Bed-Vertical-Classic-200x200-2-mattress.webp,/product-images/MORPHY-Bed-Vertical-Classic-200x200-6.webp,"[""/product-images/MORPHY-Bed-Vertical-Classic-200x200-2-mattress.webp"",""/product-images/MORPHY-Bed-Vertical-Classic-200x200-6.webp""]",King Comfort Mattress 150x200x20 White,King Comfort Mattress 150x200x20,"Our Mattress Range is designed to provide the perfect balance of comfort, support and practicality for modern wall bed systems. Available in a variety of sizes and comfort options, these mattresses are suitable for both occasional guests and regular everyday sleeping. Carefully selected materials provide comfortable pressure relief and reliable support, while the wall-bed-friendly dimensions allow the mattress to remain conveniently in place when the bed is folded away. A practical and comfortable choice for creating a complete space-saving sleeping solution.",false,2026-08-25 08:58:21.710372+00,2026-08-25 08:58:21.710372+00
187,,5099682930747,,,,,,,,Single Luxury Mattress,single-luxury-mattress-90x190x25,900,1900,250,,,,,,,,Vertical,Luxury,White,,100,,,,,,499,499,499,,140,140,140,364,364,364,Mattresses > Luxury,mattresses,Luxury,true,Visible,1 year for manufacturing defects,"Our Mattress Range is designed to provide the perfect balance of comfort, support and practicality for modern wall bed systems. Available in a variety of sizes and comfort options, these mattresses are suitable for both occasional guests and regular everyday sleeping. Carefully selected materials provide comfortable pressure relief and reliable support, while the wall-bed-friendly dimensions allow the mattress to remain conveniently in place when the bed is folded away. A practical and comfortable choice for creating a complete space-saving sleeping solution.",/product-images/MORPHY-Bed-Vertical-Classic-200x200-2-mattress.webp,/product-images/MORPHY-Bed-Vertical-Classic-200x200-6.webp,"[""/product-images/MORPHY-Bed-Vertical-Classic-200x200-2-mattress.webp"",""/product-images/MORPHY-Bed-Vertical-Classic-200x200-6.webp""]",Single Luxury Mattress 90x190x25 White,Single Luxury Mattress 90x190x25,"Our Mattress Range is designed to provide the perfect balance of comfort, support and practicality for modern wall bed systems. Available in a variety of sizes and comfort options, these mattresses are suitable for both occasional guests and regular everyday sleeping. Carefully selected materials provide comfortable pressure relief and reliable support, while the wall-bed-friendly dimensions allow the mattress to remain conveniently in place when the bed is folded away. A practical and comfortable choice for creating a complete space-saving sleeping solution.",false,2026-08-25 08:58:21.710372+00,2026-08-25 08:58:21.710372+00
188,,5014251234297,,,,,,,,Small double Luxury Mattress,small-double-luxury-mattress-120x190x25,1200,1900,250,,,,,,,,Vertical,Luxury,White,,100,,,,,,529,529,529,,130,130,130,399,399,399,Mattresses > Luxury,mattresses,Luxury,true,Visible,1 year for manufacturing defects,"Our Mattress Range is designed to provide the perfect balance of comfort, support and practicality for modern wall bed systems. Available in a variety of sizes and comfort options, these mattresses are suitable for both occasional guests and regular everyday sleeping. Carefully selected materials provide comfortable pressure relief and reliable support, while the wall-bed-friendly dimensions allow the mattress to remain conveniently in place when the bed is folded away. A practical and comfortable choice for creating a complete space-saving sleeping solution.",/product-images/MORPHY-Bed-Vertical-Classic-200x200-2-mattress.webp,/product-images/MORPHY-Bed-Vertical-Classic-200x200-6.webp,"[""/product-images/MORPHY-Bed-Vertical-Classic-200x200-2-mattress.webp"",""/product-images/MORPHY-Bed-Vertical-Classic-200x200-6.webp""]",Small double Luxury Mattress 120x190x25 White,Small double Luxury Mattress 120x190x25,"Our Mattress Range is designed to provide the perfect balance of comfort, support and practicality for modern wall bed systems. Available in a variety of sizes and comfort options, these mattresses are suitable for both occasional guests and regular everyday sleeping. Carefully selected materials provide comfortable pressure relief and reliable support, while the wall-bed-friendly dimensions allow the mattress to remain conveniently in place when the bed is folded away. A practical and comfortable choice for creating a complete space-saving sleeping solution.",false,2026-08-25 08:58:21.710372+00,2026-08-25 08:58:21.710372+00
189,,5079760022988,,,,,,,,Double Luxury Mattress,double-luxury-mattress-135x190x25,1350,1900,250,,,,,,,,Vertical,Luxury,White,,100,,,,,,529,529,529,,130,130,130,399,399,399,Mattresses > Luxury,mattresses,Luxury,true,Visible,1 year for manufacturing defects,"Our Mattress Range is designed to provide the perfect balance of comfort, support and practicality for modern wall bed systems. Available in a variety of sizes and comfort options, these mattresses are suitable for both occasional guests and regular everyday sleeping. Carefully selected materials provide comfortable pressure relief and reliable support, while the wall-bed-friendly dimensions allow the mattress to remain conveniently in place when the bed is folded away. A practical and comfortable choice for creating a complete space-saving sleeping solution.",/product-images/MORPHY-Bed-Vertical-Classic-200x200-2-mattress.webp,/product-images/MORPHY-Bed-Vertical-Classic-200x200-6.webp,"[""/product-images/MORPHY-Bed-Vertical-Classic-200x200-2-mattress.webp"",""/product-images/MORPHY-Bed-Vertical-Classic-200x200-6.webp""]",Double Luxury Mattress 135x190x25 White,Double Luxury Mattress 135x190x25,"Our Mattress Range is designed to provide the perfect balance of comfort, support and practicality for modern wall bed systems. Available in a variety of sizes and comfort options, these mattresses are suitable for both occasional guests and regular everyday sleeping. Carefully selected materials provide comfortable pressure relief and reliable support, while the wall-bed-friendly dimensions allow the mattress to remain conveniently in place when the bed is folded away. A practical and comfortable choice for creating a complete space-saving sleeping solution.",false,2026-08-25 08:58:21.710372+00,2026-08-25 08:58:21.710372+00
190,,5035254594176,,,,,,,,King Luxury Mattress,king-luxury-mattress-150x200x25,1500,2000,250,,,,,,,,Vertical,Luxury,White,,100,,,,,,579,579,579,,140,140,140,439,439,439,Mattresses > Luxury,mattresses,Luxury,true,Visible,1 year for manufacturing defects,"Our Mattress Range is designed to provide the perfect balance of comfort, support and practicality for modern wall bed systems. Available in a variety of sizes and comfort options, these mattresses are suitable for both occasional guests and regular everyday sleeping. Carefully selected materials provide comfortable pressure relief and reliable support, while the wall-bed-friendly dimensions allow the mattress to remain conveniently in place when the bed is folded away. A practical and comfortable choice for creating a complete space-saving sleeping solution.",/product-images/MORPHY-Bed-Vertical-Classic-200x200-2-mattress.webp,/product-images/MORPHY-Bed-Vertical-Classic-200x200-6.webp,"[""/product-images/MORPHY-Bed-Vertical-Classic-200x200-2-mattress.webp"",""/product-images/MORPHY-Bed-Vertical-Classic-200x200-6.webp""]",King Luxury Mattress 150x200x25 White,King Luxury Mattress 150x200x25,"Our Mattress Range is designed to provide the perfect balance of comfort, support and practicality for modern wall bed systems. Available in a variety of sizes and comfort options, these mattresses are suitable for both occasional guests and regular everyday sleeping. Carefully selected materials provide comfortable pressure relief and reliable support, while the wall-bed-friendly dimensions allow the mattress to remain conveniently in place when the bed is folded away. A practical and comfortable choice for creating a complete space-saving sleeping solution.",false,2026-08-25 08:58:21.710372+00,2026-08-25 08:58:21.710372+00
191,,5050974539886,,,,,,,,Single Supreme Mattress,single-supreme-mattress-90x190x25,900,1900,250,,,,,,,,Vertical,Supreme,White,,100,,,,,,599,599,599,,150,150,150,449,449,449,Mattresses > Supreme,mattresses,Supreme,true,Visible,1 year for manufacturing defects,"Our Mattress Range is designed to provide the perfect balance of comfort, support and practicality for modern wall bed systems. Available in a variety of sizes and comfort options, these mattresses are suitable for both occasional guests and regular everyday sleeping. Carefully selected materials provide comfortable pressure relief and reliable support, while the wall-bed-friendly dimensions allow the mattress to remain conveniently in place when the bed is folded away. A practical and comfortable choice for creating a complete space-saving sleeping solution.",/product-images/MORPHY-Bed-Vertical-Classic-200x200-2-mattress.webp,/product-images/MORPHY-Bed-Vertical-Classic-200x200-6.webp,"[""/product-images/MORPHY-Bed-Vertical-Classic-200x200-2-mattress.webp"",""/product-images/MORPHY-Bed-Vertical-Classic-200x200-6.webp""]",Single Supreme Mattress 90x190x25 White,Single Supreme Mattress 90x190x25,"Our Mattress Range is designed to provide the perfect balance of comfort, support and practicality for modern wall bed systems. Available in a variety of sizes and comfort options, these mattresses are suitable for both occasional guests and regular everyday sleeping. Carefully selected materials provide comfortable pressure relief and reliable support, while the wall-bed-friendly dimensions allow the mattress to remain conveniently in place when the bed is folded away. A practical and comfortable choice for creating a complete space-saving sleeping solution.",false,2026-08-25 08:58:21.710372+00,2026-08-25 08:58:21.710372+00
192,,5027951842898,,,,,,,,Small double Supreme Mattress,small-double-supreme-mattress-120x190x25,1200,1900,250,,,,,,,,Vertical,Supreme,White,,100,,,,,,649,649,649,,180,180,180,469,469,469,Mattresses > Supreme,mattresses,Supreme,true,Visible,1 year for manufacturing defects,"Our Mattress Range is designed to provide the perfect balance of comfort, support and practicality for modern wall bed systems. Available in a variety of sizes and comfort options, these mattresses are suitable for both occasional guests and regular everyday sleeping. Carefully selected materials provide comfortable pressure relief and reliable support, while the wall-bed-friendly dimensions allow the mattress to remain conveniently in place when the bed is folded away. A practical and comfortable choice for creating a complete space-saving sleeping solution.",/product-images/MORPHY-Bed-Vertical-Classic-200x200-2-mattress.webp,/product-images/MORPHY-Bed-Vertical-Classic-200x200-6.webp,"[""/product-images/MORPHY-Bed-Vertical-Classic-200x200-2-mattress.webp"",""/product-images/MORPHY-Bed-Vertical-Classic-200x200-6.webp""]",Small double Supreme Mattress 120x190x25 White,Small double Supreme Mattress 120x190x25,"Our Mattress Range is designed to provide the perfect balance of comfort, support and practicality for modern wall bed systems. Available in a variety of sizes and comfort options, these mattresses are suitable for both occasional guests and regular everyday sleeping. Carefully selected materials provide comfortable pressure relief and reliable support, while the wall-bed-friendly dimensions allow the mattress to remain conveniently in place when the bed is folded away. A practical and comfortable choice for creating a complete space-saving sleeping solution.",false,2026-08-25 08:58:21.710372+00,2026-08-25 08:58:21.710372+00
193,,5067296886464,,,,,,,,Double Supreme Mattress,double-supreme-mattress-135x190x25,1350,1900,250,,,,,,,,Vertical,Supreme,White,,100,,,,,,649,649,649,,180,180,180,469,469,469,Mattresses > Supreme,mattresses,Supreme,true,Visible,1 year for manufacturing defects,"Our Mattress Range is designed to provide the perfect balance of comfort, support and practicality for modern wall bed systems. Available in a variety of sizes and comfort options, these mattresses are suitable for both occasional guests and regular everyday sleeping. Carefully selected materials provide comfortable pressure relief and reliable support, while the wall-bed-friendly dimensions allow the mattress to remain conveniently in place when the bed is folded away. A practical and comfortable choice for creating a complete space-saving sleeping solution.",/product-images/MORPHY-Bed-Vertical-Classic-200x200-2-mattress.webp,/product-images/MORPHY-Bed-Vertical-Classic-200x200-6.webp,"[""/product-images/MORPHY-Bed-Vertical-Classic-200x200-2-mattress.webp"",""/product-images/MORPHY-Bed-Vertical-Classic-200x200-6.webp""]",Double Supreme Mattress 135x190x25 White,Double Supreme Mattress 135x190x25,"Our Mattress Range is designed to provide the perfect balance of comfort, support and practicality for modern wall bed systems. Available in a variety of sizes and comfort options, these mattresses are suitable for both occasional guests and regular everyday sleeping. Carefully selected materials provide comfortable pressure relief and reliable support, while the wall-bed-friendly dimensions allow the mattress to remain conveniently in place when the bed is folded away. A practical and comfortable choice for creating a complete space-saving sleeping solution.",false,2026-08-25 08:58:21.710372+00,2026-08-25 08:58:21.710372+00
194,,5016148561973,,,,,,,,King Supreme Mattress,king-supreme-mattress-150x200x25,1500,2000,250,,,,,,,,Vertical,Supreme,White,,100,,,,,,699,699,699,,180,180,180,519,519,519,Mattresses > Supreme,mattresses,Supreme,true,Visible,1 year for manufacturing defects,"Our Mattress Range is designed to provide the perfect balance of comfort, support and practicality for modern wall bed systems. Available in a variety of sizes and comfort options, these mattresses are suitable for both occasional guests and regular everyday sleeping. Carefully selected materials provide comfortable pressure relief and reliable support, while the wall-bed-friendly dimensions allow the mattress to remain conveniently in place when the bed is folded away. A practical and comfortable choice for creating a complete space-saving sleeping solution.",/product-images/MORPHY-Bed-Vertical-Classic-200x200-2-mattress.webp,/product-images/MORPHY-Bed-Vertical-Classic-200x200-6.webp,"[""/product-images/MORPHY-Bed-Vertical-Classic-200x200-2-mattress.webp"",""/product-images/MORPHY-Bed-Vertical-Classic-200x200-6.webp""]",King Supreme Mattress 150x200x25 White,King Supreme Mattress 150x200x25,"Our Mattress Range is designed to provide the perfect balance of comfort, support and practicality for modern wall bed systems. Available in a variety of sizes and comfort options, these mattresses are suitable for both occasional guests and regular everyday sleeping. Carefully selected materials provide comfortable pressure relief and reliable support, while the wall-bed-friendly dimensions allow the mattress to remain conveniently in place when the bed is folded away. A practical and comfortable choice for creating a complete space-saving sleeping solution.",false,2026-08-25 08:58:21.710372+00,2026-08-25 08:58:21.710372+00
195,,5025125724246,,,,,,,,Single Vertical Cabinet - Pine,single-vertical-cabinet-pine-115x52x215,1150,520,2150,,,,,,,,Vertical,Cabinet,Pine,,100,,,,,,699,699,699,,220,220,220,479,479,479,Cabinets > Vertical,cabinets,Vertical,true,Visible,1 year for manufacturing defects,"Our Wall Bed Cabinets provide a stylish and practical way to complete your space-saving bed system. Designed to neatly enclose the bed when it is not in use, they help create a clean, furniture-like appearance while keeping the mattress and bedding protected from dust. Available in a range of sizes, colours and configurations, the cabinets can be complemented with extensions and matching side storage units to create a coordinated, functional solution for bedrooms, guest rooms and multifunctional living spaces.",/product-images/MORPHY-Bed-Vertical-Classic-200x200-6.webp,/product-images/morphy-integrated/160x200-8.jpg,"[""/product-images/MORPHY-Bed-Vertical-Classic-200x200-6.webp"",""/product-images/morphy-integrated/160x200-8.jpg""]",Single Vertical Cabinet - Pine 115x52x215,Single Vertical Cabinet - Pine 115x52x215,"Our Wall Bed Cabinets provide a stylish and practical way to complete your space-saving bed system. Designed to neatly enclose the bed when it is not in use, they help create a clean, furniture-like appearance while keeping the mattress and bedding protected from dust. Available in a range of sizes, colours and configurations, the cabinets can be complemented with extensions and matching side storage units to create a coordinated, functional solution for bedrooms, guest rooms and multifunctional living spaces.",false,2026-08-25 08:58:21.710372+00,2026-08-25 08:58:21.710372+00
196,,5011376627370,,,,,,,,Small Double Vertical Cabinet - Pine,small-double-vertical-cabinet-pine-145x52x215,1450,520,2150,,,,,,,,Vertical,Cabinet,Pine,,100,,,,,,709,709,709,,200,200,200,509,509,509,Cabinets > Vertical,cabinets,Vertical,true,Visible,1 year for manufacturing defects,"Our Wall Bed Cabinets provide a stylish and practical way to complete your space-saving bed system. Designed to neatly enclose the bed when it is not in use, they help create a clean, furniture-like appearance while keeping the mattress and bedding protected from dust. Available in a range of sizes, colours and configurations, the cabinets can be complemented with extensions and matching side storage units to create a coordinated, functional solution for bedrooms, guest rooms and multifunctional living spaces.",/product-images/MORPHY-Bed-Vertical-Classic-200x200-6.webp,/product-images/morphy-integrated/160x200-8.jpg,"[""/product-images/MORPHY-Bed-Vertical-Classic-200x200-6.webp"",""/product-images/morphy-integrated/160x200-8.jpg""]",Small Double Vertical Cabinet - Pine 145x52x215,Small Double Vertical Cabinet - Pine 145x52x215,"Our Wall Bed Cabinets provide a stylish and practical way to complete your space-saving bed system. Designed to neatly enclose the bed when it is not in use, they help create a clean, furniture-like appearance while keeping the mattress and bedding protected from dust. Available in a range of sizes, colours and configurations, the cabinets can be complemented with extensions and matching side storage units to create a coordinated, functional solution for bedrooms, guest rooms and multifunctional living spaces.",false,2026-08-25 08:58:21.710372+00,2026-08-25 08:58:21.710372+00
197,,5031692438905,,,,,,,,Double Vertical Cabinet - Pine,double-vertical-cabinet-pine-160x52x215,1600,520,2150,,,,,,,,Vertical,Cabinet,Pine,,100,,,,,,749,749,749,,200,200,200,549,549,549,Cabinets > Vertical,cabinets,Vertical,true,Visible,1 year for manufacturing defects,"Our Wall Bed Cabinets provide a stylish and practical way to complete your space-saving bed system. Designed to neatly enclose the bed when it is not in use, they help create a clean, furniture-like appearance while keeping the mattress and bedding protected from dust. Available in a range of sizes, colours and configurations, the cabinets can be complemented with extensions and matching side storage units to create a coordinated, functional solution for bedrooms, guest rooms and multifunctional living spaces.",/product-images/MORPHY-Bed-Vertical-Classic-200x200-6.webp,/product-images/morphy-integrated/160x200-8.jpg,"[""/product-images/MORPHY-Bed-Vertical-Classic-200x200-6.webp"",""/product-images/morphy-integrated/160x200-8.jpg""]",Double Vertical Cabinet - Pine 160x52x215,Double Vertical Cabinet - Pine 160x52x215,"Our Wall Bed Cabinets provide a stylish and practical way to complete your space-saving bed system. Designed to neatly enclose the bed when it is not in use, they help create a clean, furniture-like appearance while keeping the mattress and bedding protected from dust. Available in a range of sizes, colours and configurations, the cabinets can be complemented with extensions and matching side storage units to create a coordinated, functional solution for bedrooms, guest rooms and multifunctional living spaces.",false,2026-08-25 08:58:21.710372+00,2026-08-25 08:58:21.710372+00
198,,5064542804325,,,,,,,,King Vertical Cabinet - Pine,king-vertical-cabinet-pine-175x52x225,1750,520,2250,,,,,,,,Vertical,Cabinet,Pine,,100,,,,,,779,779,779,,200,200,200,579,579,579,Cabinets > Vertical,cabinets,Vertical,true,Visible,1 year for manufacturing defects,"Our Wall Bed Cabinets provide a stylish and practical way to complete your space-saving bed system. Designed to neatly enclose the bed when it is not in use, they help create a clean, furniture-like appearance while keeping the mattress and bedding protected from dust. Available in a range of sizes, colours and configurations, the cabinets can be complemented with extensions and matching side storage units to create a coordinated, functional solution for bedrooms, guest rooms and multifunctional living spaces.",/product-images/MORPHY-Bed-Vertical-Classic-200x200-6.webp,/product-images/morphy-integrated/160x200-8.jpg,"[""/product-images/MORPHY-Bed-Vertical-Classic-200x200-6.webp"",""/product-images/morphy-integrated/160x200-8.jpg""]",King Vertical Cabinet - Pine 175x52x225,King Vertical Cabinet - Pine 175x52x225,"Our Wall Bed Cabinets provide a stylish and practical way to complete your space-saving bed system. Designed to neatly enclose the bed when it is not in use, they help create a clean, furniture-like appearance while keeping the mattress and bedding protected from dust. Available in a range of sizes, colours and configurations, the cabinets can be complemented with extensions and matching side storage units to create a coordinated, functional solution for bedrooms, guest rooms and multifunctional living spaces.",false,2026-08-25 08:58:21.710372+00,2026-08-25 08:58:21.710372+00
199,,5088192167751,,,,,,,,Single Vertical Cabinet - Beech,single-vertical-cabinet-beech-115x52x215,1150,520,2150,,,,,,,,Vertical,Cabinet,Beech,,100,,,,,,699,699,699,,220,220,220,479,479,479,Cabinets > Vertical,cabinets,Vertical,true,Visible,1 year for manufacturing defects,"Our Wall Bed Cabinets provide a stylish and practical way to complete your space-saving bed system. Designed to neatly enclose the bed when it is not in use, they help create a clean, furniture-like appearance while keeping the mattress and bedding protected from dust. Available in a range of sizes, colours and configurations, the cabinets can be complemented with extensions and matching side storage units to create a coordinated, functional solution for bedrooms, guest rooms and multifunctional living spaces.",/product-images/MORPHY-Bed-Vertical-Classic-200x200-6.webp,/product-images/morphy-integrated/160x200-8.jpg,"[""/product-images/MORPHY-Bed-Vertical-Classic-200x200-6.webp"",""/product-images/morphy-integrated/160x200-8.jpg""]",Single Vertical Cabinet - Beech 115x52x215,Single Vertical Cabinet - Beech 115x52x215,"Our Wall Bed Cabinets provide a stylish and practical way to complete your space-saving bed system. Designed to neatly enclose the bed when it is not in use, they help create a clean, furniture-like appearance while keeping the mattress and bedding protected from dust. Available in a range of sizes, colours and configurations, the cabinets can be complemented with extensions and matching side storage units to create a coordinated, functional solution for bedrooms, guest rooms and multifunctional living spaces.",false,2026-08-25 08:58:21.710372+00,2026-08-25 08:58:21.710372+00
200,,5073194522580,,,,,,,,Small Double Vertical Cabinet - Beech,small-double-vertical-cabinet-beech-145x52x215,1450,520,2150,,,,,,,,Vertical,Cabinet,Beech,,100,,,,,,709,709,709,,200,200,200,509,509,509,Cabinets > Vertical,cabinets,Vertical,true,Visible,1 year for manufacturing defects,"Our Wall Bed Cabinets provide a stylish and practical way to complete your space-saving bed system. Designed to neatly enclose the bed when it is not in use, they help create a clean, furniture-like appearance while keeping the mattress and bedding protected from dust. Available in a range of sizes, colours and configurations, the cabinets can be complemented with extensions and matching side storage units to create a coordinated, functional solution for bedrooms, guest rooms and multifunctional living spaces.",/product-images/MORPHY-Bed-Vertical-Classic-200x200-6.webp,/product-images/morphy-integrated/160x200-8.jpg,"[""/product-images/MORPHY-Bed-Vertical-Classic-200x200-6.webp"",""/product-images/morphy-integrated/160x200-8.jpg""]",Small Double Vertical Cabinet - Beech 145x52x215,Small Double Vertical Cabinet - Beech 145x52x215,"Our Wall Bed Cabinets provide a stylish and practical way to complete your space-saving bed system. Designed to neatly enclose the bed when it is not in use, they help create a clean, furniture-like appearance while keeping the mattress and bedding protected from dust. Available in a range of sizes, colours and configurations, the cabinets can be complemented with extensions and matching side storage units to create a coordinated, functional solution for bedrooms, guest rooms and multifunctional living spaces.",false,2026-08-25 08:58:21.710372+00,2026-08-25 08:58:21.710372+00
201,,5077135335719,,,,,,,,Double Vertical Cabinet - Beech,double-vertical-cabinet-beech-160x52x215,1600,520,2150,,,,,,,,Vertical,Cabinet,Beech,,100,,,,,,749,749,749,,200,200,200,549,549,549,Cabinets > Vertical,cabinets,Vertical,true,Visible,1 year for manufacturing defects,"Our Wall Bed Cabinets provide a stylish and practical way to complete your space-saving bed system. Designed to neatly enclose the bed when it is not in use, they help create a clean, furniture-like appearance while keeping the mattress and bedding protected from dust. Available in a range of sizes, colours and configurations, the cabinets can be complemented with extensions and matching side storage units to create a coordinated, functional solution for bedrooms, guest rooms and multifunctional living spaces.",/product-images/MORPHY-Bed-Vertical-Classic-200x200-6.webp,/product-images/morphy-integrated/160x200-8.jpg,"[""/product-images/MORPHY-Bed-Vertical-Classic-200x200-6.webp"",""/product-images/morphy-integrated/160x200-8.jpg""]",Double Vertical Cabinet - Beech 160x52x215,Double Vertical Cabinet - Beech 160x52x215,"Our Wall Bed Cabinets provide a stylish and practical way to complete your space-saving bed system. Designed to neatly enclose the bed when it is not in use, they help create a clean, furniture-like appearance while keeping the mattress and bedding protected from dust. Available in a range of sizes, colours and configurations, the cabinets can be complemented with extensions and matching side storage units to create a coordinated, functional solution for bedrooms, guest rooms and multifunctional living spaces.",false,2026-08-25 08:58:00.741851+00,2026-08-25 08:58:00.741851+00
202,,5095822544859,,,,,,,,King Vertical Cabinet - Beech,king-vertical-cabinet-beech-175x52x225,1750,520,2250,,,,,,,,Vertical,Cabinet,Beech,,100,,,,,,779,779,779,,200,200,200,579,579,579,Cabinets > Vertical,cabinets,Vertical,true,Visible,1 year for manufacturing defects,"Our Wall Bed Cabinets provide a stylish and practical way to complete your space-saving bed system. Designed to neatly enclose the bed when it is not in use, they help create a clean, furniture-like appearance while keeping the mattress and bedding protected from dust. Available in a range of sizes, colours and configurations, the cabinets can be complemented with extensions and matching side storage units to create a coordinated, functional solution for bedrooms, guest rooms and multifunctional living spaces.",/product-images/MORPHY-Bed-Vertical-Classic-200x200-6.webp,/product-images/morphy-integrated/160x200-8.jpg,"[""/product-images/MORPHY-Bed-Vertical-Classic-200x200-6.webp"",""/product-images/morphy-integrated/160x200-8.jpg""]",King Vertical Cabinet - Beech 175x52x225,King Vertical Cabinet - Beech 175x52x225,"Our Wall Bed Cabinets provide a stylish and practical way to complete your space-saving bed system. Designed to neatly enclose the bed when it is not in use, they help create a clean, furniture-like appearance while keeping the mattress and bedding protected from dust. Available in a range of sizes, colours and configurations, the cabinets can be complemented with extensions and matching side storage units to create a coordinated, functional solution for bedrooms, guest rooms and multifunctional living spaces.",false,2026-08-25 08:58:00.741851+00,2026-08-25 08:58:00.741851+00
203,,5037322748226,,,,,,,,Single Vertical Cabinet - Oak,single-vertical-cabinet-oak-115x52x215,1150,520,2150,,,,,,,,Vertical,Cabinet,Oak,,100,,,,,,699,699,699,,220,220,220,479,479,479,Cabinets > Vertical,cabinets,Vertical,true,Visible,1 year for manufacturing defects,"Our Wall Bed Cabinets provide a stylish and practical way to complete your space-saving bed system. Designed to neatly enclose the bed when it is not in use, they help create a clean, furniture-like appearance while keeping the mattress and bedding protected from dust. Available in a range of sizes, colours and configurations, the cabinets can be complemented with extensions and matching side storage units to create a coordinated, functional solution for bedrooms, guest rooms and multifunctional living spaces.",/product-images/MORPHY-Bed-Vertical-Classic-200x200-6.webp,/product-images/morphy-integrated/160x200-8.jpg,"[""/product-images/MORPHY-Bed-Vertical-Classic-200x200-6.webp"",""/product-images/morphy-integrated/160x200-8.jpg""]",Single Vertical Cabinet - Oak 115x52x215,Single Vertical Cabinet - Oak 115x52x215,"Our Wall Bed Cabinets provide a stylish and practical way to complete your space-saving bed system. Designed to neatly enclose the bed when it is not in use, they help create a clean, furniture-like appearance while keeping the mattress and bedding protected from dust. Available in a range of sizes, colours and configurations, the cabinets can be complemented with extensions and matching side storage units to create a coordinated, functional solution for bedrooms, guest rooms and multifunctional living spaces.",false,2026-08-25 08:58:00.741851+00,2026-08-25 08:58:00.741851+00
204,,5092299360933,,,,,,,,Small Double Vertical Cabinet - Oak,small-double-vertical-cabinet-oak-145x52x215,1450,520,2150,,,,,,,,Vertical,Cabinet,Oak,,100,,,,,,709,709,709,,200,200,200,509,509,509,Cabinets > Vertical,cabinets,Vertical,true,Visible,1 year for manufacturing defects,"Our Wall Bed Cabinets provide a stylish and practical way to complete your space-saving bed system. Designed to neatly enclose the bed when it is not in use, they help create a clean, furniture-like appearance while keeping the mattress and bedding protected from dust. Available in a range of sizes, colours and configurations, the cabinets can be complemented with extensions and matching side storage units to create a coordinated, functional solution for bedrooms, guest rooms and multifunctional living spaces.",/product-images/MORPHY-Bed-Vertical-Classic-200x200-6.webp,/product-images/morphy-integrated/160x200-8.jpg,"[""/product-images/MORPHY-Bed-Vertical-Classic-200x200-6.webp"",""/product-images/morphy-integrated/160x200-8.jpg""]",Small Double Vertical Cabinet - Oak 145x52x215,Small Double Vertical Cabinet - Oak 145x52x215,"Our Wall Bed Cabinets provide a stylish and practical way to complete your space-saving bed system. Designed to neatly enclose the bed when it is not in use, they help create a clean, furniture-like appearance while keeping the mattress and bedding protected from dust. Available in a range of sizes, colours and configurations, the cabinets can be complemented with extensions and matching side storage units to create a coordinated, functional solution for bedrooms, guest rooms and multifunctional living spaces.",false,2026-08-25 08:58:00.741851+00,2026-08-25 08:58:00.741851+00
205,,5074953832759,,,,,,,,Double Vertical Cabinet - Oak,double-vertical-cabinet-oak-160x52x215,1600,520,2150,,,,,,,,Vertical,Cabinet,Oak,,100,,,,,,749,749,749,,200,200,200,549,549,549,Cabinets > Vertical,cabinets,Vertical,true,Visible,1 year for manufacturing defects,"Our Wall Bed Cabinets provide a stylish and practical way to complete your space-saving bed system. Designed to neatly enclose the bed when it is not in use, they help create a clean, furniture-like appearance while keeping the mattress and bedding protected from dust. Available in a range of sizes, colours and configurations, the cabinets can be complemented with extensions and matching side storage units to create a coordinated, functional solution for bedrooms, guest rooms and multifunctional living spaces.",/product-images/MORPHY-Bed-Vertical-Classic-200x200-6.webp,/product-images/morphy-integrated/160x200-8.jpg,"[""/product-images/MORPHY-Bed-Vertical-Classic-200x200-6.webp"",""/product-images/morphy-integrated/160x200-8.jpg""]",Double Vertical Cabinet - Oak 160x52x215,Double Vertical Cabinet - Oak 160x52x215,"Our Wall Bed Cabinets provide a stylish and practical way to complete your space-saving bed system. Designed to neatly enclose the bed when it is not in use, they help create a clean, furniture-like appearance while keeping the mattress and bedding protected from dust. Available in a range of sizes, colours and configurations, the cabinets can be complemented with extensions and matching side storage units to create a coordinated, functional solution for bedrooms, guest rooms and multifunctional living spaces.",false,2026-08-25 08:58:00.741851+00,2026-08-25 08:58:00.741851+00
206,,5018594946872,,,,,,,,King Vertical Cabinet - Oak,king-vertical-cabinet-oak-175x52x225,1750,520,2250,,,,,,,,Vertical,Cabinet,Oak,,100,,,,,,779,779,779,,200,200,200,579,579,579,Cabinets > Vertical,cabinets,Vertical,true,Visible,1 year for manufacturing defects,"Our Wall Bed Cabinets provide a stylish and practical way to complete your space-saving bed system. Designed to neatly enclose the bed when it is not in use, they help create a clean, furniture-like appearance while keeping the mattress and bedding protected from dust. Available in a range of sizes, colours and configurations, the cabinets can be complemented with extensions and matching side storage units to create a coordinated, functional solution for bedrooms, guest rooms and multifunctional living spaces.",/product-images/MORPHY-Bed-Vertical-Classic-200x200-6.webp,/product-images/morphy-integrated/160x200-8.jpg,"[""/product-images/MORPHY-Bed-Vertical-Classic-200x200-6.webp"",""/product-images/morphy-integrated/160x200-8.jpg""]",King Vertical Cabinet - Oak 175x52x225,King Vertical Cabinet - Oak 175x52x225,"Our Wall Bed Cabinets provide a stylish and practical way to complete your space-saving bed system. Designed to neatly enclose the bed when it is not in use, they help create a clean, furniture-like appearance while keeping the mattress and bedding protected from dust. Available in a range of sizes, colours and configurations, the cabinets can be complemented with extensions and matching side storage units to create a coordinated, functional solution for bedrooms, guest rooms and multifunctional living spaces.",false,2026-08-25 08:58:00.741851+00,2026-08-25 08:58:00.741851+00
207,,5058279448904,,,,,,,,Single Vertical Cabinet - White,single-vertical-cabinet-white-115x52x215,1150,520,2150,,,,,,,,Vertical,Cabinet,White,,100,,,,,,649,649,649,,200,200,200,449,449,449,Cabinets > Vertical,cabinets,Vertical,true,Visible,1 year for manufacturing defects,"Our Wall Bed Cabinets provide a stylish and practical way to complete your space-saving bed system. Designed to neatly enclose the bed when it is not in use, they help create a clean, furniture-like appearance while keeping the mattress and bedding protected from dust. Available in a range of sizes, colours and configurations, the cabinets can be complemented with extensions and matching side storage units to create a coordinated, functional solution for bedrooms, guest rooms and multifunctional living spaces.",/product-images/MORPHY-Bed-Vertical-Classic-200x200-6.webp,/product-images/morphy-integrated/160x200-8.jpg,"[""/product-images/MORPHY-Bed-Vertical-Classic-200x200-6.webp"",""/product-images/morphy-integrated/160x200-8.jpg""]",Single Vertical Cabinet - White 115x52x215,Single Vertical Cabinet - White 115x52x215,"Our Wall Bed Cabinets provide a stylish and practical way to complete your space-saving bed system. Designed to neatly enclose the bed when it is not in use, they help create a clean, furniture-like appearance while keeping the mattress and bedding protected from dust. Available in a range of sizes, colours and configurations, the cabinets can be complemented with extensions and matching side storage units to create a coordinated, functional solution for bedrooms, guest rooms and multifunctional living spaces.",false,2026-08-25 08:58:00.741851+00,2026-08-25 08:58:00.741851+00
208,,5077071683378,,,,,,,,Small Double Vertical Cabinet - White,small-double-vertical-cabinet-white-145x52x215,1450,520,2150,,,,,,,,Vertical,Cabinet,White,,100,,,,,,679,679,679,,200,200,200,479,479,479,Cabinets > Vertical,cabinets,Vertical,true,Visible,1 year for manufacturing defects,"Our Wall Bed Cabinets provide a stylish and practical way to complete your space-saving bed system. Designed to neatly enclose the bed when it is not in use, they help create a clean, furniture-like appearance while keeping the mattress and bedding protected from dust. Available in a range of sizes, colours and configurations, the cabinets can be complemented with extensions and matching side storage units to create a coordinated, functional solution for bedrooms, guest rooms and multifunctional living spaces.",/product-images/MORPHY-Bed-Vertical-Classic-200x200-6.webp,/product-images/morphy-integrated/160x200-8.jpg,"[""/product-images/MORPHY-Bed-Vertical-Classic-200x200-6.webp"",""/product-images/morphy-integrated/160x200-8.jpg""]",Small Double Vertical Cabinet - White 145x52x215,Small Double Vertical Cabinet - White 145x52x215,"Our Wall Bed Cabinets provide a stylish and practical way to complete your space-saving bed system. Designed to neatly enclose the bed when it is not in use, they help create a clean, furniture-like appearance while keeping the mattress and bedding protected from dust. Available in a range of sizes, colours and configurations, the cabinets can be complemented with extensions and matching side storage units to create a coordinated, functional solution for bedrooms, guest rooms and multifunctional living spaces.",false,2026-08-25 08:58:00.741851+00,2026-08-25 08:58:00.741851+00
209,,5015067670706,,,,,,,,Double Vertical Cabinet - White,double-vertical-cabinet-white-160x52x215,1600,520,2150,,,,,,,,Vertical,Cabinet,White,,100,,,,,,699,699,699,,200,200,200,499,499,499,Cabinets > Vertical,cabinets,Vertical,true,Visible,1 year for manufacturing defects,"Our Wall Bed Cabinets provide a stylish and practical way to complete your space-saving bed system. Designed to neatly enclose the bed when it is not in use, they help create a clean, furniture-like appearance while keeping the mattress and bedding protected from dust. Available in a range of sizes, colours and configurations, the cabinets can be complemented with extensions and matching side storage units to create a coordinated, functional solution for bedrooms, guest rooms and multifunctional living spaces.",/product-images/MORPHY-Bed-Vertical-Classic-200x200-6.webp,/product-images/morphy-integrated/160x200-8.jpg,"[""/product-images/MORPHY-Bed-Vertical-Classic-200x200-6.webp"",""/product-images/morphy-integrated/160x200-8.jpg""]",Double Vertical Cabinet - White 160x52x215,Double Vertical Cabinet - White 160x52x215,"Our Wall Bed Cabinets provide a stylish and practical way to complete your space-saving bed system. Designed to neatly enclose the bed when it is not in use, they help create a clean, furniture-like appearance while keeping the mattress and bedding protected from dust. Available in a range of sizes, colours and configurations, the cabinets can be complemented with extensions and matching side storage units to create a coordinated, functional solution for bedrooms, guest rooms and multifunctional living spaces.",false,2026-08-25 08:58:00.741851+00,2026-08-25 08:58:00.741851+00
210,,5022754213515,,,,,,,,King Vertical Cabinet - White,king-vertical-cabinet-white-175x52x225,1750,520,2250,,,,,,,,Vertical,Cabinet,White,,100,,,,,,719,719,719,,200,200,200,519,519,519,Cabinets > Vertical,cabinets,Vertical,true,Visible,1 year for manufacturing defects,"Our Wall Bed Cabinets provide a stylish and practical way to complete your space-saving bed system. Designed to neatly enclose the bed when it is not in use, they help create a clean, furniture-like appearance while keeping the mattress and bedding protected from dust. Available in a range of sizes, colours and configurations, the cabinets can be complemented with extensions and matching side storage units to create a coordinated, functional solution for bedrooms, guest rooms and multifunctional living spaces.",/product-images/MORPHY-Bed-Vertical-Classic-200x200-6.webp,/product-images/morphy-integrated/160x200-8.jpg,"[""/product-images/MORPHY-Bed-Vertical-Classic-200x200-6.webp"",""/product-images/morphy-integrated/160x200-8.jpg""]",King Vertical Cabinet - White 175x52x225,King Vertical Cabinet - White 175x52x225,"Our Wall Bed Cabinets provide a stylish and practical way to complete your space-saving bed system. Designed to neatly enclose the bed when it is not in use, they help create a clean, furniture-like appearance while keeping the mattress and bedding protected from dust. Available in a range of sizes, colours and configurations, the cabinets can be complemented with extensions and matching side storage units to create a coordinated, functional solution for bedrooms, guest rooms and multifunctional living spaces.",false,2026-08-25 08:58:00.741851+00,2026-08-25 08:58:00.741851+00
211,,5037686032307,,,,,,,,Double Horizontal Cabinet - Pine,double-horizontal-cabinet-pine-215x52x180,2150,520,1800,,,,,,,,Horizontal,Cabinet,Pine,,100,,,,,,829,829,829,,200,200,200,629,629,629,Cabinets > Horizontal,cabinets,Horizontal,true,Visible,1 year for manufacturing defects,"Our Wall Bed Cabinets provide a stylish and practical way to complete your space-saving bed system. Designed to neatly enclose the bed when it is not in use, they help create a clean, furniture-like appearance while keeping the mattress and bedding protected from dust. Available in a range of sizes, colours and configurations, the cabinets can be complemented with extensions and matching side storage units to create a coordinated, functional solution for bedrooms, guest rooms and multifunctional living spaces.",/product-images/MORPHY-Bed-Vertical-Classic-200x200-6.webp,/product-images/morphy-integrated/160x200-8.jpg,"[""/product-images/MORPHY-Bed-Vertical-Classic-200x200-6.webp"",""/product-images/morphy-integrated/160x200-8.jpg""]",Double Horizontal Cabinet - Pine 215x52x180,Double Horizontal Cabinet - Pine 215x52x180,"Our Wall Bed Cabinets provide a stylish and practical way to complete your space-saving bed system. Designed to neatly enclose the bed when it is not in use, they help create a clean, furniture-like appearance while keeping the mattress and bedding protected from dust. Available in a range of sizes, colours and configurations, the cabinets can be complemented with extensions and matching side storage units to create a coordinated, functional solution for bedrooms, guest rooms and multifunctional living spaces.",false,2026-08-25 08:58:00.741851+00,2026-08-25 08:58:00.741851+00
212,,5076876810006,,,,,,,,King Horizontal Cabinet - Pine,king-horizontal-cabinet-pine-225x52x195,2250,520,1950,,,,,,,,Horizontal,Cabinet,Pine,,100,,,,,,849,849,849,,200,200,200,649,649,649,Cabinets > Horizontal,cabinets,Horizontal,true,Visible,1 year for manufacturing defects,"Our Wall Bed Cabinets provide a stylish and practical way to complete your space-saving bed system. Designed to neatly enclose the bed when it is not in use, they help create a clean, furniture-like appearance while keeping the mattress and bedding protected from dust. Available in a range of sizes, colours and configurations, the cabinets can be complemented with extensions and matching side storage units to create a coordinated, functional solution for bedrooms, guest rooms and multifunctional living spaces.",/product-images/MORPHY-Bed-Vertical-Classic-200x200-6.webp,/product-images/morphy-integrated/160x200-8.jpg,"[""/product-images/MORPHY-Bed-Vertical-Classic-200x200-6.webp"",""/product-images/morphy-integrated/160x200-8.jpg""]",King Horizontal Cabinet - Pine 225x52x195,King Horizontal Cabinet - Pine 225x52x195,"Our Wall Bed Cabinets provide a stylish and practical way to complete your space-saving bed system. Designed to neatly enclose the bed when it is not in use, they help create a clean, furniture-like appearance while keeping the mattress and bedding protected from dust. Available in a range of sizes, colours and configurations, the cabinets can be complemented with extensions and matching side storage units to create a coordinated, functional solution for bedrooms, guest rooms and multifunctional living spaces.",false,2026-08-25 08:58:00.741851+00,2026-08-25 08:58:00.741851+00
213,,5067101945734,,,,,,,,Double Horizontal Cabinet - Beech,double-horizontal-cabinet-beech-215x52x180,2150,520,1800,,,,,,,,Horizontal,Cabinet,Beech,,100,,,,,,829,829,829,,200,200,200,629,629,629,Cabinets > Horizontal,cabinets,Horizontal,true,Visible,1 year for manufacturing defects,"Our Wall Bed Cabinets provide a stylish and practical way to complete your space-saving bed system. Designed to neatly enclose the bed when it is not in use, they help create a clean, furniture-like appearance while keeping the mattress and bedding protected from dust. Available in a range of sizes, colours and configurations, the cabinets can be complemented with extensions and matching side storage units to create a coordinated, functional solution for bedrooms, guest rooms and multifunctional living spaces.",/product-images/MORPHY-Bed-Vertical-Classic-200x200-6.webp,/product-images/morphy-integrated/160x200-8.jpg,"[""/product-images/MORPHY-Bed-Vertical-Classic-200x200-6.webp"",""/product-images/morphy-integrated/160x200-8.jpg""]",Double Horizontal Cabinet - Beech 215x52x180,Double Horizontal Cabinet - Beech 215x52x180,"Our Wall Bed Cabinets provide a stylish and practical way to complete your space-saving bed system. Designed to neatly enclose the bed when it is not in use, they help create a clean, furniture-like appearance while keeping the mattress and bedding protected from dust. Available in a range of sizes, colours and configurations, the cabinets can be complemented with extensions and matching side storage units to create a coordinated, functional solution for bedrooms, guest rooms and multifunctional living spaces.",false,2026-08-25 08:58:00.741851+00,2026-08-25 08:58:00.741851+00
214,,5016671694904,,,,,,,,King Horizontal Cabinet - Beech,king-horizontal-cabinet-beech-225x52x195,2250,520,1950,,,,,,,,Horizontal,Cabinet,Beech,,100,,,,,,849,849,849,,200,200,200,649,649,649,Cabinets > Horizontal,cabinets,Horizontal,true,Visible,1 year for manufacturing defects,"Our Wall Bed Cabinets provide a stylish and practical way to complete your space-saving bed system. Designed to neatly enclose the bed when it is not in use, they help create a clean, furniture-like appearance while keeping the mattress and bedding protected from dust. Available in a range of sizes, colours and configurations, the cabinets can be complemented with extensions and matching side storage units to create a coordinated, functional solution for bedrooms, guest rooms and multifunctional living spaces.",/product-images/MORPHY-Bed-Vertical-Classic-200x200-6.webp,/product-images/morphy-integrated/160x200-8.jpg,"[""/product-images/MORPHY-Bed-Vertical-Classic-200x200-6.webp"",""/product-images/morphy-integrated/160x200-8.jpg""]",King Horizontal Cabinet - Beech 225x52x195,King Horizontal Cabinet - Beech 225x52x195,"Our Wall Bed Cabinets provide a stylish and practical way to complete your space-saving bed system. Designed to neatly enclose the bed when it is not in use, they help create a clean, furniture-like appearance while keeping the mattress and bedding protected from dust. Available in a range of sizes, colours and configurations, the cabinets can be complemented with extensions and matching side storage units to create a coordinated, functional solution for bedrooms, guest rooms and multifunctional living spaces.",false,2026-08-25 08:58:00.741851+00,2026-08-25 08:58:00.741851+00
215,,5093411894465,,,,,,,,Double Horizontal Cabinet - Oak,double-horizontal-cabinet-oak-215x52x180,2150,520,1800,,,,,,,,Horizontal,Cabinet,Oak,,100,,,,,,829,829,829,,200,200,200,629,629,629,Cabinets > Horizontal,cabinets,Horizontal,true,Visible,1 year for manufacturing defects,"Our Wall Bed Cabinets provide a stylish and practical way to complete your space-saving bed system. Designed to neatly enclose the bed when it is not in use, they help create a clean, furniture-like appearance while keeping the mattress and bedding protected from dust. Available in a range of sizes, colours and configurations, the cabinets can be complemented with extensions and matching side storage units to create a coordinated, functional solution for bedrooms, guest rooms and multifunctional living spaces.",/product-images/MORPHY-Bed-Vertical-Classic-200x200-6.webp,/product-images/morphy-integrated/160x200-8.jpg,"[""/product-images/MORPHY-Bed-Vertical-Classic-200x200-6.webp"",""/product-images/morphy-integrated/160x200-8.jpg""]",Double Horizontal Cabinet - Oak 215x52x180,Double Horizontal Cabinet - Oak 215x52x180,"Our Wall Bed Cabinets provide a stylish and practical way to complete your space-saving bed system. Designed to neatly enclose the bed when it is not in use, they help create a clean, furniture-like appearance while keeping the mattress and bedding protected from dust. Available in a range of sizes, colours and configurations, the cabinets can be complemented with extensions and matching side storage units to create a coordinated, functional solution for bedrooms, guest rooms and multifunctional living spaces.",false,2026-08-25 08:58:00.741851+00,2026-08-25 08:58:00.741851+00
216,,5023780744386,,,,,,,,King Horizontal Cabinet - Oak,king-horizontal-cabinet-oak-225x52x195,2250,520,1950,,,,,,,,Horizontal,Cabinet,Oak,,100,,,,,,849,849,849,,200,200,200,649,649,649,Cabinets > Horizontal,cabinets,Horizontal,true,Visible,1 year for manufacturing defects,"Our Wall Bed Cabinets provide a stylish and practical way to complete your space-saving bed system. Designed to neatly enclose the bed when it is not in use, they help create a clean, furniture-like appearance while keeping the mattress and bedding protected from dust. Available in a range of sizes, colours and configurations, the cabinets can be complemented with extensions and matching side storage units to create a coordinated, functional solution for bedrooms, guest rooms and multifunctional living spaces.",/product-images/MORPHY-Bed-Vertical-Classic-200x200-6.webp,/product-images/morphy-integrated/160x200-8.jpg,"[""/product-images/MORPHY-Bed-Vertical-Classic-200x200-6.webp"",""/product-images/morphy-integrated/160x200-8.jpg""]",King Horizontal Cabinet - Oak 225x52x195,King Horizontal Cabinet - Oak 225x52x195,"Our Wall Bed Cabinets provide a stylish and practical way to complete your space-saving bed system. Designed to neatly enclose the bed when it is not in use, they help create a clean, furniture-like appearance while keeping the mattress and bedding protected from dust. Available in a range of sizes, colours and configurations, the cabinets can be complemented with extensions and matching side storage units to create a coordinated, functional solution for bedrooms, guest rooms and multifunctional living spaces.",false,2026-08-25 08:58:00.741851+00,2026-08-25 08:58:00.741851+00
217,,5072040007669,,,,,,,,Double Horizontal Cabinet - White,double-horizontal-cabinet-white-215x52x180,2150,520,1800,,,,,,,,Horizontal,Cabinet,White,,100,,,,,,799,799,799,,200,200,200,599,599,599,Cabinets > Horizontal,cabinets,Horizontal,true,Visible,1 year for manufacturing defects,"Our Wall Bed Cabinets provide a stylish and practical way to complete your space-saving bed system. Designed to neatly enclose the bed when it is not in use, they help create a clean, furniture-like appearance while keeping the mattress and bedding protected from dust. Available in a range of sizes, colours and configurations, the cabinets can be complemented with extensions and matching side storage units to create a coordinated, functional solution for bedrooms, guest rooms and multifunctional living spaces.",/product-images/MORPHY-Bed-Vertical-Classic-200x200-6.webp,/product-images/morphy-integrated/160x200-8.jpg,"[""/product-images/MORPHY-Bed-Vertical-Classic-200x200-6.webp"",""/product-images/morphy-integrated/160x200-8.jpg""]",Double Horizontal Cabinet - White 215x52x180,Double Horizontal Cabinet - White 215x52x180,"Our Wall Bed Cabinets provide a stylish and practical way to complete your space-saving bed system. Designed to neatly enclose the bed when it is not in use, they help create a clean, furniture-like appearance while keeping the mattress and bedding protected from dust. Available in a range of sizes, colours and configurations, the cabinets can be complemented with extensions and matching side storage units to create a coordinated, functional solution for bedrooms, guest rooms and multifunctional living spaces.",false,2026-08-25 08:58:00.741851+00,2026-08-25 08:58:00.741851+00
218,,5050916393327,,,,,,,,King Horizontal Cabinet - White,king-horizontal-cabinet-white-225x52x195,2250,520,1950,,,,,,,,Horizontal,Cabinet,White,,100,,,,,,819,819,819,,200,200,200,619,619,619,Cabinets > Horizontal,cabinets,Horizontal,true,Visible,1 year for manufacturing defects,"Our Wall Bed Cabinets provide a stylish and practical way to complete your space-saving bed system. Designed to neatly enclose the bed when it is not in use, they help create a clean, furniture-like appearance while keeping the mattress and bedding protected from dust. Available in a range of sizes, colours and configurations, the cabinets can be complemented with extensions and matching side storage units to create a coordinated, functional solution for bedrooms, guest rooms and multifunctional living spaces.",/product-images/MORPHY-Bed-Vertical-Classic-200x200-6.webp,/product-images/morphy-integrated/160x200-8.jpg,"[""/product-images/MORPHY-Bed-Vertical-Classic-200x200-6.webp"",""/product-images/morphy-integrated/160x200-8.jpg""]",King Horizontal Cabinet - White 225x52x195,King Horizontal Cabinet - White 225x52x195,"Our Wall Bed Cabinets provide a stylish and practical way to complete your space-saving bed system. Designed to neatly enclose the bed when it is not in use, they help create a clean, furniture-like appearance while keeping the mattress and bedding protected from dust. Available in a range of sizes, colours and configurations, the cabinets can be complemented with extensions and matching side storage units to create a coordinated, functional solution for bedrooms, guest rooms and multifunctional living spaces.",false,2026-08-25 08:58:00.741851+00,2026-08-25 08:58:00.741851+00
219,,5008470110251,,,,,,,,Double Horizontal Cabinet Extension - Pine,double-horizontal-cabinet-extension-pine-215x52x35,2150,520,350,,,,,,,,Horizontal,Cabinet Extension,Pine,,100,,,,,,499,499,499,,150,150,150,349,349,349,Cabinets > Horizontal > Extensions,cabinets,Extensions,true,Visible,1 year for manufacturing defects,"Our Wall Bed Cabinets provide a stylish and practical way to complete your space-saving bed system. Designed to neatly enclose the bed when it is not in use, they help create a clean, furniture-like appearance while keeping the mattress and bedding protected from dust. Available in a range of sizes, colours and configurations, the cabinets can be complemented with extensions and matching side storage units to create a coordinated, functional solution for bedrooms, guest rooms and multifunctional living spaces.",/product-images/MORPHY-Bed-Vertical-Classic-200x200-6.webp,/product-images/morphy-integrated/160x200-8.jpg,"[""/product-images/MORPHY-Bed-Vertical-Classic-200x200-6.webp"",""/product-images/morphy-integrated/160x200-8.jpg""]",Double Horizontal Cabinet Extension - Pine 215x52x35,Double Horizontal Cabinet Extension - Pine 215x52x35,"Our Wall Bed Cabinets provide a stylish and practical way to complete your space-saving bed system. Designed to neatly enclose the bed when it is not in use, they help create a clean, furniture-like appearance while keeping the mattress and bedding protected from dust. Available in a range of sizes, colours and configurations, the cabinets can be complemented with extensions and matching side storage units to create a coordinated, functional solution for bedrooms, guest rooms and multifunctional living spaces.",false,2026-08-25 08:58:00.741851+00,2026-08-25 08:58:00.741851+00
220,,5039594405134,,,,,,,,King Horizontal Cabinet Extension - Pine,king-horizontal-cabinet-extension-pine-225x52x30,2250,520,300,,,,,,,,Horizontal,Cabinet Extension,Pine,,100,,,,,,499,499,499,,150,150,150,349,349,349,Cabinets > Horizontal > Extensions,cabinets,Extensions,true,Visible,1 year for manufacturing defects,"Our Wall Bed Cabinets provide a stylish and practical way to complete your space-saving bed system. Designed to neatly enclose the bed when it is not in use, they help create a clean, furniture-like appearance while keeping the mattress and bedding protected from dust. Available in a range of sizes, colours and configurations, the cabinets can be complemented with extensions and matching side storage units to create a coordinated, functional solution for bedrooms, guest rooms and multifunctional living spaces.",/product-images/MORPHY-Bed-Vertical-Classic-200x200-6.webp,/product-images/morphy-integrated/160x200-8.jpg,"[""/product-images/MORPHY-Bed-Vertical-Classic-200x200-6.webp"",""/product-images/morphy-integrated/160x200-8.jpg""]",King Horizontal Cabinet Extension - Pine 225x52x30,King Horizontal Cabinet Extension - Pine 225x52x30,"Our Wall Bed Cabinets provide a stylish and practical way to complete your space-saving bed system. Designed to neatly enclose the bed when it is not in use, they help create a clean, furniture-like appearance while keeping the mattress and bedding protected from dust. Available in a range of sizes, colours and configurations, the cabinets can be complemented with extensions and matching side storage units to create a coordinated, functional solution for bedrooms, guest rooms and multifunctional living spaces.",false,2026-08-25 08:58:00.741851+00,2026-08-25 08:58:00.741851+00
221,,5033827614961,,,,,,,,Double Horizontal Cabinet Extension - Beech,double-horizontal-cabinet-extension-beech-215x52x35,2150,520,350,,,,,,,,Horizontal,Cabinet Extension,Beech,,100,,,,,,499,499,499,,150,150,150,349,349,349,Cabinets > Horizontal > Extensions,cabinets,Extensions,true,Visible,1 year for manufacturing defects,"Our Wall Bed Cabinets provide a stylish and practical way to complete your space-saving bed system. Designed to neatly enclose the bed when it is not in use, they help create a clean, furniture-like appearance while keeping the mattress and bedding protected from dust. Available in a range of sizes, colours and configurations, the cabinets can be complemented with extensions and matching side storage units to create a coordinated, functional solution for bedrooms, guest rooms and multifunctional living spaces.",/product-images/MORPHY-Bed-Vertical-Classic-200x200-6.webp,/product-images/morphy-integrated/160x200-8.jpg,"[""/product-images/MORPHY-Bed-Vertical-Classic-200x200-6.webp"",""/product-images/morphy-integrated/160x200-8.jpg""]",Double Horizontal Cabinet Extension - Beech 215x52x35,Double Horizontal Cabinet Extension - Beech 215x52x35,"Our Wall Bed Cabinets provide a stylish and practical way to complete your space-saving bed system. Designed to neatly enclose the bed when it is not in use, they help create a clean, furniture-like appearance while keeping the mattress and bedding protected from dust. Available in a range of sizes, colours and configurations, the cabinets can be complemented with extensions and matching side storage units to create a coordinated, functional solution for bedrooms, guest rooms and multifunctional living spaces.",false,2026-08-25 08:58:00.741851+00,2026-08-25 08:58:00.741851+00
222,,5012102672627,,,,,,,,King Horizontal Cabinet Extension - Beech,king-horizontal-cabinet-extension-beech-225x52x30,2250,520,300,,,,,,,,Horizontal,Cabinet Extension,Beech,,100,,,,,,499,499,499,,150,150,150,349,349,349,Cabinets > Horizontal > Extensions,cabinets,Extensions,true,Visible,1 year for manufacturing defects,"Our Wall Bed Cabinets provide a stylish and practical way to complete your space-saving bed system. Designed to neatly enclose the bed when it is not in use, they help create a clean, furniture-like appearance while keeping the mattress and bedding protected from dust. Available in a range of sizes, colours and configurations, the cabinets can be complemented with extensions and matching side storage units to create a coordinated, functional solution for bedrooms, guest rooms and multifunctional living spaces.",/product-images/MORPHY-Bed-Vertical-Classic-200x200-6.webp,/product-images/morphy-integrated/160x200-8.jpg,"[""/product-images/MORPHY-Bed-Vertical-Classic-200x200-6.webp"",""/product-images/morphy-integrated/160x200-8.jpg""]",King Horizontal Cabinet Extension - Beech 225x52x30,King Horizontal Cabinet Extension - Beech 225x52x30,"Our Wall Bed Cabinets provide a stylish and practical way to complete your space-saving bed system. Designed to neatly enclose the bed when it is not in use, they help create a clean, furniture-like appearance while keeping the mattress and bedding protected from dust. Available in a range of sizes, colours and configurations, the cabinets can be complemented with extensions and matching side storage units to create a coordinated, functional solution for bedrooms, guest rooms and multifunctional living spaces.",false,2026-08-25 08:58:00.741851+00,2026-08-25 08:58:00.741851+00
223,,5053906364598,,,,,,,,Double Horizontal Cabinet Extension - Oak,double-horizontal-cabinet-extension-oak-215x52x35,2150,520,350,,,,,,,,Horizontal,Cabinet Extension,Oak,,100,,,,,,499,499,499,,150,150,150,349,349,349,Cabinets > Horizontal > Extensions,cabinets,Extensions,true,Visible,1 year for manufacturing defects,"Our Wall Bed Cabinets provide a stylish and practical way to complete your space-saving bed system. Designed to neatly enclose the bed when it is not in use, they help create a clean, furniture-like appearance while keeping the mattress and bedding protected from dust. Available in a range of sizes, colours and configurations, the cabinets can be complemented with extensions and matching side storage units to create a coordinated, functional solution for bedrooms, guest rooms and multifunctional living spaces.",/product-images/MORPHY-Bed-Vertical-Classic-200x200-6.webp,/product-images/morphy-integrated/160x200-8.jpg,"[""/product-images/MORPHY-Bed-Vertical-Classic-200x200-6.webp"",""/product-images/morphy-integrated/160x200-8.jpg""]",Double Horizontal Cabinet Extension - Oak 215x52x35,Double Horizontal Cabinet Extension - Oak 215x52x35,"Our Wall Bed Cabinets provide a stylish and practical way to complete your space-saving bed system. Designed to neatly enclose the bed when it is not in use, they help create a clean, furniture-like appearance while keeping the mattress and bedding protected from dust. Available in a range of sizes, colours and configurations, the cabinets can be complemented with extensions and matching side storage units to create a coordinated, functional solution for bedrooms, guest rooms and multifunctional living spaces.",false,2026-08-25 08:58:00.741851+00,2026-08-25 08:58:00.741851+00
224,,5003610536990,,,,,,,,King Horizontal Cabinet Extension - Oak,king-horizontal-cabinet-extension-oak-225x52x30,2250,520,300,,,,,,,,Horizontal,Cabinet Extension,Oak,,100,,,,,,499,499,499,,150,150,150,349,349,349,Cabinets > Horizontal > Extensions,cabinets,Extensions,true,Visible,1 year for manufacturing defects,"Our Wall Bed Cabinets provide a stylish and practical way to complete your space-saving bed system. Designed to neatly enclose the bed when it is not in use, they help create a clean, furniture-like appearance while keeping the mattress and bedding protected from dust. Available in a range of sizes, colours and configurations, the cabinets can be complemented with extensions and matching side storage units to create a coordinated, functional solution for bedrooms, guest rooms and multifunctional living spaces.",/product-images/MORPHY-Bed-Vertical-Classic-200x200-6.webp,/product-images/morphy-integrated/160x200-8.jpg,"[""/product-images/MORPHY-Bed-Vertical-Classic-200x200-6.webp"",""/product-images/morphy-integrated/160x200-8.jpg""]",King Horizontal Cabinet Extension - Oak 225x52x30,King Horizontal Cabinet Extension - Oak 225x52x30,"Our Wall Bed Cabinets provide a stylish and practical way to complete your space-saving bed system. Designed to neatly enclose the bed when it is not in use, they help create a clean, furniture-like appearance while keeping the mattress and bedding protected from dust. Available in a range of sizes, colours and configurations, the cabinets can be complemented with extensions and matching side storage units to create a coordinated, functional solution for bedrooms, guest rooms and multifunctional living spaces.",false,2026-08-25 08:58:00.741851+00,2026-08-25 08:58:00.741851+00
225,,5057000763437,,,,,,,,Double Horizontal Cabinet Extension - White,double-horizontal-cabinet-extension-white-215x52x35,2150,520,350,,,,,,,,Horizontal,Cabinet Extension,White,,100,,,,,,469,469,469,,150,150,150,319,319,319,Cabinets > Horizontal > Extensions,cabinets,Extensions,true,Visible,1 year for manufacturing defects,"Our Wall Bed Cabinets provide a stylish and practical way to complete your space-saving bed system. Designed to neatly enclose the bed when it is not in use, they help create a clean, furniture-like appearance while keeping the mattress and bedding protected from dust. Available in a range of sizes, colours and configurations, the cabinets can be complemented with extensions and matching side storage units to create a coordinated, functional solution for bedrooms, guest rooms and multifunctional living spaces.",/product-images/MORPHY-Bed-Vertical-Classic-200x200-6.webp,/product-images/morphy-integrated/160x200-8.jpg,"[""/product-images/MORPHY-Bed-Vertical-Classic-200x200-6.webp"",""/product-images/morphy-integrated/160x200-8.jpg""]",Double Horizontal Cabinet Extension - White 215x52x35,Double Horizontal Cabinet Extension - White 215x52x35,"Our Wall Bed Cabinets provide a stylish and practical way to complete your space-saving bed system. Designed to neatly enclose the bed when it is not in use, they help create a clean, furniture-like appearance while keeping the mattress and bedding protected from dust. Available in a range of sizes, colours and configurations, the cabinets can be complemented with extensions and matching side storage units to create a coordinated, functional solution for bedrooms, guest rooms and multifunctional living spaces.",false,2026-08-25 08:58:00.741851+00,2026-08-25 08:58:00.741851+00
226,,5069778373338,,,,,,,,King Horizontal Cabinet Extension - White,king-horizontal-cabinet-extension-white-225x52x30,2250,520,300,,,,,,,,Horizontal,Cabinet Extension,White,,100,,,,,,499,499,499,,150,150,150,349,349,349,Cabinets > Horizontal > Extensions,cabinets,Extensions,true,Visible,1 year for manufacturing defects,"Our Wall Bed Cabinets provide a stylish and practical way to complete your space-saving bed system. Designed to neatly enclose the bed when it is not in use, they help create a clean, furniture-like appearance while keeping the mattress and bedding protected from dust. Available in a range of sizes, colours and configurations, the cabinets can be complemented with extensions and matching side storage units to create a coordinated, functional solution for bedrooms, guest rooms and multifunctional living spaces.",/product-images/MORPHY-Bed-Vertical-Classic-200x200-6.webp,/product-images/morphy-integrated/160x200-8.jpg,"[""/product-images/MORPHY-Bed-Vertical-Classic-200x200-6.webp"",""/product-images/morphy-integrated/160x200-8.jpg""]",King Horizontal Cabinet Extension - White 225x52x30,King Horizontal Cabinet Extension - White 225x52x30,"Our Wall Bed Cabinets provide a stylish and practical way to complete your space-saving bed system. Designed to neatly enclose the bed when it is not in use, they help create a clean, furniture-like appearance while keeping the mattress and bedding protected from dust. Available in a range of sizes, colours and configurations, the cabinets can be complemented with extensions and matching side storage units to create a coordinated, functional solution for bedrooms, guest rooms and multifunctional living spaces.",false,2026-08-25 08:58:00.741851+00,2026-08-25 08:58:00.741851+00
227,,5064378088969,,,,,,,,Vertical Cabinet Side Unit with Door + Hanger - Pine,vertical-cabinet-side-unit-with-door-hanger-pine-50x52x215,500,520,2150,,,,,,,,Vertical,Side Unit,Pine,,100,,,,,,469,469,469,,150,150,150,319,319,319,Cabinets > Vertical > Side Units,cabinets,Side Units,true,Visible,1 year for manufacturing defects,"Our Wall Bed Cabinets provide a stylish and practical way to complete your space-saving bed system. Designed to neatly enclose the bed when it is not in use, they help create a clean, furniture-like appearance while keeping the mattress and bedding protected from dust. Available in a range of sizes, colours and configurations, the cabinets can be complemented with extensions and matching side storage units to create a coordinated, functional solution for bedrooms, guest rooms and multifunctional living spaces.",/product-images/MORPHY-Bed-Vertical-Classic-200x200-6.webp,/product-images/morphy-integrated/160x200-8.jpg,"[""/product-images/MORPHY-Bed-Vertical-Classic-200x200-6.webp"",""/product-images/morphy-integrated/160x200-8.jpg""]",Vertical Cabinet Side Unit with Door + Hanger - Pine 50x52x215,Vertical Cabinet Side Unit with Door + Hanger - Pine 50x52x2,"Our Wall Bed Cabinets provide a stylish and practical way to complete your space-saving bed system. Designed to neatly enclose the bed when it is not in use, they help create a clean, furniture-like appearance while keeping the mattress and bedding protected from dust. Available in a range of sizes, colours and configurations, the cabinets can be complemented with extensions and matching side storage units to create a coordinated, functional solution for bedrooms, guest rooms and multifunctional living spaces.",false,2026-08-25 08:58:00.741851+00,2026-08-25 08:58:00.741851+00
228,,5039776601098,,,,,,,,Vertical Cabinet Side Unit with Shelves - Pine,vertical-cabinet-side-unit-with-shelves-pine-50x52x215,500,520,2150,,,,,,,,Vertical,Side Unit,Pine,,100,,,,,,459,459,459,,150,150,150,309,309,309,Cabinets > Vertical > Side Units,cabinets,Side Units,true,Visible,1 year for manufacturing defects,"Our Wall Bed Cabinets provide a stylish and practical way to complete your space-saving bed system. Designed to neatly enclose the bed when it is not in use, they help create a clean, furniture-like appearance while keeping the mattress and bedding protected from dust. Available in a range of sizes, colours and configurations, the cabinets can be complemented with extensions and matching side storage units to create a coordinated, functional solution for bedrooms, guest rooms and multifunctional living spaces.",/product-images/MORPHY-Bed-Vertical-Classic-200x200-6.webp,/product-images/morphy-integrated/160x200-8.jpg,"[""/product-images/MORPHY-Bed-Vertical-Classic-200x200-6.webp"",""/product-images/morphy-integrated/160x200-8.jpg""]",Vertical Cabinet Side Unit with Shelves - Pine 50x52x215,Vertical Cabinet Side Unit with Shelves - Pine 50x52x215,"Our Wall Bed Cabinets provide a stylish and practical way to complete your space-saving bed system. Designed to neatly enclose the bed when it is not in use, they help create a clean, furniture-like appearance while keeping the mattress and bedding protected from dust. Available in a range of sizes, colours and configurations, the cabinets can be complemented with extensions and matching side storage units to create a coordinated, functional solution for bedrooms, guest rooms and multifunctional living spaces.",false,2026-08-25 08:58:00.741851+00,2026-08-25 08:58:00.741851+00
229,,5081194699030,,,,,,,,Vertical Cabinet Side Unit with Door + Hanger - Beech,vertical-cabinet-side-unit-with-door-hanger-beech-50x52x215,500,520,2150,,,,,,,,Vertical,Side Unit,Beech,,100,,,,,,469,469,469,,150,150,150,319,319,319,Cabinets > Vertical > Side Units,cabinets,Side Units,true,Visible,1 year for manufacturing defects,"Our Wall Bed Cabinets provide a stylish and practical way to complete your space-saving bed system. Designed to neatly enclose the bed when it is not in use, they help create a clean, furniture-like appearance while keeping the mattress and bedding protected from dust. Available in a range of sizes, colours and configurations, the cabinets can be complemented with extensions and matching side storage units to create a coordinated, functional solution for bedrooms, guest rooms and multifunctional living spaces.",/product-images/MORPHY-Bed-Vertical-Classic-200x200-6.webp,/product-images/morphy-integrated/160x200-8.jpg,"[""/product-images/MORPHY-Bed-Vertical-Classic-200x200-6.webp"",""/product-images/morphy-integrated/160x200-8.jpg""]",Vertical Cabinet Side Unit with Door + Hanger - Beech 50x52x215,Vertical Cabinet Side Unit with Door + Hanger - Beech 50x52x,"Our Wall Bed Cabinets provide a stylish and practical way to complete your space-saving bed system. Designed to neatly enclose the bed when it is not in use, they help create a clean, furniture-like appearance while keeping the mattress and bedding protected from dust. Available in a range of sizes, colours and configurations, the cabinets can be complemented with extensions and matching side storage units to create a coordinated, functional solution for bedrooms, guest rooms and multifunctional living spaces.",false,2026-08-25 08:58:00.741851+00,2026-08-25 08:58:00.741851+00
230,,5011707945334,,,,,,,,Vertical Cabinet Side Unit with Shelves - Beech,vertical-cabinet-side-unit-with-shelves-beech-50x52x215,500,520,2150,,,,,,,,Vertical,Side Unit,Beech,,100,,,,,,459,459,459,,150,150,150,309,309,309,Cabinets > Vertical > Side Units,cabinets,Side Units,true,Visible,1 year for manufacturing defects,"Our Wall Bed Cabinets provide a stylish and practical way to complete your space-saving bed system. Designed to neatly enclose the bed when it is not in use, they help create a clean, furniture-like appearance while keeping the mattress and bedding protected from dust. Available in a range of sizes, colours and configurations, the cabinets can be complemented with extensions and matching side storage units to create a coordinated, functional solution for bedrooms, guest rooms and multifunctional living spaces.",/product-images/MORPHY-Bed-Vertical-Classic-200x200-6.webp,/product-images/morphy-integrated/160x200-8.jpg,"[""/product-images/MORPHY-Bed-Vertical-Classic-200x200-6.webp"",""/product-images/morphy-integrated/160x200-8.jpg""]",Vertical Cabinet Side Unit with Shelves - Beech 50x52x215,Vertical Cabinet Side Unit with Shelves - Beech 50x52x215,"Our Wall Bed Cabinets provide a stylish and practical way to complete your space-saving bed system. Designed to neatly enclose the bed when it is not in use, they help create a clean, furniture-like appearance while keeping the mattress and bedding protected from dust. Available in a range of sizes, colours and configurations, the cabinets can be complemented with extensions and matching side storage units to create a coordinated, functional solution for bedrooms, guest rooms and multifunctional living spaces.",false,2026-08-25 08:58:00.741851+00,2026-08-25 08:58:00.741851+00
231,,5086470836688,,,,,,,,Vertical Cabinet Side Unit with Door + Hanger - Oak,vertical-cabinet-side-unit-with-door-hanger-oak-50x52x215,500,520,2150,,,,,,,,Vertical,Side Unit,Oak,,100,,,,,,469,469,469,,150,150,150,319,319,319,Cabinets > Vertical > Side Units,cabinets,Side Units,true,Visible,1 year for manufacturing defects,"Our Wall Bed Cabinets provide a stylish and practical way to complete your space-saving bed system. Designed to neatly enclose the bed when it is not in use, they help create a clean, furniture-like appearance while keeping the mattress and bedding protected from dust. Available in a range of sizes, colours and configurations, the cabinets can be complemented with extensions and matching side storage units to create a coordinated, functional solution for bedrooms, guest rooms and multifunctional living spaces.",/product-images/MORPHY-Bed-Vertical-Classic-200x200-6.webp,/product-images/morphy-integrated/160x200-8.jpg,"[""/product-images/MORPHY-Bed-Vertical-Classic-200x200-6.webp"",""/product-images/morphy-integrated/160x200-8.jpg""]",Vertical Cabinet Side Unit with Door + Hanger - Oak 50x52x215,Vertical Cabinet Side Unit with Door + Hanger - Oak 50x52x21,"Our Wall Bed Cabinets provide a stylish and practical way to complete your space-saving bed system. Designed to neatly enclose the bed when it is not in use, they help create a clean, furniture-like appearance while keeping the mattress and bedding protected from dust. Available in a range of sizes, colours and configurations, the cabinets can be complemented with extensions and matching side storage units to create a coordinated, functional solution for bedrooms, guest rooms and multifunctional living spaces.",false,2026-08-25 08:58:00.741851+00,2026-08-25 08:58:00.741851+00
232,,5048550841417,,,,,,,,Vertical Cabinet Side Unit with Shelves - Oak,vertical-cabinet-side-unit-with-shelves-oak-50x52x215,500,520,2150,,,,,,,,Vertical,Side Unit,Oak,,100,,,,,,459,459,459,,150,150,150,309,309,309,Cabinets > Vertical > Side Units,cabinets,Side Units,true,Visible,1 year for manufacturing defects,"Our Wall Bed Cabinets provide a stylish and practical way to complete your space-saving bed system. Designed to neatly enclose the bed when it is not in use, they help create a clean, furniture-like appearance while keeping the mattress and bedding protected from dust. Available in a range of sizes, colours and configurations, the cabinets can be complemented with extensions and matching side storage units to create a coordinated, functional solution for bedrooms, guest rooms and multifunctional living spaces.",/product-images/MORPHY-Bed-Vertical-Classic-200x200-6.webp,/product-images/morphy-integrated/160x200-8.jpg,"[""/product-images/MORPHY-Bed-Vertical-Classic-200x200-6.webp"",""/product-images/morphy-integrated/160x200-8.jpg""]",Vertical Cabinet Side Unit with Shelves - Oak 50x52x215,Vertical Cabinet Side Unit with Shelves - Oak 50x52x215,"Our Wall Bed Cabinets provide a stylish and practical way to complete your space-saving bed system. Designed to neatly enclose the bed when it is not in use, they help create a clean, furniture-like appearance while keeping the mattress and bedding protected from dust. Available in a range of sizes, colours and configurations, the cabinets can be complemented with extensions and matching side storage units to create a coordinated, functional solution for bedrooms, guest rooms and multifunctional living spaces.",false,2026-08-25 08:58:00.741851+00,2026-08-25 08:58:00.741851+00
233,,5096301838133,,,,,,,,Vertical Cabinet Side Unit with Door + Hanger - White,vertical-cabinet-side-unit-with-door-hanger-white-50x52x215,500,520,2150,,,,,,,,Vertical,Side Unit,White,,100,,,,,,449,449,449,,150,150,150,299,299,299,Cabinets > Vertical > Side Units,cabinets,Side Units,true,Visible,1 year for manufacturing defects,"Our Wall Bed Cabinets provide a stylish and practical way to complete your space-saving bed system. Designed to neatly enclose the bed when it is not in use, they help create a clean, furniture-like appearance while keeping the mattress and bedding protected from dust. Available in a range of sizes, colours and configurations, the cabinets can be complemented with extensions and matching side storage units to create a coordinated, functional solution for bedrooms, guest rooms and multifunctional living spaces.",/product-images/MORPHY-Bed-Vertical-Classic-200x200-6.webp,/product-images/morphy-integrated/160x200-8.jpg,"[""/product-images/MORPHY-Bed-Vertical-Classic-200x200-6.webp"",""/product-images/morphy-integrated/160x200-8.jpg""]",Vertical Cabinet Side Unit with Door + Hanger - White 50x52x215,Vertical Cabinet Side Unit with Door + Hanger - White 50x52x,"Our Wall Bed Cabinets provide a stylish and practical way to complete your space-saving bed system. Designed to neatly enclose the bed when it is not in use, they help create a clean, furniture-like appearance while keeping the mattress and bedding protected from dust. Available in a range of sizes, colours and configurations, the cabinets can be complemented with extensions and matching side storage units to create a coordinated, functional solution for bedrooms, guest rooms and multifunctional living spaces.",false,2026-08-25 08:58:00.741851+00,2026-08-25 08:58:00.741851+00
234,,5008471645189,,,,,,,,Vertical Cabinet Side Unit with Shelves - White,vertical-cabinet-side-unit-with-shelves-white-50x52x215,500,520,2150,,,,,,,,Vertical,Side Unit,White,,100,,,,,,439,439,439,,150,150,150,289,289,289,Cabinets > Vertical > Side Units,cabinets,Side Units,true,Visible,1 year for manufacturing defects,"Our Wall Bed Cabinets provide a stylish and practical way to complete your space-saving bed system. Designed to neatly enclose the bed when it is not in use, they help create a clean, furniture-like appearance while keeping the mattress and bedding protected from dust. Available in a range of sizes, colours and configurations, the cabinets can be complemented with extensions and matching side storage units to create a coordinated, functional solution for bedrooms, guest rooms and multifunctional living spaces.",/product-images/MORPHY-Bed-Vertical-Classic-200x200-6.webp,/product-images/morphy-integrated/160x200-8.jpg,"[""/product-images/MORPHY-Bed-Vertical-Classic-200x200-6.webp"",""/product-images/morphy-integrated/160x200-8.jpg""]",Vertical Cabinet Side Unit with Shelves - White 50x52x215,Vertical Cabinet Side Unit with Shelves - White 50x52x215,"Our Wall Bed Cabinets provide a stylish and practical way to complete your space-saving bed system. Designed to neatly enclose the bed when it is not in use, they help create a clean, furniture-like appearance while keeping the mattress and bedding protected from dust. Available in a range of sizes, colours and configurations, the cabinets can be complemented with extensions and matching side storage units to create a coordinated, functional solution for bedrooms, guest rooms and multifunctional living spaces.",false,2026-08-25 08:58:00.741851+00,2026-08-25 08:58:00.741851+00
