ID,EAN,Name,Width,Length,Height,Frame width,Folded up height,Folded up projection,Folded down projection,Frame distance from ground,Mounting frame height,Maximum mattress depth,Orientation,Type,Color,Weight,Stock,Package Dimensions,Price GBP,Price EURO,Price USD,Sale Percent,Sale Fix GBP,Sale Fix EURO,Sale Fix USD,Sale Price GBP,Sale Price EURO,Sale Price USD,Category,Backorder,Visibility,Warranty,Description,Product Images,Product Image Alt,Slug,Meta Title,Meta Description
1,5016853024392,Small Single Vertical Classic Bed,760,1900,,860,2050,410,2180,204,510,300,Vertical,Classic,Black,,100,,599,,,30,,,,419,,,Base Beds > Vertical > Classic,TRUE,Visible,Lifetime on mechanism,"The Classic Wall Bed is a practical and durable space-saving solution for bedrooms, guest rooms and multifunctional spaces. Its strong steel frame and smooth gas-assisted lifting mechanism make it easy to open and close, while the fold-away design helps free up valuable floor space during the day. Suitable for regular everyday use, it can be paired with a standard mattress up to approximately 30 cm thick for comfortable, flexible sleeping.",,Small Single Vertical Classic Bed 76x190 Black,small-single-vertical-classic-bed-76x190,Small Single Vertical Classic Bed 76x190,"Small Single Vertical Classic Bed 76x190 - The Classic Wall Bed is a practical and durable space-saving solution for bedrooms, guest rooms a Shop now!"
2,5007683829234,Single Vertical Classic Bed,900,1900,,990,2050,410,2180,204,510,300,Vertical,Classic,Black,,100,,749,,,30,,,,524,,,Base Beds > Vertical > Classic,TRUE,Visible,Lifetime on mechanism,"The Classic Wall Bed is a practical and durable space-saving solution for bedrooms, guest rooms and multifunctional spaces. Its strong steel frame and smooth gas-assisted lifting mechanism make it easy to open and close, while the fold-away design helps free up valuable floor space during the day. Suitable for regular everyday use, it can be paired with a standard mattress up to approximately 30 cm thick for comfortable, flexible sleeping.",,Single Vertical Classic Bed 90x190 Black,single-vertical-classic-bed-90x190,Single Vertical Classic Bed 90x190,"Single Vertical Classic Bed 90x190 - The Classic Wall Bed is a practical and durable space-saving solution for bedrooms, guest rooms and mul Shop now!"
3,5070502507993,European Single Vertical Classic Bed,900,2000,,990,2150,410,2260,204,510,300,Vertical,Classic,Black,,100,,749,,,30,,,,524,,,Base Beds > Vertical > Classic,TRUE,Visible,Lifetime on mechanism,"The Classic Wall Bed is a practical and durable space-saving solution for bedrooms, guest rooms and multifunctional spaces. Its strong steel frame and smooth gas-assisted lifting mechanism make it easy to open and close, while the fold-away design helps free up valuable floor space during the day. Suitable for regular everyday use, it can be paired with a standard mattress up to approximately 30 cm thick for comfortable, flexible sleeping.",,European Single Vertical Classic Bed 90x200 Black,european-single-vertical-classic-bed-90x200,European Single Vertical Classic Bed 90x200,"European Single Vertical Classic Bed 90x200 - The Classic Wall Bed is a practical and durable space-saving solution for bedrooms, guest room Shop now!"
4,5099576237011,Small Double Vertical Classic Bed,1200,1900,,1290,2050,410,2180,204,510,300,Vertical,Classic,Black,,100,,849,,,30,,,,594,,,Base Beds > Vertical > Classic,TRUE,Visible,Lifetime on mechanism,"The Classic Wall Bed is a practical and durable space-saving solution for bedrooms, guest rooms and multifunctional spaces. Its strong steel frame and smooth gas-assisted lifting mechanism make it easy to open and close, while the fold-away design helps free up valuable floor space during the day. Suitable for regular everyday use, it can be paired with a standard mattress up to approximately 30 cm thick for comfortable, flexible sleeping.",,Small Double Vertical Classic Bed 120x190 Black,small-double-vertical-classic-bed-120x190,Small Double Vertical Classic Bed 120x190,"Small Double Vertical Classic Bed 120x190 - The Classic Wall Bed is a practical and durable space-saving solution for bedrooms, guest rooms  Shop now!"
5,5008544983958,European Small Double Vertical Classic Bed,1200,2000,,1290,2150,410,2260,204,510,300,Vertical,Classic,Black,,100,,849,,,30,,,,594,,,Base Beds > Vertical > Classic,TRUE,Visible,Lifetime on mechanism,"The Classic Wall Bed is a practical and durable space-saving solution for bedrooms, guest rooms and multifunctional spaces. Its strong steel frame and smooth gas-assisted lifting mechanism make it easy to open and close, while the fold-away design helps free up valuable floor space during the day. Suitable for regular everyday use, it can be paired with a standard mattress up to approximately 30 cm thick for comfortable, flexible sleeping.",,European Small Double Vertical Classic Bed 120x200 Black,european-small-double-vertical-classic-bed-120x200,European Small Double Vertical Classic Bed 120x200,"European Small Double Vertical Classic Bed 120x200 - The Classic Wall Bed is a practical and durable space-saving solution for bedrooms, gue Shop now!"
6,5018700439028,Double Vertical Classic Bed,1350,1900,,1470,2050,410,2180,204,510,300,Vertical,Classic,Black,,100,,899,,,30,,,,629,,,Base Beds > Vertical > Classic,TRUE,Visible,Lifetime on mechanism,"The Classic Wall Bed is a practical and durable space-saving solution for bedrooms, guest rooms and multifunctional spaces. Its strong steel frame and smooth gas-assisted lifting mechanism make it easy to open and close, while the fold-away design helps free up valuable floor space during the day. Suitable for regular everyday use, it can be paired with a standard mattress up to approximately 30 cm thick for comfortable, flexible sleeping.",,Double Vertical Classic Bed 135x190 Black,double-vertical-classic-bed-135x190,Double Vertical Classic Bed 135x190,"Double Vertical Classic Bed 135x190 - The Classic Wall Bed is a practical and durable space-saving solution for bedrooms, guest rooms and mu Shop now!"
7,5085067599700,European Double Vertical Classic Bed,1400,1900,,1520,2050,410,2180,204,510,300,Vertical,Classic,Black,,100,,899,,,30,,,,629,,,Base Beds > Vertical > Classic,TRUE,Visible,Lifetime on mechanism,"The Classic Wall Bed is a practical and durable space-saving solution for bedrooms, guest rooms and multifunctional spaces. Its strong steel frame and smooth gas-assisted lifting mechanism make it easy to open and close, while the fold-away design helps free up valuable floor space during the day. Suitable for regular everyday use, it can be paired with a standard mattress up to approximately 30 cm thick for comfortable, flexible sleeping.",,European Double Vertical Classic Bed 140x190 Black,european-double-vertical-classic-bed-140x190,European Double Vertical Classic Bed 140x190,"European Double Vertical Classic Bed 140x190 - The Classic Wall Bed is a practical and durable space-saving solution for bedrooms, guest roo Shop now!"
8,5000676119463,European Double Long Vertical Classic Bed,1400,2000,,1500,2150,410,2260,204,510,300,Vertical,Classic,Black,,100,,949,,,30,,,,664,,,Base Beds > Vertical > Classic,TRUE,Visible,Lifetime on mechanism,"The Classic Wall Bed is a practical and durable space-saving solution for bedrooms, guest rooms and multifunctional spaces. Its strong steel frame and smooth gas-assisted lifting mechanism make it easy to open and close, while the fold-away design helps free up valuable floor space during the day. Suitable for regular everyday use, it can be paired with a standard mattress up to approximately 30 cm thick for comfortable, flexible sleeping.",,European Double Long Vertical Classic Bed 140x200 Black,european-double-long-vertical-classic-bed-140x200,European Double Long Vertical Classic Bed 140x200,"European Double Long Vertical Classic Bed 140x200 - The Classic Wall Bed is a practical and durable space-saving solution for bedrooms, gues Shop now!"
9,5035358036397,King Vertical Classic Bed,1500,2000,,1620,2150,410,2260,204,510,300,Vertical,Classic,Black,,100,,999,,,30,,,,699,,,Base Beds > Vertical > Classic,TRUE,Visible,Lifetime on mechanism,"The Classic Wall Bed is a practical and durable space-saving solution for bedrooms, guest rooms and multifunctional spaces. Its strong steel frame and smooth gas-assisted lifting mechanism make it easy to open and close, while the fold-away design helps free up valuable floor space during the day. Suitable for regular everyday use, it can be paired with a standard mattress up to approximately 30 cm thick for comfortable, flexible sleeping.",,King Vertical Classic Bed 150x200 Black,king-vertical-classic-bed-150x200,King Vertical Classic Bed 150x200,"King Vertical Classic Bed 150x200 - The Classic Wall Bed is a practical and durable space-saving solution for bedrooms, guest rooms and mult Shop now!"
10,5029981412955,European King Vertical Classic Bed,1600,2000,,1720,2150,410,2260,204,510,300,Vertical,Classic,Black,,100,,999,,,30,,,,699,,,Base Beds > Vertical > Classic,TRUE,Visible,Lifetime on mechanism,"The Classic Wall Bed is a practical and durable space-saving solution for bedrooms, guest rooms and multifunctional spaces. Its strong steel frame and smooth gas-assisted lifting mechanism make it easy to open and close, while the fold-away design helps free up valuable floor space during the day. Suitable for regular everyday use, it can be paired with a standard mattress up to approximately 30 cm thick for comfortable, flexible sleeping.",,European King Vertical Classic Bed 160x200 Black,european-king-vertical-classic-bed-160x200,European King Vertical Classic Bed 160x200,"European King Vertical Classic Bed 160x200 - The Classic Wall Bed is a practical and durable space-saving solution for bedrooms, guest rooms Shop now!"
11,5088553776299,Super King Vertical Classic Bed,1800,2000,,1920,2150,410,2260,204,510,300,Vertical,Classic,Black,,100,,1199,,,30,,,,839,,,Base Beds > Vertical > Classic,TRUE,Visible,Lifetime on mechanism,"The Classic Wall Bed is a practical and durable space-saving solution for bedrooms, guest rooms and multifunctional spaces. Its strong steel frame and smooth gas-assisted lifting mechanism make it easy to open and close, while the fold-away design helps free up valuable floor space during the day. Suitable for regular everyday use, it can be paired with a standard mattress up to approximately 30 cm thick for comfortable, flexible sleeping.",,Super King Vertical Classic Bed 180x200 Black,super-king-vertical-classic-bed-180x200,Super King Vertical Classic Bed 180x200,"Super King Vertical Classic Bed 180x200 - The Classic Wall Bed is a practical and durable space-saving solution for bedrooms, guest rooms an Shop now!"
12,5082103963853,Small Single Horizontal Classic Bed,1900,760,,2000,900,410,1030,204,510,300,Horizontal,Classic,Black,,100,,599,,,30,,,,419,,,Base Beds > Horizontal > Classic,TRUE,Visible,Lifetime on mechanism,"The Classic Wall Bed is a practical and durable space-saving solution for bedrooms, guest rooms and multifunctional spaces. Its strong steel frame and smooth gas-assisted lifting mechanism make it easy to open and close, while the fold-away design helps free up valuable floor space during the day. Suitable for regular everyday use, it can be paired with a standard mattress up to approximately 30 cm thick for comfortable, flexible sleeping.",,Small Single Horizontal Classic Bed 190x76 Black,small-single-horizontal-classic-bed-190x76,Small Single Horizontal Classic Bed 190x76,"Small Single Horizontal Classic Bed 190x76 - The Classic Wall Bed is a practical and durable space-saving solution for bedrooms, guest rooms Shop now!"
13,5042978657746,Single Horizontal Classic Bed,1900,900,,2000,1050,410,1170,204,510,300,Horizontal,Classic,Black,,100,,749,,,30,,,,524,,,Base Beds > Horizontal > Classic,TRUE,Visible,Lifetime on mechanism,"The Classic Wall Bed is a practical and durable space-saving solution for bedrooms, guest rooms and multifunctional spaces. Its strong steel frame and smooth gas-assisted lifting mechanism make it easy to open and close, while the fold-away design helps free up valuable floor space during the day. Suitable for regular everyday use, it can be paired with a standard mattress up to approximately 30 cm thick for comfortable, flexible sleeping.",,Single Horizontal Classic Bed 190x90 Black,single-horizontal-classic-bed-190x90,Single Horizontal Classic Bed 190x90,"Single Horizontal Classic Bed 190x90 - The Classic Wall Bed is a practical and durable space-saving solution for bedrooms, guest rooms and m Shop now!"
14,5086666274410,European Single Horizontal Classic Bed,2000,900,,2100,1050,410,1170,204,510,300,Horizontal,Classic,Black,,100,,749,,,30,,,,524,,,Base Beds > Horizontal > Classic,TRUE,Visible,Lifetime on mechanism,"The Classic Wall Bed is a practical and durable space-saving solution for bedrooms, guest rooms and multifunctional spaces. Its strong steel frame and smooth gas-assisted lifting mechanism make it easy to open and close, while the fold-away design helps free up valuable floor space during the day. Suitable for regular everyday use, it can be paired with a standard mattress up to approximately 30 cm thick for comfortable, flexible sleeping.",,European Single Horizontal Classic Bed 200x90 Black,european-single-horizontal-classic-bed-200x90,European Single Horizontal Classic Bed 200x90,"European Single Horizontal Classic Bed 200x90 - The Classic Wall Bed is a practical and durable space-saving solution for bedrooms, guest ro Shop now!"
15,5072342233020,Small Double Horizontal Classic Bed,1900,1200,,2000,1340,410,1460,204,510,300,Horizontal,Classic,Black,,100,,849,,,30,,,,594,,,Base Beds > Horizontal > Classic,TRUE,Visible,Lifetime on mechanism,"The Classic Wall Bed is a practical and durable space-saving solution for bedrooms, guest rooms and multifunctional spaces. Its strong steel frame and smooth gas-assisted lifting mechanism make it easy to open and close, while the fold-away design helps free up valuable floor space during the day. Suitable for regular everyday use, it can be paired with a standard mattress up to approximately 30 cm thick for comfortable, flexible sleeping.",,Small Double Horizontal Classic Bed 190x120 Black,small-double-horizontal-classic-bed-190x120,Small Double Horizontal Classic Bed 190x120,"Small Double Horizontal Classic Bed 190x120 - The Classic Wall Bed is a practical and durable space-saving solution for bedrooms, guest room Shop now!"
16,5049313945072,European Small Double Horizontal Classic Bed,2000,1200,,2100,1350,410,1450,204,510,300,Horizontal,Classic,Black,,100,,849,,,30,,,,594,,,Base Beds > Horizontal > Classic,TRUE,Visible,Lifetime on mechanism,"The Classic Wall Bed is a practical and durable space-saving solution for bedrooms, guest rooms and multifunctional spaces. Its strong steel frame and smooth gas-assisted lifting mechanism make it easy to open and close, while the fold-away design helps free up valuable floor space during the day. Suitable for regular everyday use, it can be paired with a standard mattress up to approximately 30 cm thick for comfortable, flexible sleeping.",,European Small Double Horizontal Classic Bed 200x120 Black,european-small-double-horizontal-classic-bed-200x120,European Small Double Horizontal Classic Bed 200x120,"European Small Double Horizontal Classic Bed 200x120 - The Classic Wall Bed is a practical and durable space-saving solution for bedrooms, g Shop now!"
17,5019436114703,Double Horizontal Classic Bed,1900,1350,,2000,1500,410,1610,204,510,300,Horizontal,Classic,Black,,100,,899,,,30,,,,629,,,Base Beds > Horizontal > Classic,TRUE,Visible,Lifetime on mechanism,"The Classic Wall Bed is a practical and durable space-saving solution for bedrooms, guest rooms and multifunctional spaces. Its strong steel frame and smooth gas-assisted lifting mechanism make it easy to open and close, while the fold-away design helps free up valuable floor space during the day. Suitable for regular everyday use, it can be paired with a standard mattress up to approximately 30 cm thick for comfortable, flexible sleeping.",,Double Horizontal Classic Bed 190x135 Black,double-horizontal-classic-bed-190x135,Double Horizontal Classic Bed 190x135,"Double Horizontal Classic Bed 190x135 - The Classic Wall Bed is a practical and durable space-saving solution for bedrooms, guest rooms and  Shop now!"
18,5012413500751,European Double Horizontal Classic Bed,1900,1400,,2000,1550,410,1650,204,510,300,Horizontal,Classic,Black,,100,,899,,,30,,,,629,,,Base Beds > Horizontal > Classic,TRUE,Visible,Lifetime on mechanism,"The Classic Wall Bed is a practical and durable space-saving solution for bedrooms, guest rooms and multifunctional spaces. Its strong steel frame and smooth gas-assisted lifting mechanism make it easy to open and close, while the fold-away design helps free up valuable floor space during the day. Suitable for regular everyday use, it can be paired with a standard mattress up to approximately 30 cm thick for comfortable, flexible sleeping.",,European Double Horizontal Classic Bed 190x140 Black,european-double-horizontal-classic-bed-190x140,European Double Horizontal Classic Bed 190x140,"European Double Horizontal Classic Bed 190x140 - The Classic Wall Bed is a practical and durable space-saving solution for bedrooms, guest r Shop now!"
19,5051723053536,European Double Long Horizontal Classic Bed,2000,1400,,2100,1550,410,1650,204,510,300,Horizontal,Classic,Black,,100,,949,,,30,,,,664,,,Base Beds > Horizontal > Classic,TRUE,Visible,Lifetime on mechanism,"The Classic Wall Bed is a practical and durable space-saving solution for bedrooms, guest rooms and multifunctional spaces. Its strong steel frame and smooth gas-assisted lifting mechanism make it easy to open and close, while the fold-away design helps free up valuable floor space during the day. Suitable for regular everyday use, it can be paired with a standard mattress up to approximately 30 cm thick for comfortable, flexible sleeping.",,European Double Long Horizontal Classic Bed 200x140 Black,european-double-long-horizontal-classic-bed-200x140,European Double Long Horizontal Classic Bed 200x140,"European Double Long Horizontal Classic Bed 200x140 - The Classic Wall Bed is a practical and durable space-saving solution for bedrooms, gu Shop now!"
20,5069302273785,King Horizontal Classic Bed,2000,1500,,2100,1650,410,1780,204,510,300,Horizontal,Classic,Black,,100,,999,,,30,,,,699,,,Base Beds > Horizontal > Classic,TRUE,Visible,Lifetime on mechanism,"The Classic Wall Bed is a practical and durable space-saving solution for bedrooms, guest rooms and multifunctional spaces. Its strong steel frame and smooth gas-assisted lifting mechanism make it easy to open and close, while the fold-away design helps free up valuable floor space during the day. Suitable for regular everyday use, it can be paired with a standard mattress up to approximately 30 cm thick for comfortable, flexible sleeping.",,King Horizontal Classic Bed 200x150 Black,king-horizontal-classic-bed-200x150,King Horizontal Classic Bed 200x150,"King Horizontal Classic Bed 200x150 - The Classic Wall Bed is a practical and durable space-saving solution for bedrooms, guest rooms and mu Shop now!"
21,5017564300526,European King Horizontal Classic Bed,2000,1600,,2100,1750,410,1850,204,510,300,Horizontal,Classic,Black,,100,,999,,,30,,,,699,,,Base Beds > Horizontal > Classic,TRUE,Visible,Lifetime on mechanism,"The Classic Wall Bed is a practical and durable space-saving solution for bedrooms, guest rooms and multifunctional spaces. Its strong steel frame and smooth gas-assisted lifting mechanism make it easy to open and close, while the fold-away design helps free up valuable floor space during the day. Suitable for regular everyday use, it can be paired with a standard mattress up to approximately 30 cm thick for comfortable, flexible sleeping.",,European King Horizontal Classic Bed 200x160 Black,european-king-horizontal-classic-bed-200x160,European King Horizontal Classic Bed 200x160,"European King Horizontal Classic Bed 200x160 - The Classic Wall Bed is a practical and durable space-saving solution for bedrooms, guest roo Shop now!"
22,5038907828627,Super King Horizontal Classic Bed,2000,1800,,2100,1950,410,2080,204,510,300,Horizontal,Classic,Black,,100,,1199,,,30,,,,839,,,Base Beds > Horizontal > Classic,TRUE,Visible,Lifetime on mechanism,"The Classic Wall Bed is a practical and durable space-saving solution for bedrooms, guest rooms and multifunctional spaces. Its strong steel frame and smooth gas-assisted lifting mechanism make it easy to open and close, while the fold-away design helps free up valuable floor space during the day. Suitable for regular everyday use, it can be paired with a standard mattress up to approximately 30 cm thick for comfortable, flexible sleeping.",,Super King Horizontal Classic Bed 200x180 Black,super-king-horizontal-classic-bed-200x180,Super King Horizontal Classic Bed 200x180,"Super King Horizontal Classic Bed 200x180 - The Classic Wall Bed is a practical and durable space-saving solution for bedrooms, guest rooms  Shop now!"
23,5021616292614,Small Single Vertical Studio Bed,760,1900,,880,2060,410,2210,204,510,300,Vertical,Studio,Black,,100,,999,,,30,,,,699,,,Base Beds > Vertical > Studio,TRUE,Visible,Lifetime on mechanism,"The Studio Wall Bed combines modern minimalist design with practical space-saving functionality. Its clean open-frame construction folds neatly against the wall without the need for a traditional cabinet, making it ideal for apartments, studios, guest rooms and home offices. A gas-assisted lifting mechanism ensures smooth operation, while compatibility with standard mattresses up to approximately 30 cm thick allows you to choose the comfort level that suits you best.",,Small Single Vertical Studio Bed 76x190 Black,small-single-vertical-studio-bed-76x190,Small Single Vertical Studio Bed 76x190,Small Single Vertical Studio Bed 76x190 - The Studio Wall Bed combines modern minimalist design with practical space-saving functionality. I Shop now!
24,5036012381319,Single Vertical Studio Bed,900,1900,,1020,2060,410,2210,204,510,300,Vertical,Studio,Black,,100,,1099,,,30,,,,769,,,Base Beds > Vertical > Studio,TRUE,Visible,Lifetime on mechanism,"The Studio Wall Bed combines modern minimalist design with practical space-saving functionality. Its clean open-frame construction folds neatly against the wall without the need for a traditional cabinet, making it ideal for apartments, studios, guest rooms and home offices. A gas-assisted lifting mechanism ensures smooth operation, while compatibility with standard mattresses up to approximately 30 cm thick allows you to choose the comfort level that suits you best.",,Single Vertical Studio Bed 90x190 Black,single-vertical-studio-bed-90x190,Single Vertical Studio Bed 90x190,Single Vertical Studio Bed 90x190 - The Studio Wall Bed combines modern minimalist design with practical space-saving functionality. Its cle Shop now!
25,5078559226599,European Single Vertical Studio Bed,900,2000,,1020,2160,410,2310,204,510,300,Vertical,Studio,Black,,100,,1149,,,30,,,,804,,,Base Beds > Vertical > Studio,TRUE,Visible,Lifetime on mechanism,"The Studio Wall Bed combines modern minimalist design with practical space-saving functionality. Its clean open-frame construction folds neatly against the wall without the need for a traditional cabinet, making it ideal for apartments, studios, guest rooms and home offices. A gas-assisted lifting mechanism ensures smooth operation, while compatibility with standard mattresses up to approximately 30 cm thick allows you to choose the comfort level that suits you best.",,European Single Vertical Studio Bed 90x200 Black,european-single-vertical-studio-bed-90x200,European Single Vertical Studio Bed 90x200,European Single Vertical Studio Bed 90x200 - The Studio Wall Bed combines modern minimalist design with practical space-saving functionality Shop now!
26,5055345224809,Small Double Vertical Studio Bed,1200,1900,,1320,2050,410,2180,204,510,300,Vertical,Studio,Black,,100,,1199,,,30,,,,839,,,Base Beds > Vertical > Studio,TRUE,Visible,Lifetime on mechanism,"The Studio Wall Bed combines modern minimalist design with practical space-saving functionality. Its clean open-frame construction folds neatly against the wall without the need for a traditional cabinet, making it ideal for apartments, studios, guest rooms and home offices. A gas-assisted lifting mechanism ensures smooth operation, while compatibility with standard mattresses up to approximately 30 cm thick allows you to choose the comfort level that suits you best.",,Small Double Vertical Studio Bed 120x190 Black,small-double-vertical-studio-bed-120x190,Small Double Vertical Studio Bed 120x190,Small Double Vertical Studio Bed 120x190 - The Studio Wall Bed combines modern minimalist design with practical space-saving functionality.  Shop now!
27,5052770130143,European Small Double Vertical Studio Bed,1200,2000,,1320,2150,410,2280,204,510,300,Vertical,Studio,Black,,100,,1249,,,30,,,,874,,,Base Beds > Vertical > Studio,TRUE,Visible,Lifetime on mechanism,"The Studio Wall Bed combines modern minimalist design with practical space-saving functionality. Its clean open-frame construction folds neatly against the wall without the need for a traditional cabinet, making it ideal for apartments, studios, guest rooms and home offices. A gas-assisted lifting mechanism ensures smooth operation, while compatibility with standard mattresses up to approximately 30 cm thick allows you to choose the comfort level that suits you best.",,European Small Double Vertical Studio Bed 120x200 Black,european-small-double-vertical-studio-bed-120x200,European Small Double Vertical Studio Bed 120x200,European Small Double Vertical Studio Bed 120x200 - The Studio Wall Bed combines modern minimalist design with practical space-saving functi Shop now!
28,5007171928621,Double Vertical Studio Bed,1350,1900,,1470,2060,410,2210,204,510,300,Vertical,Studio,Black,,100,,1299,,,30,,,,909,,,Base Beds > Vertical > Studio,TRUE,Visible,Lifetime on mechanism,"The Studio Wall Bed combines modern minimalist design with practical space-saving functionality. Its clean open-frame construction folds neatly against the wall without the need for a traditional cabinet, making it ideal for apartments, studios, guest rooms and home offices. A gas-assisted lifting mechanism ensures smooth operation, while compatibility with standard mattresses up to approximately 30 cm thick allows you to choose the comfort level that suits you best.",,Double Vertical Studio Bed 135x190 Black,double-vertical-studio-bed-135x190,Double Vertical Studio Bed 135x190,Double Vertical Studio Bed 135x190 - The Studio Wall Bed combines modern minimalist design with practical space-saving functionality. Its cl Shop now!
29,5021356931643,European Double Vertical Studio Bed,1400,1900,,1520,2060,410,2210,204,510,300,Vertical,Studio,Black,,100,,1299,,,30,,,,909,,,Base Beds > Vertical > Studio,TRUE,Visible,Lifetime on mechanism,"The Studio Wall Bed combines modern minimalist design with practical space-saving functionality. Its clean open-frame construction folds neatly against the wall without the need for a traditional cabinet, making it ideal for apartments, studios, guest rooms and home offices. A gas-assisted lifting mechanism ensures smooth operation, while compatibility with standard mattresses up to approximately 30 cm thick allows you to choose the comfort level that suits you best.",,European Double Vertical Studio Bed 140x190 Black,european-double-vertical-studio-bed-140x190,European Double Vertical Studio Bed 140x190,European Double Vertical Studio Bed 140x190 - The Studio Wall Bed combines modern minimalist design with practical space-saving functionalit Shop now!
30,5069304827908,European Double Long Vertical Studio Bed,1400,2000,,1520,2160,410,2310,204,510,300,Vertical,Studio,Black,,100,,1399,,,30,,,,979,,,Base Beds > Vertical > Studio,TRUE,Visible,Lifetime on mechanism,"The Studio Wall Bed combines modern minimalist design with practical space-saving functionality. Its clean open-frame construction folds neatly against the wall without the need for a traditional cabinet, making it ideal for apartments, studios, guest rooms and home offices. A gas-assisted lifting mechanism ensures smooth operation, while compatibility with standard mattresses up to approximately 30 cm thick allows you to choose the comfort level that suits you best.",,European Double Long Vertical Studio Bed 140x200 Black,european-double-long-vertical-studio-bed-140x200,European Double Long Vertical Studio Bed 140x200,European Double Long Vertical Studio Bed 140x200 - The Studio Wall Bed combines modern minimalist design with practical space-saving functio Shop now!
31,5034225285536,King Vertical Studio Bed,1500,2000,,1620,2160,410,2310,204,510,300,Vertical,Studio,Black,,100,,1399,,,30,,,,979,,,Base Beds > Vertical > Studio,TRUE,Visible,Lifetime on mechanism,"The Studio Wall Bed combines modern minimalist design with practical space-saving functionality. Its clean open-frame construction folds neatly against the wall without the need for a traditional cabinet, making it ideal for apartments, studios, guest rooms and home offices. A gas-assisted lifting mechanism ensures smooth operation, while compatibility with standard mattresses up to approximately 30 cm thick allows you to choose the comfort level that suits you best.",,King Vertical Studio Bed 150x200 Black,king-vertical-studio-bed-150x200,King Vertical Studio Bed 150x200,King Vertical Studio Bed 150x200 - The Studio Wall Bed combines modern minimalist design with practical space-saving functionality. Its clea Shop now!
32,5040738516581,European King Vertical Studio Bed,1600,2000,,1720,2160,410,2310,204,510,300,Vertical,Studio,Black,,100,,1499,,,30,,,,1049,,,Base Beds > Vertical > Studio,TRUE,Visible,Lifetime on mechanism,"The Studio Wall Bed combines modern minimalist design with practical space-saving functionality. Its clean open-frame construction folds neatly against the wall without the need for a traditional cabinet, making it ideal for apartments, studios, guest rooms and home offices. A gas-assisted lifting mechanism ensures smooth operation, while compatibility with standard mattresses up to approximately 30 cm thick allows you to choose the comfort level that suits you best.",,European King Vertical Studio Bed 160x200 Black,european-king-vertical-studio-bed-160x200,European King Vertical Studio Bed 160x200,European King Vertical Studio Bed 160x200 - The Studio Wall Bed combines modern minimalist design with practical space-saving functionality. Shop now!
33,5089216685848,Super King Vertical Studio Bed,1800,2000,,1920,2160,410,2310,204,510,300,Vertical,Studio,Black,,100,,1599,,,30,,,,1119,,,Base Beds > Vertical > Studio,TRUE,Visible,Lifetime on mechanism,"The Studio Wall Bed combines modern minimalist design with practical space-saving functionality. Its clean open-frame construction folds neatly against the wall without the need for a traditional cabinet, making it ideal for apartments, studios, guest rooms and home offices. A gas-assisted lifting mechanism ensures smooth operation, while compatibility with standard mattresses up to approximately 30 cm thick allows you to choose the comfort level that suits you best.",,Super King Vertical Studio Bed 180x200 Black,super-king-vertical-studio-bed-180x200,Super King Vertical Studio Bed 180x200,Super King Vertical Studio Bed 180x200 - The Studio Wall Bed combines modern minimalist design with practical space-saving functionality. It Shop now!
34,5019733552140,Small Single Horizontal Studio Bed,1900,760,,2010,910,410,970,204,510,300,Horizontal,Studio,Black,,100,,999,,,30,,,,699,,,Base Beds > Horizontal > Studio,TRUE,Visible,Lifetime on mechanism,"The Studio Wall Bed combines modern minimalist design with practical space-saving functionality. Its clean open-frame construction folds neatly against the wall without the need for a traditional cabinet, making it ideal for apartments, studios, guest rooms and home offices. A gas-assisted lifting mechanism ensures smooth operation, while compatibility with standard mattresses up to approximately 30 cm thick allows you to choose the comfort level that suits you best.",,Small Single Horizontal Studio Bed 190x76 Black,small-single-horizontal-studio-bed-190x76,Small Single Horizontal Studio Bed 190x76,Small Single Horizontal Studio Bed 190x76 - The Studio Wall Bed combines modern minimalist design with practical space-saving functionality. Shop now!
35,5096057576928,Single Horizontal Studio Bed,1900,900,,2010,1050,410,1210,204,510,300,Horizontal,Studio,Black,,100,,1099,,,30,,,,769,,,Base Beds > Horizontal > Studio,TRUE,Visible,Lifetime on mechanism,"The Studio Wall Bed combines modern minimalist design with practical space-saving functionality. Its clean open-frame construction folds neatly against the wall without the need for a traditional cabinet, making it ideal for apartments, studios, guest rooms and home offices. A gas-assisted lifting mechanism ensures smooth operation, while compatibility with standard mattresses up to approximately 30 cm thick allows you to choose the comfort level that suits you best.",,Single Horizontal Studio Bed 190x90 Black,single-horizontal-studio-bed-190x90,Single Horizontal Studio Bed 190x90,Single Horizontal Studio Bed 190x90 - The Studio Wall Bed combines modern minimalist design with practical space-saving functionality. Its c Shop now!
36,5072509899264,European Single Horizontal Studio Bed,2000,900,,2120,1050,410,1210,204,510,300,Horizontal,Studio,Black,,100,,1149,,,30,,,,804,,,Base Beds > Horizontal > Studio,TRUE,Visible,Lifetime on mechanism,"The Studio Wall Bed combines modern minimalist design with practical space-saving functionality. Its clean open-frame construction folds neatly against the wall without the need for a traditional cabinet, making it ideal for apartments, studios, guest rooms and home offices. A gas-assisted lifting mechanism ensures smooth operation, while compatibility with standard mattresses up to approximately 30 cm thick allows you to choose the comfort level that suits you best.",,European Single Horizontal Studio Bed 200x90 Black,european-single-horizontal-studio-bed-200x90,European Single Horizontal Studio Bed 200x90,European Single Horizontal Studio Bed 200x90 - The Studio Wall Bed combines modern minimalist design with practical space-saving functionali Shop now!
37,5099679525333,Small Double Horizontal Studio Bed,1900,1200,,2010,1350,410,1510,204,510,300,Horizontal,Studio,Black,,100,,1199,,,30,,,,839,,,Base Beds > Horizontal > Studio,TRUE,Visible,Lifetime on mechanism,"The Studio Wall Bed combines modern minimalist design with practical space-saving functionality. Its clean open-frame construction folds neatly against the wall without the need for a traditional cabinet, making it ideal for apartments, studios, guest rooms and home offices. A gas-assisted lifting mechanism ensures smooth operation, while compatibility with standard mattresses up to approximately 30 cm thick allows you to choose the comfort level that suits you best.",,Small Double Horizontal Studio Bed 190x120 Black,small-double-horizontal-studio-bed-190x120,Small Double Horizontal Studio Bed 190x120,Small Double Horizontal Studio Bed 190x120 - The Studio Wall Bed combines modern minimalist design with practical space-saving functionality Shop now!
38,5085210498450,European Small Double Horizontal Studio Bed,2000,1200,,2110,1350,410,1510,204,510,300,Horizontal,Studio,Black,,100,,1249,,,30,,,,874,,,Base Beds > Horizontal > Studio,TRUE,Visible,Lifetime on mechanism,"The Studio Wall Bed combines modern minimalist design with practical space-saving functionality. Its clean open-frame construction folds neatly against the wall without the need for a traditional cabinet, making it ideal for apartments, studios, guest rooms and home offices. A gas-assisted lifting mechanism ensures smooth operation, while compatibility with standard mattresses up to approximately 30 cm thick allows you to choose the comfort level that suits you best.",,European Small Double Horizontal Studio Bed 200x120 Black,european-small-double-horizontal-studio-bed-200x120,European Small Double Horizontal Studio Bed 200x120,European Small Double Horizontal Studio Bed 200x120 - The Studio Wall Bed combines modern minimalist design with practical space-saving func Shop now!
39,5052758044232,Double Horizontal Studio Bed,1900,1350,,2010,1510,410,1670,204,510,300,Horizontal,Studio,Black,,100,,1299,,,30,,,,909,,,Base Beds > Horizontal > Studio,TRUE,Visible,Lifetime on mechanism,"The Studio Wall Bed combines modern minimalist design with practical space-saving functionality. Its clean open-frame construction folds neatly against the wall without the need for a traditional cabinet, making it ideal for apartments, studios, guest rooms and home offices. A gas-assisted lifting mechanism ensures smooth operation, while compatibility with standard mattresses up to approximately 30 cm thick allows you to choose the comfort level that suits you best.",,Double Horizontal Studio Bed 190x135 Black,double-horizontal-studio-bed-190x135,Double Horizontal Studio Bed 190x135,Double Horizontal Studio Bed 190x135 - The Studio Wall Bed combines modern minimalist design with practical space-saving functionality. Its  Shop now!
40,5092958384728,European Double Horizontal Studio Bed,1900,1400,,2010,1560,410,1720,204,510,300,Horizontal,Studio,Black,,100,,1299,,,30,,,,909,,,Base Beds > Horizontal > Studio,TRUE,Visible,Lifetime on mechanism,"The Studio Wall Bed combines modern minimalist design with practical space-saving functionality. Its clean open-frame construction folds neatly against the wall without the need for a traditional cabinet, making it ideal for apartments, studios, guest rooms and home offices. A gas-assisted lifting mechanism ensures smooth operation, while compatibility with standard mattresses up to approximately 30 cm thick allows you to choose the comfort level that suits you best.",,European Double Horizontal Studio Bed 190x140 Black,european-double-horizontal-studio-bed-190x140,European Double Horizontal Studio Bed 190x140,European Double Horizontal Studio Bed 190x140 - The Studio Wall Bed combines modern minimalist design with practical space-saving functional Shop now!
41,5026982347082,European Double Long Horizontal Studio Bed,2000,1400,,2120,1560,410,1720,204,510,300,Horizontal,Studio,Black,,100,,1399,,,30,,,,979,,,Base Beds > Horizontal > Studio,TRUE,Visible,Lifetime on mechanism,"The Studio Wall Bed combines modern minimalist design with practical space-saving functionality. Its clean open-frame construction folds neatly against the wall without the need for a traditional cabinet, making it ideal for apartments, studios, guest rooms and home offices. A gas-assisted lifting mechanism ensures smooth operation, while compatibility with standard mattresses up to approximately 30 cm thick allows you to choose the comfort level that suits you best.",,European Double Long Horizontal Studio Bed 200x140 Black,european-double-long-horizontal-studio-bed-200x140,European Double Long Horizontal Studio Bed 200x140,European Double Long Horizontal Studio Bed 200x140 - The Studio Wall Bed combines modern minimalist design with practical space-saving funct Shop now!
42,5086224659117,King Horizontal Studio Bed,2000,1500,,2120,1650,410,1810,204,510,300,Horizontal,Studio,Black,,100,,1399,,,30,,,,979,,,Base Beds > Horizontal > Studio,TRUE,Visible,Lifetime on mechanism,"The Studio Wall Bed combines modern minimalist design with practical space-saving functionality. Its clean open-frame construction folds neatly against the wall without the need for a traditional cabinet, making it ideal for apartments, studios, guest rooms and home offices. A gas-assisted lifting mechanism ensures smooth operation, while compatibility with standard mattresses up to approximately 30 cm thick allows you to choose the comfort level that suits you best.",,King Horizontal Studio Bed 200x150 Black,king-horizontal-studio-bed-200x150,King Horizontal Studio Bed 200x150,King Horizontal Studio Bed 200x150 - The Studio Wall Bed combines modern minimalist design with practical space-saving functionality. Its cl Shop now!
43,5092082864246,European King Horizontal Studio Bed,2000,1600,,2120,1750,410,1910,204,510,300,Horizontal,Studio,Black,,100,,1499,,,30,,,,1049,,,Base Beds > Horizontal > Studio,TRUE,Visible,Lifetime on mechanism,"The Studio Wall Bed combines modern minimalist design with practical space-saving functionality. Its clean open-frame construction folds neatly against the wall without the need for a traditional cabinet, making it ideal for apartments, studios, guest rooms and home offices. A gas-assisted lifting mechanism ensures smooth operation, while compatibility with standard mattresses up to approximately 30 cm thick allows you to choose the comfort level that suits you best.",,European King Horizontal Studio Bed 200x160 Black,european-king-horizontal-studio-bed-200x160,European King Horizontal Studio Bed 200x160,European King Horizontal Studio Bed 200x160 - The Studio Wall Bed combines modern minimalist design with practical space-saving functionalit Shop now!
44,5000978000807,Super King Horizontal Studio Bed,2000,1800,,2120,1950,410,2010,204,510,300,Horizontal,Studio,Black,,100,,1599,,,30,,,,1119,,,Base Beds > Horizontal > Studio,TRUE,Visible,Lifetime on mechanism,"The Studio Wall Bed combines modern minimalist design with practical space-saving functionality. Its clean open-frame construction folds neatly against the wall without the need for a traditional cabinet, making it ideal for apartments, studios, guest rooms and home offices. A gas-assisted lifting mechanism ensures smooth operation, while compatibility with standard mattresses up to approximately 30 cm thick allows you to choose the comfort level that suits you best.",,Super King Horizontal Studio Bed 200x180 Black,super-king-horizontal-studio-bed-200x180,Super King Horizontal Studio Bed 200x180,Super King Horizontal Studio Bed 200x180 - The Studio Wall Bed combines modern minimalist design with practical space-saving functionality.  Shop now!
45,5057042874105,Small Single Vertical Classic MORPHY™ Bed,760,1900,,860,1935,400,2050,204,510,300,Vertical,Classic,Black,,100,,749,,,,,,,,,,MORPHY™ Beds > Vertical > Classic,TRUE,Visible,Lifetime,"The Morphy Wall Bed is a flexible modular sleeping system designed to adapt to changing spaces and needs. Its versatile frame can be configured in different sizes and orientations, while the space-saving fold-away design and gas-assisted mechanism make it practical for everyday use. The modular construction also allows the system to be reconfigured or expanded over time, making it an ideal long-term solution for modern multifunctional homes.",,Small Single Vertical Classic MORPHY™ Bed 76x190 Black,small-single-vertical-classic-morphy-bed-76x190,Small Single Vertical Classic MORPHY™ Bed 76x190,Small Single Vertical Classic MORPHY™ Bed 76x190 - The Morphy Wall Bed is a flexible modular sleeping system designed to adapt to changing s Shop now!
46,5088890872232,Small Single XL Vertical Classic MORPHY™ Bed,800,1900,,900,1935,400,2050,204,510,300,Vertical,Classic,Black,,100,,749,,,,,,,,,,MORPHY™ Beds > Vertical > Classic,TRUE,Visible,Lifetime,"The Morphy Wall Bed is a flexible modular sleeping system designed to adapt to changing spaces and needs. Its versatile frame can be configured in different sizes and orientations, while the space-saving fold-away design and gas-assisted mechanism make it practical for everyday use. The modular construction also allows the system to be reconfigured or expanded over time, making it an ideal long-term solution for modern multifunctional homes.",,Small Single XL Vertical Classic MORPHY™ Bed 80x190 Black,small-single-xl-vertical-classic-morphy-bed-80x190,Small Single XL Vertical Classic MORPHY™ Bed 80x190,Small Single XL Vertical Classic MORPHY™ Bed 80x190 - The Morphy Wall Bed is a flexible modular sleeping system designed to adapt to changin Shop now!
47,5096802828596,Small Single XL Long Vertical Classic MORPHY™ Bed,800,2000,,900,2035,400,2150,204,510,300,Vertical,Classic,Black,,100,,749,,,,,,,,,,MORPHY™ Beds > Vertical > Classic,TRUE,Visible,Lifetime,"The Morphy Wall Bed is a flexible modular sleeping system designed to adapt to changing spaces and needs. Its versatile frame can be configured in different sizes and orientations, while the space-saving fold-away design and gas-assisted mechanism make it practical for everyday use. The modular construction also allows the system to be reconfigured or expanded over time, making it an ideal long-term solution for modern multifunctional homes.",,Small Single XL Long Vertical Classic MORPHY™ Bed 80x200 Black,small-single-xl-long-vertical-classic-morphy-bed-80x200,Small Single XL Long Vertical Classic MORPHY™ Bed 80x200,Small Single XL Long Vertical Classic MORPHY™ Bed 80x200 - The Morphy Wall Bed is a flexible modular sleeping system designed to adapt to ch Shop now!
48,5034986985897,Single Vertical Classic MORPHY™ Bed,900,1900,,1000,1935,400,2050,204,510,300,Vertical,Classic,Black,,100,,749,,,,,,,,,,MORPHY™ Beds > Vertical > Classic,TRUE,Visible,Lifetime,"The Morphy Wall Bed is a flexible modular sleeping system designed to adapt to changing spaces and needs. Its versatile frame can be configured in different sizes and orientations, while the space-saving fold-away design and gas-assisted mechanism make it practical for everyday use. The modular construction also allows the system to be reconfigured or expanded over time, making it an ideal long-term solution for modern multifunctional homes.",,Single Vertical Classic MORPHY™ Bed 90x190 Black,single-vertical-classic-morphy-bed-90x190,Single Vertical Classic MORPHY™ Bed 90x190,Single Vertical Classic MORPHY™ Bed 90x190 - The Morphy Wall Bed is a flexible modular sleeping system designed to adapt to changing spaces  Shop now!
49,5094291044973,European Single Vertical Classic MORPHY™ Bed,900,2000,,1000,2035,400,2150,204,510,300,Vertical,Classic,Black,,100,,749,,,,,,,,,,MORPHY™ Beds > Vertical > Classic,TRUE,Visible,Lifetime,"The Morphy Wall Bed is a flexible modular sleeping system designed to adapt to changing spaces and needs. Its versatile frame can be configured in different sizes and orientations, while the space-saving fold-away design and gas-assisted mechanism make it practical for everyday use. The modular construction also allows the system to be reconfigured or expanded over time, making it an ideal long-term solution for modern multifunctional homes.",,European Single Vertical Classic MORPHY™ Bed 90x200 Black,european-single-vertical-classic-morphy-bed-90x200,European Single Vertical Classic MORPHY™ Bed 90x200,European Single Vertical Classic MORPHY™ Bed 90x200 - The Morphy Wall Bed is a flexible modular sleeping system designed to adapt to changin Shop now!
50,5079345325927,European Single XL Vertical Classic MORPHY™ Bed,960,1900,,1060,1935,400,2050,204,510,300,Vertical,Classic,Black,,100,,799,,,,,,,,,,MORPHY™ Beds > Vertical > Classic,TRUE,Visible,Lifetime,"The Morphy Wall Bed is a flexible modular sleeping system designed to adapt to changing spaces and needs. Its versatile frame can be configured in different sizes and orientations, while the space-saving fold-away design and gas-assisted mechanism make it practical for everyday use. The modular construction also allows the system to be reconfigured or expanded over time, making it an ideal long-term solution for modern multifunctional homes.",,European Single XL Vertical Classic MORPHY™ Bed 96x190 Black,european-single-xl-vertical-classic-morphy-bed-96x190,European Single XL Vertical Classic MORPHY™ Bed 96x190,European Single XL Vertical Classic MORPHY™ Bed 96x190 - The Morphy Wall Bed is a flexible modular sleeping system designed to adapt to chan Shop now!
51,5027504847137,European Single XL Long Vertical Classic MORPHY™ Bed,960,2000,,1060,2035,400,2150,204,510,300,Vertical,Classic,Black,,100,,799,,,,,,,,,,MORPHY™ Beds > Vertical > Classic,TRUE,Visible,Lifetime,"The Morphy Wall Bed is a flexible modular sleeping system designed to adapt to changing spaces and needs. Its versatile frame can be configured in different sizes and orientations, while the space-saving fold-away design and gas-assisted mechanism make it practical for everyday use. The modular construction also allows the system to be reconfigured or expanded over time, making it an ideal long-term solution for modern multifunctional homes.",,European Single XL Long Vertical Classic MORPHY™ Bed 96x200 Black,european-single-xl-long-vertical-classic-morphy-bed-96x200,European Single XL Long Vertical Classic MORPHY™ Bed 96x200,European Single XL Long Vertical Classic MORPHY™ Bed 96x200 - The Morphy Wall Bed is a flexible modular sleeping system designed to adapt to Shop now!
52,5007706935046,Single XL Vertical Classic MORPHY™ Bed,1000,1900,,1100,1935,400,2050,204,510,300,Vertical,Classic,Black,,100,,799,,,,,,,,,,MORPHY™ Beds > Vertical > Classic,TRUE,Visible,Lifetime,"The Morphy Wall Bed is a flexible modular sleeping system designed to adapt to changing spaces and needs. Its versatile frame can be configured in different sizes and orientations, while the space-saving fold-away design and gas-assisted mechanism make it practical for everyday use. The modular construction also allows the system to be reconfigured or expanded over time, making it an ideal long-term solution for modern multifunctional homes.",,Single XL Vertical Classic MORPHY™ Bed 100x190 Black,single-xl-vertical-classic-morphy-bed-100x190,Single XL Vertical Classic MORPHY™ Bed 100x190,Single XL Vertical Classic MORPHY™ Bed 100x190 - The Morphy Wall Bed is a flexible modular sleeping system designed to adapt to changing spa Shop now!
53,5066907490241,Single XL Long Vertical Classic MORPHY™ Bed,1000,2000,,1100,2035,400,2150,204,510,300,Vertical,Classic,Black,,100,,799,,,,,,,,,,MORPHY™ Beds > Vertical > Classic,TRUE,Visible,Lifetime,"The Morphy Wall Bed is a flexible modular sleeping system designed to adapt to changing spaces and needs. Its versatile frame can be configured in different sizes and orientations, while the space-saving fold-away design and gas-assisted mechanism make it practical for everyday use. The modular construction also allows the system to be reconfigured or expanded over time, making it an ideal long-term solution for modern multifunctional homes.",,Single XL Long Vertical Classic MORPHY™ Bed 100x200 Black,single-xl-long-vertical-classic-morphy-bed-100x200,Single XL Long Vertical Classic MORPHY™ Bed 100x200,Single XL Long Vertical Classic MORPHY™ Bed 100x200 - The Morphy Wall Bed is a flexible modular sleeping system designed to adapt to changin Shop now!
54,5093003394175,Small Double Vertical Classic MORPHY™ Bed,1200,1900,,1300,1935,400,2050,204,510,300,Vertical,Classic,Black,,100,,849,,,,,,,,,,MORPHY™ Beds > Vertical > Classic,TRUE,Visible,Lifetime,"The Morphy Wall Bed is a flexible modular sleeping system designed to adapt to changing spaces and needs. Its versatile frame can be configured in different sizes and orientations, while the space-saving fold-away design and gas-assisted mechanism make it practical for everyday use. The modular construction also allows the system to be reconfigured or expanded over time, making it an ideal long-term solution for modern multifunctional homes.",,Small Double Vertical Classic MORPHY™ Bed 120x190 Black,small-double-vertical-classic-morphy-bed-120x190,Small Double Vertical Classic MORPHY™ Bed 120x190,Small Double Vertical Classic MORPHY™ Bed 120x190 - The Morphy Wall Bed is a flexible modular sleeping system designed to adapt to changing  Shop now!
55,5013445622576,European Small Double Vertical Classic MORPHY™ Bed,1200,2000,,1300,2035,400,2150,204,510,300,Vertical,Classic,Black,,100,,849,,,,,,,,,,MORPHY™ Beds > Vertical > Classic,TRUE,Visible,Lifetime,"The Morphy Wall Bed is a flexible modular sleeping system designed to adapt to changing spaces and needs. Its versatile frame can be configured in different sizes and orientations, while the space-saving fold-away design and gas-assisted mechanism make it practical for everyday use. The modular construction also allows the system to be reconfigured or expanded over time, making it an ideal long-term solution for modern multifunctional homes.",,European Small Double Vertical Classic MORPHY™ Bed 120x200 Black,european-small-double-vertical-classic-morphy-bed-120x200,European Small Double Vertical Classic MORPHY™ Bed 120x200,European Small Double Vertical Classic MORPHY™ Bed 120x200 - The Morphy Wall Bed is a flexible modular sleeping system designed to adapt to  Shop now!
56,5099944007892,Double Vertical Classic MORPHY™ Bed,1350,1900,,1450,1935,400,2050,204,510,300,Vertical,Classic,Black,,100,,899,,,,,,,,,,MORPHY™ Beds > Vertical > Classic,TRUE,Visible,Lifetime,"The Morphy Wall Bed is a flexible modular sleeping system designed to adapt to changing spaces and needs. Its versatile frame can be configured in different sizes and orientations, while the space-saving fold-away design and gas-assisted mechanism make it practical for everyday use. The modular construction also allows the system to be reconfigured or expanded over time, making it an ideal long-term solution for modern multifunctional homes.",,Double Vertical Classic MORPHY™ Bed 135x190 Black,double-vertical-classic-morphy-bed-135x190,Double Vertical Classic MORPHY™ Bed 135x190,Double Vertical Classic MORPHY™ Bed 135x190 - The Morphy Wall Bed is a flexible modular sleeping system designed to adapt to changing spaces Shop now!
57,5072439879472,European Double Vertical Classic MORPHY™ Bed,1400,1900,,1500,1935,400,2050,204,510,300,Vertical,Classic,Black,,100,,899,,,,,,,,,,MORPHY™ Beds > Vertical > Classic,TRUE,Visible,Lifetime,"The Morphy Wall Bed is a flexible modular sleeping system designed to adapt to changing spaces and needs. Its versatile frame can be configured in different sizes and orientations, while the space-saving fold-away design and gas-assisted mechanism make it practical for everyday use. The modular construction also allows the system to be reconfigured or expanded over time, making it an ideal long-term solution for modern multifunctional homes.",,European Double Vertical Classic MORPHY™ Bed 140x190 Black,european-double-vertical-classic-morphy-bed-140x190,European Double Vertical Classic MORPHY™ Bed 140x190,European Double Vertical Classic MORPHY™ Bed 140x190 - The Morphy Wall Bed is a flexible modular sleeping system designed to adapt to changi Shop now!
58,5050928917246,European Double Long Vertical Classic MORPHY™ Bed,1400,2000,,1500,2035,400,2150,204,510,300,Vertical,Classic,Black,,100,,949,,,,,,,,,,MORPHY™ Beds > Vertical > Classic,TRUE,Visible,Lifetime,"The Morphy Wall Bed is a flexible modular sleeping system designed to adapt to changing spaces and needs. Its versatile frame can be configured in different sizes and orientations, while the space-saving fold-away design and gas-assisted mechanism make it practical for everyday use. The modular construction also allows the system to be reconfigured or expanded over time, making it an ideal long-term solution for modern multifunctional homes.",,European Double Long Vertical Classic MORPHY™ Bed 140x200 Black,european-double-long-vertical-classic-morphy-bed-140x200,European Double Long Vertical Classic MORPHY™ Bed 140x200,European Double Long Vertical Classic MORPHY™ Bed 140x200 - The Morphy Wall Bed is a flexible modular sleeping system designed to adapt to c Shop now!
59,5095430262885,King Vertical Classic MORPHY™ Bed,1500,2000,,1600,2035,400,2150,204,510,300,Vertical,Classic,Black,,100,,999,,,,,,,,,,MORPHY™ Beds > Vertical > Classic,TRUE,Visible,Lifetime,"The Morphy Wall Bed is a flexible modular sleeping system designed to adapt to changing spaces and needs. Its versatile frame can be configured in different sizes and orientations, while the space-saving fold-away design and gas-assisted mechanism make it practical for everyday use. The modular construction also allows the system to be reconfigured or expanded over time, making it an ideal long-term solution for modern multifunctional homes.",,King Vertical Classic MORPHY™ Bed 150x200 Black,king-vertical-classic-morphy-bed-150x200,King Vertical Classic MORPHY™ Bed 150x200,King Vertical Classic MORPHY™ Bed 150x200 - The Morphy Wall Bed is a flexible modular sleeping system designed to adapt to changing spaces a Shop now!
60,5000826346657,European King Vertical Classic MORPHY™ Bed,1600,2000,,1700,2035,400,2150,204,510,300,Vertical,Classic,Black,,100,,999,,,,,,,,,,MORPHY™ Beds > Vertical > Classic,TRUE,Visible,Lifetime,"The Morphy Wall Bed is a flexible modular sleeping system designed to adapt to changing spaces and needs. Its versatile frame can be configured in different sizes and orientations, while the space-saving fold-away design and gas-assisted mechanism make it practical for everyday use. The modular construction also allows the system to be reconfigured or expanded over time, making it an ideal long-term solution for modern multifunctional homes.",,European King Vertical Classic MORPHY™ Bed 160x200 Black,european-king-vertical-classic-morphy-bed-160x200,European King Vertical Classic MORPHY™ Bed 160x200,European King Vertical Classic MORPHY™ Bed 160x200 - The Morphy Wall Bed is a flexible modular sleeping system designed to adapt to changing Shop now!
61,5029303189344,Super King Vertical Classic MORPHY™ Bed,1800,2000,,1800,2035,400,2150,204,510,300,Vertical,Classic,Black,,100,,1199,,,,,,,,,,MORPHY™ Beds > Vertical > Classic,TRUE,Visible,Lifetime,"The Morphy Wall Bed is a flexible modular sleeping system designed to adapt to changing spaces and needs. Its versatile frame can be configured in different sizes and orientations, while the space-saving fold-away design and gas-assisted mechanism make it practical for everyday use. The modular construction also allows the system to be reconfigured or expanded over time, making it an ideal long-term solution for modern multifunctional homes.",,Super King Vertical Classic MORPHY™ Bed 180x200 Black,super-king-vertical-classic-morphy-bed-180x200,Super King Vertical Classic MORPHY™ Bed 180x200,Super King Vertical Classic MORPHY™ Bed 180x200 - The Morphy Wall Bed is a flexible modular sleeping system designed to adapt to changing sp Shop now!
62,5076755472394,Super King XL Vertical Classic MORPHY™ Bed,1920,2000,,2020,2035,400,2150,204,510,300,Vertical,Classic,Black,,100,,1249,,,,,,,,,,MORPHY™ Beds > Vertical > Classic,TRUE,Visible,Lifetime,"The Morphy Wall Bed is a flexible modular sleeping system designed to adapt to changing spaces and needs. Its versatile frame can be configured in different sizes and orientations, while the space-saving fold-away design and gas-assisted mechanism make it practical for everyday use. The modular construction also allows the system to be reconfigured or expanded over time, making it an ideal long-term solution for modern multifunctional homes.",,Super King XL Vertical Classic MORPHY™ Bed 192x200 Black,super-king-xl-vertical-classic-morphy-bed-192x200,Super King XL Vertical Classic MORPHY™ Bed 192x200,Super King XL Vertical Classic MORPHY™ Bed 192x200 - The Morphy Wall Bed is a flexible modular sleeping system designed to adapt to changing Shop now!
63,5039786248854,Super King XXL Vertical Classic MORPHY™ Bed,2000,2000,,2120,2035,400,2150,204,510,300,Vertical,Classic,Black,,100,,1299,,,,,,,,,,MORPHY™ Beds > Vertical > Classic,TRUE,Visible,Lifetime,"The Morphy Wall Bed is a flexible modular sleeping system designed to adapt to changing spaces and needs. Its versatile frame can be configured in different sizes and orientations, while the space-saving fold-away design and gas-assisted mechanism make it practical for everyday use. The modular construction also allows the system to be reconfigured or expanded over time, making it an ideal long-term solution for modern multifunctional homes.",,Super King XXL Vertical Classic MORPHY™ Bed 200x200 Black,super-king-xxl-vertical-classic-morphy-bed-200x200,Super King XXL Vertical Classic MORPHY™ Bed 200x200,Super King XXL Vertical Classic MORPHY™ Bed 200x200 - The Morphy Wall Bed is a flexible modular sleeping system designed to adapt to changin Shop now!
64,5017205882208,Small Single Horizontal Classic MORPHY™ Bed,1900,760,,2000,795,400,910,204,510,300,Horizontal,Classic,Black,,100,,749,,,,,,,,,,MORPHY™ Beds > Horizontal > Classic,TRUE,Visible,Lifetime,"The Morphy Wall Bed is a flexible modular sleeping system designed to adapt to changing spaces and needs. Its versatile frame can be configured in different sizes and orientations, while the space-saving fold-away design and gas-assisted mechanism make it practical for everyday use. The modular construction also allows the system to be reconfigured or expanded over time, making it an ideal long-term solution for modern multifunctional homes.",,Small Single Horizontal Classic MORPHY™ Bed 190x76 Black,small-single-horizontal-classic-morphy-bed-190x76,Small Single Horizontal Classic MORPHY™ Bed 190x76,Small Single Horizontal Classic MORPHY™ Bed 190x76 - The Morphy Wall Bed is a flexible modular sleeping system designed to adapt to changing Shop now!
65,5051329972607,Small Single XL Horizontal Classic MORPHY™ Bed,1900,800,,2000,835,400,950,204,510,300,Horizontal,Classic,Black,,100,,749,,,,,,,,,,MORPHY™ Beds > Horizontal > Classic,TRUE,Visible,Lifetime,"The Morphy Wall Bed is a flexible modular sleeping system designed to adapt to changing spaces and needs. Its versatile frame can be configured in different sizes and orientations, while the space-saving fold-away design and gas-assisted mechanism make it practical for everyday use. The modular construction also allows the system to be reconfigured or expanded over time, making it an ideal long-term solution for modern multifunctional homes.",,Small Single XL Horizontal Classic MORPHY™ Bed 190x80 Black,small-single-xl-horizontal-classic-morphy-bed-190x80,Small Single XL Horizontal Classic MORPHY™ Bed 190x80,Small Single XL Horizontal Classic MORPHY™ Bed 190x80 - The Morphy Wall Bed is a flexible modular sleeping system designed to adapt to chang Shop now!
66,5041916640992,Small Single XL Long Horizontal Classic MORPHY™ Bed,2000,800,,2100,835,400,950,204,510,300,Horizontal,Classic,Black,,100,,749,,,,,,,,,,MORPHY™ Beds > Horizontal > Classic,TRUE,Visible,Lifetime,"The Morphy Wall Bed is a flexible modular sleeping system designed to adapt to changing spaces and needs. Its versatile frame can be configured in different sizes and orientations, while the space-saving fold-away design and gas-assisted mechanism make it practical for everyday use. The modular construction also allows the system to be reconfigured or expanded over time, making it an ideal long-term solution for modern multifunctional homes.",,Small Single XL Long Horizontal Classic MORPHY™ Bed 200x80 Black,small-single-xl-long-horizontal-classic-morphy-bed-200x80,Small Single XL Long Horizontal Classic MORPHY™ Bed 200x80,Small Single XL Long Horizontal Classic MORPHY™ Bed 200x80 - The Morphy Wall Bed is a flexible modular sleeping system designed to adapt to  Shop now!
67,5095725883341,Single Horizontal Classic MORPHY™ Bed,1900,900,,2000,935,400,1050,204,510,300,Horizontal,Classic,Black,,100,,749,,,,,,,,,,MORPHY™ Beds > Horizontal > Classic,TRUE,Visible,Lifetime,"The Morphy Wall Bed is a flexible modular sleeping system designed to adapt to changing spaces and needs. Its versatile frame can be configured in different sizes and orientations, while the space-saving fold-away design and gas-assisted mechanism make it practical for everyday use. The modular construction also allows the system to be reconfigured or expanded over time, making it an ideal long-term solution for modern multifunctional homes.",,Single Horizontal Classic MORPHY™ Bed 190x90 Black,single-horizontal-classic-morphy-bed-190x90,Single Horizontal Classic MORPHY™ Bed 190x90,Single Horizontal Classic MORPHY™ Bed 190x90 - The Morphy Wall Bed is a flexible modular sleeping system designed to adapt to changing space Shop now!
68,5013311542889,European Single Horizontal Classic MORPHY™ Bed,2000,900,,2100,935,400,1050,204,510,300,Horizontal,Classic,Black,,100,,749,,,,,,,,,,MORPHY™ Beds > Horizontal > Classic,TRUE,Visible,Lifetime,"The Morphy Wall Bed is a flexible modular sleeping system designed to adapt to changing spaces and needs. Its versatile frame can be configured in different sizes and orientations, while the space-saving fold-away design and gas-assisted mechanism make it practical for everyday use. The modular construction also allows the system to be reconfigured or expanded over time, making it an ideal long-term solution for modern multifunctional homes.",,European Single Horizontal Classic MORPHY™ Bed 200x90 Black,european-single-horizontal-classic-morphy-bed-200x90,European Single Horizontal Classic MORPHY™ Bed 200x90,European Single Horizontal Classic MORPHY™ Bed 200x90 - The Morphy Wall Bed is a flexible modular sleeping system designed to adapt to chang Shop now!
69,5042321943610,European Single XL Horizontal Classic MORPHY™ Bed,1900,960,,2000,995,400,1110,204,510,300,Horizontal,Classic,Black,,100,,799,,,,,,,,,,MORPHY™ Beds > Horizontal > Classic,TRUE,Visible,Lifetime,"The Morphy Wall Bed is a flexible modular sleeping system designed to adapt to changing spaces and needs. Its versatile frame can be configured in different sizes and orientations, while the space-saving fold-away design and gas-assisted mechanism make it practical for everyday use. The modular construction also allows the system to be reconfigured or expanded over time, making it an ideal long-term solution for modern multifunctional homes.",,European Single XL Horizontal Classic MORPHY™ Bed 190x96 Black,european-single-xl-horizontal-classic-morphy-bed-190x96,European Single XL Horizontal Classic MORPHY™ Bed 190x96,European Single XL Horizontal Classic MORPHY™ Bed 190x96 - The Morphy Wall Bed is a flexible modular sleeping system designed to adapt to ch Shop now!
70,5014383568957,European Single XL Long Horizontal Classic MORPHY™ Bed,2000,960,,2100,995,400,1110,204,510,300,Horizontal,Classic,Black,,100,,799,,,,,,,,,,MORPHY™ Beds > Horizontal > Classic,TRUE,Visible,Lifetime,"The Morphy Wall Bed is a flexible modular sleeping system designed to adapt to changing spaces and needs. Its versatile frame can be configured in different sizes and orientations, while the space-saving fold-away design and gas-assisted mechanism make it practical for everyday use. The modular construction also allows the system to be reconfigured or expanded over time, making it an ideal long-term solution for modern multifunctional homes.",,European Single XL Long Horizontal Classic MORPHY™ Bed 200x96 Black,european-single-xl-long-horizontal-classic-morphy-bed-200x96,European Single XL Long Horizontal Classic MORPHY™ Bed 200x9,European Single XL Long Horizontal Classic MORPHY™ Bed 200x96 - The Morphy Wall Bed is a flexible modular sleeping system designed to adapt  Shop now!
71,5099737932982,Single XL Horizontal Classic MORPHY™ Bed,1900,1000,,2000,1035,400,1150,204,510,300,Horizontal,Classic,Black,,100,,799,,,,,,,,,,MORPHY™ Beds > Horizontal > Classic,TRUE,Visible,Lifetime,"The Morphy Wall Bed is a flexible modular sleeping system designed to adapt to changing spaces and needs. Its versatile frame can be configured in different sizes and orientations, while the space-saving fold-away design and gas-assisted mechanism make it practical for everyday use. The modular construction also allows the system to be reconfigured or expanded over time, making it an ideal long-term solution for modern multifunctional homes.",,Single XL Horizontal Classic MORPHY™ Bed 190x100 Black,single-xl-horizontal-classic-morphy-bed-190x100,Single XL Horizontal Classic MORPHY™ Bed 190x100,Single XL Horizontal Classic MORPHY™ Bed 190x100 - The Morphy Wall Bed is a flexible modular sleeping system designed to adapt to changing s Shop now!
72,5083244812070,Single XL Long Horizontal Classic MORPHY™ Bed,2000,1000,,2100,1035,400,1150,204,510,300,Horizontal,Classic,Black,,100,,799,,,,,,,,,,MORPHY™ Beds > Horizontal > Classic,TRUE,Visible,Lifetime,"The Morphy Wall Bed is a flexible modular sleeping system designed to adapt to changing spaces and needs. Its versatile frame can be configured in different sizes and orientations, while the space-saving fold-away design and gas-assisted mechanism make it practical for everyday use. The modular construction also allows the system to be reconfigured or expanded over time, making it an ideal long-term solution for modern multifunctional homes.",,Single XL Long Horizontal Classic MORPHY™ Bed 200x100 Black,single-xl-long-horizontal-classic-morphy-bed-200x100,Single XL Long Horizontal Classic MORPHY™ Bed 200x100,Single XL Long Horizontal Classic MORPHY™ Bed 200x100 - The Morphy Wall Bed is a flexible modular sleeping system designed to adapt to chang Shop now!
73,5015464343561,Small Double Horizontal Classic MORPHY™ Bed,1900,1200,,2000,1235,400,1350,204,510,300,Horizontal,Classic,Black,,100,,849,,,,,,,,,,MORPHY™ Beds > Horizontal > Classic,TRUE,Visible,Lifetime,"The Morphy Wall Bed is a flexible modular sleeping system designed to adapt to changing spaces and needs. Its versatile frame can be configured in different sizes and orientations, while the space-saving fold-away design and gas-assisted mechanism make it practical for everyday use. The modular construction also allows the system to be reconfigured or expanded over time, making it an ideal long-term solution for modern multifunctional homes.",,Small Double Horizontal Classic MORPHY™ Bed 190x120 Black,small-double-horizontal-classic-morphy-bed-190x120,Small Double Horizontal Classic MORPHY™ Bed 190x120,Small Double Horizontal Classic MORPHY™ Bed 190x120 - The Morphy Wall Bed is a flexible modular sleeping system designed to adapt to changing Shop now!
74,5066674652201,European Small Double Horizontal Classic MORPHY™ Bed,2000,1200,,2100,1235,400,1350,204,510,300,Horizontal,Classic,Black,,100,,849,,,,,,,,,,MORPHY™ Beds > Horizontal > Classic,TRUE,Visible,Lifetime,"The Morphy Wall Bed is a flexible modular sleeping system designed to adapt to changing spaces and needs. Its versatile frame can be configured in different sizes and orientations, while the space-saving fold-away design and gas-assisted mechanism make it practical for everyday use. The modular construction also allows the system to be reconfigured or expanded over time, making it an ideal long-term solution for modern multifunctional homes.",,European Small Double Horizontal Classic MORPHY™ Bed 200x120 Black,european-small-double-horizontal-classic-morphy-bed-200x120,European Small Double Horizontal Classic MORPHY™ Bed 200x120,European Small Double Horizontal Classic MORPHY™ Bed 200x120 - The Morphy Wall Bed is a flexible modular sleeping system designed to adapt t Shop now!
75,5040121899165,Double Horizontal Classic MORPHY™ Bed,1900,1350,,2000,1385,400,1500,204,510,300,Horizontal,Classic,Black,,100,,899,,,,,,,,,,MORPHY™ Beds > Horizontal > Classic,TRUE,Visible,Lifetime,"The Morphy Wall Bed is a flexible modular sleeping system designed to adapt to changing spaces and needs. Its versatile frame can be configured in different sizes and orientations, while the space-saving fold-away design and gas-assisted mechanism make it practical for everyday use. The modular construction also allows the system to be reconfigured or expanded over time, making it an ideal long-term solution for modern multifunctional homes.",,Double Horizontal Classic MORPHY™ Bed 190x135 Black,double-horizontal-classic-morphy-bed-190x135,Double Horizontal Classic MORPHY™ Bed 190x135,Double Horizontal Classic MORPHY™ Bed 190x135 - The Morphy Wall Bed is a flexible modular sleeping system designed to adapt to changing spac Shop now!
76,5003537483783,European Double Horizontal Classic MORPHY™ Bed,1900,1400,,2000,1435,400,1550,204,510,300,Horizontal,Classic,Black,,100,,899,,,,,,,,,,MORPHY™ Beds > Horizontal > Classic,TRUE,Visible,Lifetime,"The Morphy Wall Bed is a flexible modular sleeping system designed to adapt to changing spaces and needs. Its versatile frame can be configured in different sizes and orientations, while the space-saving fold-away design and gas-assisted mechanism make it practical for everyday use. The modular construction also allows the system to be reconfigured or expanded over time, making it an ideal long-term solution for modern multifunctional homes.",,European Double Horizontal Classic MORPHY™ Bed 190x140 Black,european-double-horizontal-classic-morphy-bed-140x190,European Double Horizontal Classic MORPHY™ Bed 190x140,European Double Horizontal Classic MORPHY™ Bed 190x140 - The Morphy Wall Bed is a flexible modular sleeping system designed to adapt to chan Shop now!
77,5078499662930,European Double Long Horizontal Classic MORPHY™ Bed,2000,1400,,2100,1435,400,1550,204,510,300,Horizontal,Classic,Black,,100,,949,,,,,,,,,,MORPHY™ Beds > Horizontal > Classic,TRUE,Visible,Lifetime,"The Morphy Wall Bed is a flexible modular sleeping system designed to adapt to changing spaces and needs. Its versatile frame can be configured in different sizes and orientations, while the space-saving fold-away design and gas-assisted mechanism make it practical for everyday use. The modular construction also allows the system to be reconfigured or expanded over time, making it an ideal long-term solution for modern multifunctional homes.",,European Double Long Horizontal Classic MORPHY™ Bed 200x140 Black,european-double-long-horizontal-classic-morphy-bed-200x140,European Double Long Horizontal Classic MORPHY™ Bed 200x140,European Double Long Horizontal Classic MORPHY™ Bed 200x140 - The Morphy Wall Bed is a flexible modular sleeping system designed to adapt to Shop now!
78,5032593484071,King Horizontal Classic MORPHY™ Bed,2000,1500,,2100,1535,400,1650,204,510,300,Horizontal,Classic,Black,,100,,999,,,,,,,,,,MORPHY™ Beds > Horizontal > Classic,TRUE,Visible,Lifetime,"The Morphy Wall Bed is a flexible modular sleeping system designed to adapt to changing spaces and needs. Its versatile frame can be configured in different sizes and orientations, while the space-saving fold-away design and gas-assisted mechanism make it practical for everyday use. The modular construction also allows the system to be reconfigured or expanded over time, making it an ideal long-term solution for modern multifunctional homes.",,King Horizontal Classic MORPHY™ Bed 200x150 Black,king-horizontal-classic-morphy-bed-200x150,King Horizontal Classic MORPHY™ Bed 200x150,King Horizontal Classic MORPHY™ Bed 200x150 - The Morphy Wall Bed is a flexible modular sleeping system designed to adapt to changing spaces Shop now!
79,5082375941238,European King Horizontal Classic MORPHY™ Bed,2000,1600,,2100,1635,400,1750,204,510,300,Horizontal,Classic,Black,,100,,999,,,,,,,,,,MORPHY™ Beds > Horizontal > Classic,TRUE,Visible,Lifetime,"The Morphy Wall Bed is a flexible modular sleeping system designed to adapt to changing spaces and needs. Its versatile frame can be configured in different sizes and orientations, while the space-saving fold-away design and gas-assisted mechanism make it practical for everyday use. The modular construction also allows the system to be reconfigured or expanded over time, making it an ideal long-term solution for modern multifunctional homes.",,European King Horizontal Classic MORPHY™ Bed 200x160 Black,european-king-horizontal-classic-morphy-bed-200x160,European King Horizontal Classic MORPHY™ Bed 200x160,European King Horizontal Classic MORPHY™ Bed 200x160 - The Morphy Wall Bed is a flexible modular sleeping system designed to adapt to changi Shop now!
80,5060745380402,Super King Horizontal Classic MORPHY™ Bed,2000,1800,,2100,1835,400,1950,204,510,300,Horizontal,Classic,Black,,100,,1199,,,,,,,,,,MORPHY™ Beds > Horizontal > Classic,TRUE,Visible,Lifetime,"The Morphy Wall Bed is a flexible modular sleeping system designed to adapt to changing spaces and needs. Its versatile frame can be configured in different sizes and orientations, while the space-saving fold-away design and gas-assisted mechanism make it practical for everyday use. The modular construction also allows the system to be reconfigured or expanded over time, making it an ideal long-term solution for modern multifunctional homes.",,Super King Horizontal Classic MORPHY™ Bed 200x180 Black,super-king-horizontal-classic-morphy-bed-200x180,Super King Horizontal Classic MORPHY™ Bed 200x180,Super King Horizontal Classic MORPHY™ Bed 200x180 - The Morphy Wall Bed is a flexible modular sleeping system designed to adapt to changing  Shop now!
81,5089717505932,Super King XL Horizontal Classic MORPHY™ Bed,2000,1920,,2100,1955,400,2070,204,510,300,Horizontal,Classic,Black,,100,,1249,,,,,,,,,,MORPHY™ Beds > Horizontal > Classic,TRUE,Visible,Lifetime,"The Morphy Wall Bed is a flexible modular sleeping system designed to adapt to changing spaces and needs. Its versatile frame can be configured in different sizes and orientations, while the space-saving fold-away design and gas-assisted mechanism make it practical for everyday use. The modular construction also allows the system to be reconfigured or expanded over time, making it an ideal long-term solution for modern multifunctional homes.",,Super King XL Horizontal Classic MORPHY™ Bed 200x192 Black,super-king-xl-horizontal-classic-morphy-bed-200x192,Super King XL Horizontal Classic MORPHY™ Bed 200x192,Super King XL Horizontal Classic MORPHY™ Bed 200x192 - The Morphy Wall Bed is a flexible modular sleeping system designed to adapt to changi Shop now!
82,5088967658873,Super King XXL Horizontal Classic MORPHY™ Bed,2000,2000,,2100,2035,400,2150,204,510,300,Horizontal,Classic,Black,,100,,1299,,,,,,,,,,MORPHY™ Beds > Horizontal > Classic,TRUE,Visible,Lifetime,"The Morphy Wall Bed is a flexible modular sleeping system designed to adapt to changing spaces and needs. Its versatile frame can be configured in different sizes and orientations, while the space-saving fold-away design and gas-assisted mechanism make it practical for everyday use. The modular construction also allows the system to be reconfigured or expanded over time, making it an ideal long-term solution for modern multifunctional homes.",,Super King XXL Horizontal Classic MORPHY™ Bed 200x200 Black,super-king-xxl-horizontal-classic-morphy-bed-200x200,Super King XXL Horizontal Classic MORPHY™ Bed 200x200,Super King XXL Horizontal Classic MORPHY™ Bed 200x200 - The Morphy Wall Bed is a flexible modular sleeping system designed to adapt to chang Shop now!
83,5021872208897,Small Single Vertical Studio MORPHY™ Bed,760,1900,,860,1935,400,2050,204,510,300,Vertical,Studio,Black,,100,,999,,,,,,,,,,MORPHY™ Beds > Vertical > Studio,TRUE,Visible,Lifetime,"The Morphy Wall Bed is a flexible modular sleeping system designed to adapt to changing spaces and needs. Its versatile frame can be configured in different sizes and orientations, while the space-saving fold-away design and gas-assisted mechanism make it practical for everyday use. The modular construction also allows the system to be reconfigured or expanded over time, making it an ideal long-term solution for modern multifunctional homes.",,Small Single Vertical Studio MORPHY™ Bed 76x190 Black,small-single-vertical-studio-morphy-bed-76x190,Small Single Vertical Studio MORPHY™ Bed 76x190,Small Single Vertical Studio MORPHY™ Bed 76x190 - The Morphy Wall Bed is a flexible modular sleeping system designed to adapt to changing sp Shop now!
84,5099930668179,Small Single XL Vertical Studio MORPHY™ Bed,800,1900,,900,1935,400,2050,204,510,300,Vertical,Studio,Black,,100,,1099,,,,,,,,,,MORPHY™ Beds > Vertical > Studio,TRUE,Visible,Lifetime,"The Morphy Wall Bed is a flexible modular sleeping system designed to adapt to changing spaces and needs. Its versatile frame can be configured in different sizes and orientations, while the space-saving fold-away design and gas-assisted mechanism make it practical for everyday use. The modular construction also allows the system to be reconfigured or expanded over time, making it an ideal long-term solution for modern multifunctional homes.",,Small Single XL Vertical Studio MORPHY™ Bed 80x190 Black,small-single-xl-vertical-studio-morphy-bed-80x190,Small Single XL Vertical Studio MORPHY™ Bed 80x190,Small Single XL Vertical Studio MORPHY™ Bed 80x190 - The Morphy Wall Bed is a flexible modular sleeping system designed to adapt to changing Shop now!
85,5082102514585,Small Single XL Long Vertical Studio MORPHY™ Bed,800,2000,,900,2035,400,2150,204,510,300,Vertical,Studio,Black,,100,,1099,,,,,,,,,,MORPHY™ Beds > Vertical > Studio,TRUE,Visible,Lifetime,"The Morphy Wall Bed is a flexible modular sleeping system designed to adapt to changing spaces and needs. Its versatile frame can be configured in different sizes and orientations, while the space-saving fold-away design and gas-assisted mechanism make it practical for everyday use. The modular construction also allows the system to be reconfigured or expanded over time, making it an ideal long-term solution for modern multifunctional homes.",,Small Single XL Long Vertical Studio MORPHY™ Bed 80x200 Black,small-single-xl-long-vertical-studio-morphy-bed-80x200,Small Single XL Long Vertical Studio MORPHY™ Bed 80x200,Small Single XL Long Vertical Studio MORPHY™ Bed 80x200 - The Morphy Wall Bed is a flexible modular sleeping system designed to adapt to cha Shop now!
86,5078602442296,Single Vertical Studio MORPHY™ Bed,900,1900,,1000,1935,400,2050,204,510,300,Vertical,Studio,Black,,100,,1099,,,,,,,,,,MORPHY™ Beds > Vertical > Studio,TRUE,Visible,Lifetime,"The Morphy Wall Bed is a flexible modular sleeping system designed to adapt to changing spaces and needs. Its versatile frame can be configured in different sizes and orientations, while the space-saving fold-away design and gas-assisted mechanism make it practical for everyday use. The modular construction also allows the system to be reconfigured or expanded over time, making it an ideal long-term solution for modern multifunctional homes.",,Single Vertical Studio MORPHY™ Bed 90x190 Black,single-vertical-studio-morphy-bed-90x190,Single Vertical Studio MORPHY™ Bed 90x190,Single Vertical Studio MORPHY™ Bed 90x190 - The Morphy Wall Bed is a flexible modular sleeping system designed to adapt to changing spaces a Shop now!
87,5074100915384,European Single Vertical Studio MORPHY™ Bed,900,2000,,1000,2035,400,2150,204,510,300,Vertical,Studio,Black,,100,,1099,,,,,,,,,,MORPHY™ Beds > Vertical > Studio,TRUE,Visible,Lifetime,"The Morphy Wall Bed is a flexible modular sleeping system designed to adapt to changing spaces and needs. Its versatile frame can be configured in different sizes and orientations, while the space-saving fold-away design and gas-assisted mechanism make it practical for everyday use. The modular construction also allows the system to be reconfigured or expanded over time, making it an ideal long-term solution for modern multifunctional homes.",,European Single Vertical Studio MORPHY™ Bed 90x200 Black,european-single-vertical-studio-morphy-bed-90x200,European Single Vertical Studio MORPHY™ Bed 90x200,European Single Vertical Studio MORPHY™ Bed 90x200 - The Morphy Wall Bed is a flexible modular sleeping system designed to adapt to changing Shop now!
88,5093889375868,European Single XL Vertical Studio MORPHY™ Bed,960,1900,,1060,1935,400,2050,204,510,300,Vertical,Studio,Black,,100,,1149,,,,,,,,,,MORPHY™ Beds > Vertical > Studio,TRUE,Visible,Lifetime,"The Morphy Wall Bed is a flexible modular sleeping system designed to adapt to changing spaces and needs. Its versatile frame can be configured in different sizes and orientations, while the space-saving fold-away design and gas-assisted mechanism make it practical for everyday use. The modular construction also allows the system to be reconfigured or expanded over time, making it an ideal long-term solution for modern multifunctional homes.",,European Single XL Vertical Studio MORPHY™ Bed 96x190 Black,european-single-xl-vertical-studio-morphy-bed-96x190,European Single XL Vertical Studio MORPHY™ Bed 96x190,European Single XL Vertical Studio MORPHY™ Bed 96x190 - The Morphy Wall Bed is a flexible modular sleeping system designed to adapt to chang Shop now!
89,5073392409311,European Single XL Long Vertical Studio MORPHY™ Bed,960,2000,,1060,2035,400,2150,204,510,300,Vertical,Studio,Black,,100,,1149,,,,,,,,,,MORPHY™ Beds > Vertical > Studio,TRUE,Visible,Lifetime,"The Morphy Wall Bed is a flexible modular sleeping system designed to adapt to changing spaces and needs. Its versatile frame can be configured in different sizes and orientations, while the space-saving fold-away design and gas-assisted mechanism make it practical for everyday use. The modular construction also allows the system to be reconfigured or expanded over time, making it an ideal long-term solution for modern multifunctional homes.",,European Single XL Long Vertical Studio MORPHY™ Bed 96x200 Black,european-single-xl-long-vertical-studio-morphy-bed-96x200,European Single XL Long Vertical Studio MORPHY™ Bed 96x200,European Single XL Long Vertical Studio MORPHY™ Bed 96x200 - The Morphy Wall Bed is a flexible modular sleeping system designed to adapt to  Shop now!
90,5083729654197,Single XL Vertical Studio MORPHY™ Bed,1000,1900,,1100,1935,400,2050,204,510,300,Vertical,Studio,Black,,100,,1149,,,,,,,,,,MORPHY™ Beds > Vertical > Studio,TRUE,Visible,Lifetime,"The Morphy Wall Bed is a flexible modular sleeping system designed to adapt to changing spaces and needs. Its versatile frame can be configured in different sizes and orientations, while the space-saving fold-away design and gas-assisted mechanism make it practical for everyday use. The modular construction also allows the system to be reconfigured or expanded over time, making it an ideal long-term solution for modern multifunctional homes.",,Single XL Vertical Studio MORPHY™ Bed 100x190 Black,single-xl-vertical-studio-morphy-bed-100x190,Single XL Vertical Studio MORPHY™ Bed 100x190,Single XL Vertical Studio MORPHY™ Bed 100x190 - The Morphy Wall Bed is a flexible modular sleeping system designed to adapt to changing spac Shop now!
91,5034737208639,Single XL Long Vertical Studio MORPHY™ Bed,1000,2000,,1100,2035,400,2150,204,510,300,Vertical,Studio,Black,,100,,1149,,,,,,,,,,MORPHY™ Beds > Vertical > Studio,TRUE,Visible,Lifetime,"The Morphy Wall Bed is a flexible modular sleeping system designed to adapt to changing spaces and needs. Its versatile frame can be configured in different sizes and orientations, while the space-saving fold-away design and gas-assisted mechanism make it practical for everyday use. The modular construction also allows the system to be reconfigured or expanded over time, making it an ideal long-term solution for modern multifunctional homes.",,Single XL Long Vertical Studio MORPHY™ Bed 100x200 Black,single-xl-long-vertical-studio-morphy-bed-100x200,Single XL Long Vertical Studio MORPHY™ Bed 100x200,Single XL Long Vertical Studio MORPHY™ Bed 100x200 - The Morphy Wall Bed is a flexible modular sleeping system designed to adapt to changing Shop now!
92,5090109550083,Small Double Vertical Studio MORPHY™ Bed,1200,1900,,1300,1935,400,2050,204,510,300,Vertical,Studio,Black,,100,,1199,,,,,,,,,,MORPHY™ Beds > Vertical > Studio,TRUE,Visible,Lifetime,"The Morphy Wall Bed is a flexible modular sleeping system designed to adapt to changing spaces and needs. Its versatile frame can be configured in different sizes and orientations, while the space-saving fold-away design and gas-assisted mechanism make it practical for everyday use. The modular construction also allows the system to be reconfigured or expanded over time, making it an ideal long-term solution for modern multifunctional homes.",,Small Double Vertical Studio MORPHY™ Bed 120x190 Black,small-double-vertical-studio-morphy-bed-120x190,Small Double Vertical Studio MORPHY™ Bed 120x190,Small Double Vertical Studio MORPHY™ Bed 120x190 - The Morphy Wall Bed is a flexible modular sleeping system designed to adapt to changing s Shop now!
93,5028333409091,European Small Double Vertical Studio MORPHY™ Bed,1200,2000,,1300,2035,400,2150,204,510,300,Vertical,Studio,Black,,100,,1199,,,,,,,,,,MORPHY™ Beds > Vertical > Studio,TRUE,Visible,Lifetime,"The Morphy Wall Bed is a flexible modular sleeping system designed to adapt to changing spaces and needs. Its versatile frame can be configured in different sizes and orientations, while the space-saving fold-away design and gas-assisted mechanism make it practical for everyday use. The modular construction also allows the system to be reconfigured or expanded over time, making it an ideal long-term solution for modern multifunctional homes.",,European Small Double Vertical Studio MORPHY™ Bed 120x200 Black,european-small-double-vertical-studio-morphy-bed-120x200,European Small Double Vertical Studio MORPHY™ Bed 120x200,European Small Double Vertical Studio MORPHY™ Bed 120x200 - The Morphy Wall Bed is a flexible modular sleeping system designed to adapt to c Shop now!
94,5005423621027,Double Vertical Studio MORPHY™ Bed,1350,1900,,1450,1935,400,2050,204,510,300,Vertical,Studio,Black,,100,,1299,,,,,,,,,,MORPHY™ Beds > Vertical > Studio,TRUE,Visible,Lifetime,"The Morphy Wall Bed is a flexible modular sleeping system designed to adapt to changing spaces and needs. Its versatile frame can be configured in different sizes and orientations, while the space-saving fold-away design and gas-assisted mechanism make it practical for everyday use. The modular construction also allows the system to be reconfigured or expanded over time, making it an ideal long-term solution for modern multifunctional homes.",,Double Vertical Studio MORPHY™ Bed 135x190 Black,double-vertical-studio-morphy-bed-135x190,Double Vertical Studio MORPHY™ Bed 135x190,Double Vertical Studio MORPHY™ Bed 135x190 - The Morphy Wall Bed is a flexible modular sleeping system designed to adapt to changing spaces  Shop now!
95,5041882523383,European Double Vertical Studio MORPHY™ Bed,1400,1900,,1500,1935,400,2050,204,510,300,Vertical,Studio,Black,,100,,1299,,,,,,,,,,MORPHY™ Beds > Vertical > Studio,TRUE,Visible,Lifetime,"The Morphy Wall Bed is a flexible modular sleeping system designed to adapt to changing spaces and needs. Its versatile frame can be configured in different sizes and orientations, while the space-saving fold-away design and gas-assisted mechanism make it practical for everyday use. The modular construction also allows the system to be reconfigured or expanded over time, making it an ideal long-term solution for modern multifunctional homes.",,European Double Vertical Studio MORPHY™ Bed 140x190 Black,european-double-vertical-studio-morphy-bed-140x190,European Double Vertical Studio MORPHY™ Bed 140x190,European Double Vertical Studio MORPHY™ Bed 140x190 - The Morphy Wall Bed is a flexible modular sleeping system designed to adapt to changin Shop now!
96,5052699457560,European Double Long Vertical Studio MORPHY™ Bed,1400,2000,,1500,2035,400,2150,204,510,300,Vertical,Studio,Black,,100,,1399,,,,,,,,,,MORPHY™ Beds > Vertical > Studio,TRUE,Visible,Lifetime,"The Morphy Wall Bed is a flexible modular sleeping system designed to adapt to changing spaces and needs. Its versatile frame can be configured in different sizes and orientations, while the space-saving fold-away design and gas-assisted mechanism make it practical for everyday use. The modular construction also allows the system to be reconfigured or expanded over time, making it an ideal long-term solution for modern multifunctional homes.",,European Double Long Vertical Studio MORPHY™ Bed 140x200 Black,european-double-long-vertical-studio-morphy-bed-140x200,European Double Long Vertical Studio MORPHY™ Bed 140x200,European Double Long Vertical Studio MORPHY™ Bed 140x200 - The Morphy Wall Bed is a flexible modular sleeping system designed to adapt to ch Shop now!
97,5016080375993,King Vertical Studio MORPHY™ Bed,1500,2000,,1600,2035,400,2150,204,510,300,Vertical,Studio,Black,,100,,1399,,,,,,,,,,MORPHY™ Beds > Vertical > Studio,TRUE,Visible,Lifetime,"The Morphy Wall Bed is a flexible modular sleeping system designed to adapt to changing spaces and needs. Its versatile frame can be configured in different sizes and orientations, while the space-saving fold-away design and gas-assisted mechanism make it practical for everyday use. The modular construction also allows the system to be reconfigured or expanded over time, making it an ideal long-term solution for modern multifunctional homes.",,King Vertical Studio MORPHY™ Bed 150x200 Black,king-vertical-studio-morphy-bed-150x200,King Vertical Studio MORPHY™ Bed 150x200,King Vertical Studio MORPHY™ Bed 150x200 - The Morphy Wall Bed is a flexible modular sleeping system designed to adapt to changing spaces an Shop now!
98,5003772374634,European King Vertical Studio MORPHY™ Bed,1600,2000,,1700,2035,400,2150,204,510,300,Vertical,Studio,Black,,100,,1449,,,,,,,,,,MORPHY™ Beds > Vertical > Studio,TRUE,Visible,Lifetime,"The Morphy Wall Bed is a flexible modular sleeping system designed to adapt to changing spaces and needs. Its versatile frame can be configured in different sizes and orientations, while the space-saving fold-away design and gas-assisted mechanism make it practical for everyday use. The modular construction also allows the system to be reconfigured or expanded over time, making it an ideal long-term solution for modern multifunctional homes.",,European King Vertical Studio MORPHY™ Bed 160x200 Black,european-king-vertical-studio-morphy-bed-160x200,European King Vertical Studio MORPHY™ Bed 160x200,European King Vertical Studio MORPHY™ Bed 160x200 - The Morphy Wall Bed is a flexible modular sleeping system designed to adapt to changing  Shop now!
99,5051054723201,Super King Vertical Studio MORPHY™ Bed,1800,2000,,1800,2035,400,2150,204,510,300,Vertical,Studio,Black,,100,,1499,,,,,,,,,,MORPHY™ Beds > Vertical > Studio,TRUE,Visible,Lifetime,"The Morphy Wall Bed is a flexible modular sleeping system designed to adapt to changing spaces and needs. Its versatile frame can be configured in different sizes and orientations, while the space-saving fold-away design and gas-assisted mechanism make it practical for everyday use. The modular construction also allows the system to be reconfigured or expanded over time, making it an ideal long-term solution for modern multifunctional homes.",,Super King Vertical Studio MORPHY™ Bed 180x200 Black,super-king-vertical-studio-morphy-bed-180x200,Super King Vertical Studio MORPHY™ Bed 180x200,Super King Vertical Studio MORPHY™ Bed 180x200 - The Morphy Wall Bed is a flexible modular sleeping system designed to adapt to changing spa Shop now!
100,5079904105448,Super King XL Vertical Studio MORPHY™ Bed,1920,2000,,2020,2035,400,2150,204,510,300,Vertical,Studio,Black,,100,,1549,,,,,,,,,,MORPHY™ Beds > Vertical > Studio,TRUE,Visible,Lifetime,"The Morphy Wall Bed is a flexible modular sleeping system designed to adapt to changing spaces and needs. Its versatile frame can be configured in different sizes and orientations, while the space-saving fold-away design and gas-assisted mechanism make it practical for everyday use. The modular construction also allows the system to be reconfigured or expanded over time, making it an ideal long-term solution for modern multifunctional homes.",,Super King XL Vertical Studio MORPHY™ Bed 192x200 Black,super-king-xl-vertical-studio-morphy-bed-192x200,Super King XL Vertical Studio MORPHY™ Bed 192x200,Super King XL Vertical Studio MORPHY™ Bed 192x200 - The Morphy Wall Bed is a flexible modular sleeping system designed to adapt to changing  Shop now!
101,5010474277123,Super King XXL Vertical Studio MORPHY™ Bed,2000,2000,,2120,2035,400,2150,204,510,300,Vertical,Studio,Black,,100,,1599,,,,,,,,,,MORPHY™ Beds > Vertical > Studio,TRUE,Visible,Lifetime,"The Morphy Wall Bed is a flexible modular sleeping system designed to adapt to changing spaces and needs. Its versatile frame can be configured in different sizes and orientations, while the space-saving fold-away design and gas-assisted mechanism make it practical for everyday use. The modular construction also allows the system to be reconfigured or expanded over time, making it an ideal long-term solution for modern multifunctional homes.",,Super King XXL Vertical Studio MORPHY™ Bed 200x200 Black,super-king-xxl-vertical-studio-morphy-bed-200x200,Super King XXL Vertical Studio MORPHY™ Bed 200x200,Super King XXL Vertical Studio MORPHY™ Bed 200x200 - The Morphy Wall Bed is a flexible modular sleeping system designed to adapt to changing Shop now!
102,5006033709735,Small Single Horizontal Studio MORPHY™ Bed,1900,760,,2000,795,400,910,204,510,300,Horizontal,Studio,Black,,100,,999,,,,,,,,,,MORPHY™ Beds > Horizontal > Studio,TRUE,Visible,Lifetime,"The Morphy Wall Bed is a flexible modular sleeping system designed to adapt to changing spaces and needs. Its versatile frame can be configured in different sizes and orientations, while the space-saving fold-away design and gas-assisted mechanism make it practical for everyday use. The modular construction also allows the system to be reconfigured or expanded over time, making it an ideal long-term solution for modern multifunctional homes.",,Small Single Horizontal Studio MORPHY™ Bed 190x76 Black,small-single-horizontal-studio-morphy-bed-190x76,Small Single Horizontal Studio MORPHY™ Bed 190x76,Small Single Horizontal Studio MORPHY™ Bed 190x76 - The Morphy Wall Bed is a flexible modular sleeping system designed to adapt to changing  Shop now!
103,5089849073842,Small Single XL Horizontal Studio MORPHY™ Bed,1900,800,,2000,835,400,950,204,510,300,Horizontal,Studio,Black,,100,,1099,,,,,,,,,,MORPHY™ Beds > Horizontal > Studio,TRUE,Visible,Lifetime,"The Morphy Wall Bed is a flexible modular sleeping system designed to adapt to changing spaces and needs. Its versatile frame can be configured in different sizes and orientations, while the space-saving fold-away design and gas-assisted mechanism make it practical for everyday use. The modular construction also allows the system to be reconfigured or expanded over time, making it an ideal long-term solution for modern multifunctional homes.",,Small Single XL Horizontal Studio MORPHY™ Bed 190x80 Black,small-single-xl-horizontal-studio-morphy-bed-190x80,Small Single XL Horizontal Studio MORPHY™ Bed 190x80,Small Single XL Horizontal Studio MORPHY™ Bed 190x80 - The Morphy Wall Bed is a flexible modular sleeping system designed to adapt to changi Shop now!
104,5044332274866,Small Single XL Long Horizontal Studio MORPHY™ Bed,2000,800,,2100,835,400,950,204,510,300,Horizontal,Studio,Black,,100,,1099,,,,,,,,,,MORPHY™ Beds > Horizontal > Studio,TRUE,Visible,Lifetime,"The Morphy Wall Bed is a flexible modular sleeping system designed to adapt to changing spaces and needs. Its versatile frame can be configured in different sizes and orientations, while the space-saving fold-away design and gas-assisted mechanism make it practical for everyday use. The modular construction also allows the system to be reconfigured or expanded over time, making it an ideal long-term solution for modern multifunctional homes.",,Small Single XL Long Horizontal Studio MORPHY™ Bed 200x80 Black,small-single-xl-long-horizontal-studio-morphy-bed-200x80,Small Single XL Long Horizontal Studio MORPHY™ Bed 200x80,Small Single XL Long Horizontal Studio MORPHY™ Bed 200x80 - The Morphy Wall Bed is a flexible modular sleeping system designed to adapt to c Shop now!
105,5013839624443,Single Horizontal Studio MORPHY™ Bed,1900,900,,2000,935,400,1050,204,510,300,Horizontal,Studio,Black,,100,,1099,,,,,,,,,,MORPHY™ Beds > Horizontal > Studio,TRUE,Visible,Lifetime,"The Morphy Wall Bed is a flexible modular sleeping system designed to adapt to changing spaces and needs. Its versatile frame can be configured in different sizes and orientations, while the space-saving fold-away design and gas-assisted mechanism make it practical for everyday use. The modular construction also allows the system to be reconfigured or expanded over time, making it an ideal long-term solution for modern multifunctional homes.",,Single Horizontal Studio MORPHY™ Bed 190x90 Black,single-horizontal-studio-morphy-bed-190x90,Single Horizontal Studio MORPHY™ Bed 190x90,Single Horizontal Studio MORPHY™ Bed 190x90 - The Morphy Wall Bed is a flexible modular sleeping system designed to adapt to changing spaces Shop now!
106,5095572147754,European Single Horizontal Studio MORPHY™ Bed,2000,900,,2100,935,400,1050,204,510,300,Horizontal,Studio,Black,,100,,1099,,,,,,,,,,MORPHY™ Beds > Horizontal > Studio,TRUE,Visible,Lifetime,"The Morphy Wall Bed is a flexible modular sleeping system designed to adapt to changing spaces and needs. Its versatile frame can be configured in different sizes and orientations, while the space-saving fold-away design and gas-assisted mechanism make it practical for everyday use. The modular construction also allows the system to be reconfigured or expanded over time, making it an ideal long-term solution for modern multifunctional homes.",,European Single Horizontal Studio MORPHY™ Bed 200x90 Black,european-single-horizontal-studio-morphy-bed-200x90,European Single Horizontal Studio MORPHY™ Bed 200x90,European Single Horizontal Studio MORPHY™ Bed 200x90 - The Morphy Wall Bed is a flexible modular sleeping system designed to adapt to changi Shop now!
107,5093664679725,European Single XL Horizontal Studio MORPHY™ Bed,1900,960,,2000,995,400,1110,204,510,300,Horizontal,Studio,Black,,100,,1149,,,,,,,,,,MORPHY™ Beds > Horizontal > Studio,TRUE,Visible,Lifetime,"The Morphy Wall Bed is a flexible modular sleeping system designed to adapt to changing spaces and needs. Its versatile frame can be configured in different sizes and orientations, while the space-saving fold-away design and gas-assisted mechanism make it practical for everyday use. The modular construction also allows the system to be reconfigured or expanded over time, making it an ideal long-term solution for modern multifunctional homes.",,European Single XL Horizontal Studio MORPHY™ Bed 190x96 Black,european-single-xl-horizontal-studio-morphy-bed-190x96,European Single XL Horizontal Studio MORPHY™ Bed 190x96,European Single XL Horizontal Studio MORPHY™ Bed 190x96 - The Morphy Wall Bed is a flexible modular sleeping system designed to adapt to cha Shop now!
108,5072645171261,European Single XL Long Horizontal Studio MORPHY™ Bed,2000,960,,2100,995,400,1110,204,510,300,Horizontal,Studio,Black,,100,,1149,,,,,,,,,,MORPHY™ Beds > Horizontal > Studio,TRUE,Visible,Lifetime,"The Morphy Wall Bed is a flexible modular sleeping system designed to adapt to changing spaces and needs. Its versatile frame can be configured in different sizes and orientations, while the space-saving fold-away design and gas-assisted mechanism make it practical for everyday use. The modular construction also allows the system to be reconfigured or expanded over time, making it an ideal long-term solution for modern multifunctional homes.",,European Single XL Long Horizontal Studio MORPHY™ Bed 200x96 Black,european-single-xl-long-horizontal-studio-morphy-bed-200x96,European Single XL Long Horizontal Studio MORPHY™ Bed 200x96,European Single XL Long Horizontal Studio MORPHY™ Bed 200x96 - The Morphy Wall Bed is a flexible modular sleeping system designed to adapt t Shop now!
109,5045979762830,Single XL Horizontal Studio MORPHY™ Bed,1900,1000,,2000,1035,400,1150,204,510,300,Horizontal,Studio,Black,,100,,1149,,,,,,,,,,MORPHY™ Beds > Horizontal > Studio,TRUE,Visible,Lifetime,"The Morphy Wall Bed is a flexible modular sleeping system designed to adapt to changing spaces and needs. Its versatile frame can be configured in different sizes and orientations, while the space-saving fold-away design and gas-assisted mechanism make it practical for everyday use. The modular construction also allows the system to be reconfigured or expanded over time, making it an ideal long-term solution for modern multifunctional homes.",,Single XL Horizontal Studio MORPHY™ Bed 190x100 Black,single-xl-horizontal-studio-morphy-bed-190x100,Single XL Horizontal Studio MORPHY™ Bed 190x100,Single XL Horizontal Studio MORPHY™ Bed 190x100 - The Morphy Wall Bed is a flexible modular sleeping system designed to adapt to changing sp Shop now!
110,5053064184172,Single XL Long Horizontal Studio MORPHY™ Bed,2000,1000,,2100,1035,400,1150,204,510,300,Horizontal,Studio,Black,,100,,1149,,,,,,,,,,MORPHY™ Beds > Horizontal > Studio,TRUE,Visible,Lifetime,"The Morphy Wall Bed is a flexible modular sleeping system designed to adapt to changing spaces and needs. Its versatile frame can be configured in different sizes and orientations, while the space-saving fold-away design and gas-assisted mechanism make it practical for everyday use. The modular construction also allows the system to be reconfigured or expanded over time, making it an ideal long-term solution for modern multifunctional homes.",,Single XL Long Horizontal Studio MORPHY™ Bed 200x100 Black,single-xl-long-horizontal-studio-morphy-bed-200x100,Single XL Long Horizontal Studio MORPHY™ Bed 200x100,Single XL Long Horizontal Studio MORPHY™ Bed 200x100 - The Morphy Wall Bed is a flexible modular sleeping system designed to adapt to changi Shop now!
111,5036488678213,Small Double Horizontal Studio MORPHY™ Bed,1900,1200,,2000,1235,400,1350,204,510,300,Horizontal,Studio,Black,,100,,1199,,,,,,,,,,MORPHY™ Beds > Horizontal > Studio,TRUE,Visible,Lifetime,"The Morphy Wall Bed is a flexible modular sleeping system designed to adapt to changing spaces and needs. Its versatile frame can be configured in different sizes and orientations, while the space-saving fold-away design and gas-assisted mechanism make it practical for everyday use. The modular construction also allows the system to be reconfigured or expanded over time, making it an ideal long-term solution for modern multifunctional homes.",,Small Double Horizontal Studio MORPHY™ Bed 190x120 Black,small-double-horizontal-studio-morphy-bed-190x120,Small Double Horizontal Studio MORPHY™ Bed 190x120,Small Double Horizontal Studio MORPHY™ Bed 190x120 - The Morphy Wall Bed is a flexible modular sleeping system designed to adapt to changing Shop now!
112,5054211687697,European Small Double Horizontal Studio MORPHY™ Bed,2000,1200,,2100,1235,400,1350,204,510,300,Horizontal,Studio,Black,,100,,1199,,,,,,,,,,MORPHY™ Beds > Horizontal > Studio,TRUE,Visible,Lifetime,"The Morphy Wall Bed is a flexible modular sleeping system designed to adapt to changing spaces and needs. Its versatile frame can be configured in different sizes and orientations, while the space-saving fold-away design and gas-assisted mechanism make it practical for everyday use. The modular construction also allows the system to be reconfigured or expanded over time, making it an ideal long-term solution for modern multifunctional homes.",,European Small Double Horizontal Studio MORPHY™ Bed 200x120 Black,european-small-double-horizontal-studio-morphy-bed-200x120,European Small Double Horizontal Studio MORPHY™ Bed 200x120,European Small Double Horizontal Studio MORPHY™ Bed 200x120 - The Morphy Wall Bed is a flexible modular sleeping system designed to adapt to Shop now!
113,5029208035526,Double Horizontal Studio MORPHY™ Bed,1900,1350,,2000,1385,400,1500,204,510,300,Horizontal,Studio,Black,,100,,1299,,,,,,,,,,MORPHY™ Beds > Horizontal > Studio,TRUE,Visible,Lifetime,"The Morphy Wall Bed is a flexible modular sleeping system designed to adapt to changing spaces and needs. Its versatile frame can be configured in different sizes and orientations, while the space-saving fold-away design and gas-assisted mechanism make it practical for everyday use. The modular construction also allows the system to be reconfigured or expanded over time, making it an ideal long-term solution for modern multifunctional homes.",,Double Horizontal Studio MORPHY™ Bed 190x135 Black,double-horizontal-studio-morphy-bed-190x135,Double Horizontal Studio MORPHY™ Bed 190x135,Double Horizontal Studio MORPHY™ Bed 190x135 - The Morphy Wall Bed is a flexible modular sleeping system designed to adapt to changing space Shop now!
114,5033275721116,European Double Horizontal Studio MORPHY™ Bed,1900,1400,,2000,1435,400,1550,204,510,300,Horizontal,Studio,Black,,100,,1299,,,,,,,,,,MORPHY™ Beds > Horizontal > Studio,TRUE,Visible,Lifetime,"The Morphy Wall Bed is a flexible modular sleeping system designed to adapt to changing spaces and needs. Its versatile frame can be configured in different sizes and orientations, while the space-saving fold-away design and gas-assisted mechanism make it practical for everyday use. The modular construction also allows the system to be reconfigured or expanded over time, making it an ideal long-term solution for modern multifunctional homes.",,European Double Horizontal Studio MORPHY™ Bed 190x140 Black,european-double-horizontal-studio-morphy-bed-190x140,European Double Horizontal Studio MORPHY™ Bed 190x140,European Double Horizontal Studio MORPHY™ Bed 190x140 - The Morphy Wall Bed is a flexible modular sleeping system designed to adapt to chang Shop now!
115,5061453193697,European Double Long Horizontal Studio MORPHY™ Bed,2000,1400,,2100,1435,400,1550,204,510,300,Horizontal,Studio,Black,,100,,1399,,,,,,,,,,MORPHY™ Beds > Horizontal > Studio,TRUE,Visible,Lifetime,"The Morphy Wall Bed is a flexible modular sleeping system designed to adapt to changing spaces and needs. Its versatile frame can be configured in different sizes and orientations, while the space-saving fold-away design and gas-assisted mechanism make it practical for everyday use. The modular construction also allows the system to be reconfigured or expanded over time, making it an ideal long-term solution for modern multifunctional homes.",,European Double Long Horizontal Studio MORPHY™ Bed 200x140 Black,european-double-long-horizontal-studio-morphy-bed-200x140,European Double Long Horizontal Studio MORPHY™ Bed 200x140,European Double Long Horizontal Studio MORPHY™ Bed 200x140 - The Morphy Wall Bed is a flexible modular sleeping system designed to adapt to  Shop now!
116,5044114191164,King Horizontal Studio MORPHY™ Bed,2000,1500,,2100,1535,400,1650,204,510,300,Horizontal,Studio,Black,,100,,1399,,,,,,,,,,MORPHY™ Beds > Horizontal > Studio,TRUE,Visible,Lifetime,"The Morphy Wall Bed is a flexible modular sleeping system designed to adapt to changing spaces and needs. Its versatile frame can be configured in different sizes and orientations, while the space-saving fold-away design and gas-assisted mechanism make it practical for everyday use. The modular construction also allows the system to be reconfigured or expanded over time, making it an ideal long-term solution for modern multifunctional homes.",,King Horizontal Studio MORPHY™ Bed 200x150 Black,king-horizontal-studio-morphy-bed-200x150,King Horizontal Studio MORPHY™ Bed 200x150,King Horizontal Studio MORPHY™ Bed 200x150 - The Morphy Wall Bed is a flexible modular sleeping system designed to adapt to changing spaces  Shop now!
117,5017537957726,European King Horizontal Studio MORPHY™ Bed,2000,1600,,2100,1635,400,1750,204,510,300,Horizontal,Studio,Black,,100,,1449,,,,,,,,,,MORPHY™ Beds > Horizontal > Studio,TRUE,Visible,Lifetime,"The Morphy Wall Bed is a flexible modular sleeping system designed to adapt to changing spaces and needs. Its versatile frame can be configured in different sizes and orientations, while the space-saving fold-away design and gas-assisted mechanism make it practical for everyday use. The modular construction also allows the system to be reconfigured or expanded over time, making it an ideal long-term solution for modern multifunctional homes.",,European King Horizontal Studio MORPHY™ Bed 200x160 Black,european-king-horizontal-studio-morphy-bed-200x160,European King Horizontal Studio MORPHY™ Bed 200x160,European King Horizontal Studio MORPHY™ Bed 200x160 - The Morphy Wall Bed is a flexible modular sleeping system designed to adapt to changin Shop now!
118,5025656856446,Super King Horizontal Studio MORPHY™ Bed,2000,1800,,2100,1835,400,1950,204,510,300,Horizontal,Studio,Black,,100,,1499,,,,,,,,,,MORPHY™ Beds > Horizontal > Studio,TRUE,Visible,Lifetime,"The Morphy Wall Bed is a flexible modular sleeping system designed to adapt to changing spaces and needs. Its versatile frame can be configured in different sizes and orientations, while the space-saving fold-away design and gas-assisted mechanism make it practical for everyday use. The modular construction also allows the system to be reconfigured or expanded over time, making it an ideal long-term solution for modern multifunctional homes.",,Super King Horizontal Studio MORPHY™ Bed 200x180 Black,super-king-horizontal-studio-morphy-bed-200x180,Super King Horizontal Studio MORPHY™ Bed 200x180,Super King Horizontal Studio MORPHY™ Bed 200x180 - The Morphy Wall Bed is a flexible modular sleeping system designed to adapt to changing s Shop now!
119,5084727634603,Super King XL Horizontal Studio MORPHY™ Bed,2000,1920,,2100,1955,400,2070,204,510,300,Horizontal,Studio,Black,,100,,1549,,,,,,,,,,MORPHY™ Beds > Horizontal > Studio,TRUE,Visible,Lifetime,"The Morphy Wall Bed is a flexible modular sleeping system designed to adapt to changing spaces and needs. Its versatile frame can be configured in different sizes and orientations, while the space-saving fold-away design and gas-assisted mechanism make it practical for everyday use. The modular construction also allows the system to be reconfigured or expanded over time, making it an ideal long-term solution for modern multifunctional homes.",,Super King XL Horizontal Studio MORPHY™ Bed 200x192 Black,super-king-xl-horizontal-studio-morphy-bed-200x192,Super King XL Horizontal Studio MORPHY™ Bed 200x192,Super King XL Horizontal Studio MORPHY™ Bed 200x192 - The Morphy Wall Bed is a flexible modular sleeping system designed to adapt to changin Shop now!
120,5004892680490,Super King XXL Horizontal Studio MORPHY™ Bed,2000,2000,,2100,2035,400,2150,204,510,300,Horizontal,Studio,Black,,100,,1599,,,,,,,,,,MORPHY™ Beds > Horizontal > Studio,TRUE,Visible,Lifetime,"The Morphy Wall Bed is a flexible modular sleeping system designed to adapt to changing spaces and needs. Its versatile frame can be configured in different sizes and orientations, while the space-saving fold-away design and gas-assisted mechanism make it practical for everyday use. The modular construction also allows the system to be reconfigured or expanded over time, making it an ideal long-term solution for modern multifunctional homes.",,Super King XXL Horizontal Studio MORPHY™ Bed 200x200 Black,super-king-xxl-horizontal-studio-morphy-bed-200x200,Super King XXL Horizontal Studio MORPHY™ Bed 200x200,Super King XXL Horizontal Studio MORPHY™ Bed 200x200 - The Morphy Wall Bed is a flexible modular sleeping system designed to adapt to changi Shop now!
121,5063565765791,Small Single Vertical Integrated MORPHY™ Bed,760,1900,,874,1935,400,1930,204,524,300,Vertical,Integrated,Black,,100,,749,,,,,,,,,,MORPHY™ Beds > Vertical > Integrated,TRUE,Visible,Lifetime,"The Morphy Wall Bed is a flexible modular sleeping system designed to adapt to changing spaces and needs. Its versatile frame can be configured in different sizes and orientations, while the space-saving fold-away design and gas-assisted mechanism make it practical for everyday use. The modular construction also allows the system to be reconfigured or expanded over time, making it an ideal long-term solution for modern multifunctional homes.",,Small Single Vertical Integrated MORPHY™ Bed 76x190 Black,small-single-vertical-integrated-morphy-bed-76x190,Small Single Vertical Integrated MORPHY™ Bed 76x190,Small Single Vertical Integrated MORPHY™ Bed 76x190 - The Morphy Wall Bed is a flexible modular sleeping system designed to adapt to changin Shop now!
122,5065065717451,Small Single XL Vertical Integrated MORPHY™ Bed,800,1900,,914,1935,400,1930,204,524,300,Vertical,Integrated,Black,,100,,749,,,,,,,,,,MORPHY™ Beds > Vertical > Integrated,TRUE,Visible,Lifetime,"The Morphy Wall Bed is a flexible modular sleeping system designed to adapt to changing spaces and needs. Its versatile frame can be configured in different sizes and orientations, while the space-saving fold-away design and gas-assisted mechanism make it practical for everyday use. The modular construction also allows the system to be reconfigured or expanded over time, making it an ideal long-term solution for modern multifunctional homes.",,Small Single XL Vertical Integrated MORPHY™ Bed 80x190 Black,small-single-xl-vertical-integrated-morphy-bed-80x190,Small Single XL Vertical Integrated MORPHY™ Bed 80x190,Small Single XL Vertical Integrated MORPHY™ Bed 80x190 - The Morphy Wall Bed is a flexible modular sleeping system designed to adapt to chan Shop now!
123,5093281643764,Small Single XL Long Vertical Integrated MORPHY™ Bed,800,2000,,914,2035,400,2030,204,524,300,Vertical,Integrated,Black,,100,,749,,,,,,,,,,MORPHY™ Beds > Vertical > Integrated,TRUE,Visible,Lifetime,"The Morphy Wall Bed is a flexible modular sleeping system designed to adapt to changing spaces and needs. Its versatile frame can be configured in different sizes and orientations, while the space-saving fold-away design and gas-assisted mechanism make it practical for everyday use. The modular construction also allows the system to be reconfigured or expanded over time, making it an ideal long-term solution for modern multifunctional homes.",,Small Single XL Long Vertical Integrated MORPHY™ Bed 80x200 Black,small-single-xl-long-vertical-integrated-morphy-bed-80x200,Small Single XL Long Vertical Integrated MORPHY™ Bed 80x200,Small Single XL Long Vertical Integrated MORPHY™ Bed 80x200 - The Morphy Wall Bed is a flexible modular sleeping system designed to adapt to Shop now!
124,5013543976829,Single Vertical Integrated MORPHY™ Bed,900,1900,,1014,1935,400,1930,204,524,300,Vertical,Integrated,Black,,100,,749,,,,,,,,,,MORPHY™ Beds > Vertical > Integrated,TRUE,Visible,Lifetime,"The Morphy Wall Bed is a flexible modular sleeping system designed to adapt to changing spaces and needs. Its versatile frame can be configured in different sizes and orientations, while the space-saving fold-away design and gas-assisted mechanism make it practical for everyday use. The modular construction also allows the system to be reconfigured or expanded over time, making it an ideal long-term solution for modern multifunctional homes.",,Single Vertical Integrated MORPHY™ Bed 90x190 Black,single-vertical-integrated-morphy-bed-90x190,Single Vertical Integrated MORPHY™ Bed 90x190,Single Vertical Integrated MORPHY™ Bed 90x190 - The Morphy Wall Bed is a flexible modular sleeping system designed to adapt to changing spac Shop now!
125,5090113796749,European Single Vertical Integrated MORPHY™ Bed,900,2000,,1014,2035,400,2030,204,524,300,Vertical,Integrated,Black,,100,,749,,,,,,,,,,MORPHY™ Beds > Vertical > Integrated,TRUE,Visible,Lifetime,"The Morphy Wall Bed is a flexible modular sleeping system designed to adapt to changing spaces and needs. Its versatile frame can be configured in different sizes and orientations, while the space-saving fold-away design and gas-assisted mechanism make it practical for everyday use. The modular construction also allows the system to be reconfigured or expanded over time, making it an ideal long-term solution for modern multifunctional homes.",,European Single Vertical Integrated MORPHY™ Bed 90x200 Black,european-single-vertical-integrated-morphy-bed-90x200,European Single Vertical Integrated MORPHY™ Bed 90x200,European Single Vertical Integrated MORPHY™ Bed 90x200 - The Morphy Wall Bed is a flexible modular sleeping system designed to adapt to chan Shop now!
126,5030124378487,European Single XL Vertical Integrated MORPHY™ Bed,960,1900,,1074,1935,400,1930,204,524,300,Vertical,Integrated,Black,,100,,799,,,,,,,,,,MORPHY™ Beds > Vertical > Integrated,TRUE,Visible,Lifetime,"The Morphy Wall Bed is a flexible modular sleeping system designed to adapt to changing spaces and needs. Its versatile frame can be configured in different sizes and orientations, while the space-saving fold-away design and gas-assisted mechanism make it practical for everyday use. The modular construction also allows the system to be reconfigured or expanded over time, making it an ideal long-term solution for modern multifunctional homes.",,European Single XL Vertical Integrated MORPHY™ Bed 96x190 Black,european-single-xl-vertical-integrated-morphy-bed-96x190,European Single XL Vertical Integrated MORPHY™ Bed 96x190,European Single XL Vertical Integrated MORPHY™ Bed 96x190 - The Morphy Wall Bed is a flexible modular sleeping system designed to adapt to c Shop now!
127,5082151616479,European Single XL Long Vertical Integrated MORPHY™ Bed,960,2000,,1074,2035,400,2030,204,510,300,Vertical,Integrated,Black,,100,,799,,,,,,,,,,MORPHY™ Beds > Vertical > Integrated,TRUE,Visible,Lifetime,"The Morphy Wall Bed is a flexible modular sleeping system designed to adapt to changing spaces and needs. Its versatile frame can be configured in different sizes and orientations, while the space-saving fold-away design and gas-assisted mechanism make it practical for everyday use. The modular construction also allows the system to be reconfigured or expanded over time, making it an ideal long-term solution for modern multifunctional homes.",,European Single XL Long Vertical Integrated MORPHY™ Bed 96x200 Black,european-single-xl-long-vertical-integrated-morphy-bed-96x200,European Single XL Long Vertical Integrated MORPHY™ Bed 96x2,European Single XL Long Vertical Integrated MORPHY™ Bed 96x200 - The Morphy Wall Bed is a flexible modular sleeping system designed to adapt Shop now!
128,5045546641243,Single XL Vertical Integrated MORPHY™ Bed,1000,1900,,1114,1935,300,1930,204,524,300,Vertical,Integrated,Black,,100,,799,,,,,,,,,,MORPHY™ Beds > Vertical > Integrated,TRUE,Visible,Lifetime,"The Morphy Wall Bed is a flexible modular sleeping system designed to adapt to changing spaces and needs. Its versatile frame can be configured in different sizes and orientations, while the space-saving fold-away design and gas-assisted mechanism make it practical for everyday use. The modular construction also allows the system to be reconfigured or expanded over time, making it an ideal long-term solution for modern multifunctional homes.",,Single XL Vertical Integrated MORPHY™ Bed 100x190 Black,single-xl-vertical-integrated-morphy-bed-100x190,Single XL Vertical Integrated MORPHY™ Bed 100x190,Single XL Vertical Integrated MORPHY™ Bed 100x190 - The Morphy Wall Bed is a flexible modular sleeping system designed to adapt to changing  Shop now!
129,5035363337756,Single XL Long Vertical Integrated MORPHY™ Bed,1000,2000,,1114,2035,300,2030,204,524,300,Vertical,Integrated,Black,,100,,799,,,,,,,,,,MORPHY™ Beds > Vertical > Integrated,TRUE,Visible,Lifetime,"The Morphy Wall Bed is a flexible modular sleeping system designed to adapt to changing spaces and needs. Its versatile frame can be configured in different sizes and orientations, while the space-saving fold-away design and gas-assisted mechanism make it practical for everyday use. The modular construction also allows the system to be reconfigured or expanded over time, making it an ideal long-term solution for modern multifunctional homes.",,Single XL Long Vertical Integrated MORPHY™ Bed 100x200 Black,single-xl-long-vertical-integrated-morphy-bed-100x200,Single XL Long Vertical Integrated MORPHY™ Bed 100x200,Single XL Long Vertical Integrated MORPHY™ Bed 100x200 - The Morphy Wall Bed is a flexible modular sleeping system designed to adapt to chan Shop now!
130,5091026323089,Small Double Vertical Integrated MORPHY™ Bed,1200,1900,,1314,1935,300,1930,204,524,300,Vertical,Integrated,Black,,100,,849,,,,,,,,,,MORPHY™ Beds > Vertical > Integrated,TRUE,Visible,Lifetime,"The Morphy Wall Bed is a flexible modular sleeping system designed to adapt to changing spaces and needs. Its versatile frame can be configured in different sizes and orientations, while the space-saving fold-away design and gas-assisted mechanism make it practical for everyday use. The modular construction also allows the system to be reconfigured or expanded over time, making it an ideal long-term solution for modern multifunctional homes.",,Small Double Vertical Integrated MORPHY™ Bed 120x190 Black,small-double-vertical-integrated-morphy-bed-120x190,Small Double Vertical Integrated MORPHY™ Bed 120x190,Small Double Vertical Integrated MORPHY™ Bed 120x190 - The Morphy Wall Bed is a flexible modular sleeping system designed to adapt to changi Shop now!
131,5080066385157,European Small Double Vertical Integrated MORPHY™ Bed,1200,2000,,1314,2035,300,2030,204,524,300,Vertical,Integrated,Black,,100,,849,,,,,,,,,,MORPHY™ Beds > Vertical > Integrated,TRUE,Visible,Lifetime,"The Morphy Wall Bed is a flexible modular sleeping system designed to adapt to changing spaces and needs. Its versatile frame can be configured in different sizes and orientations, while the space-saving fold-away design and gas-assisted mechanism make it practical for everyday use. The modular construction also allows the system to be reconfigured or expanded over time, making it an ideal long-term solution for modern multifunctional homes.",,European Small Double Vertical Integrated MORPHY™ Bed 120x200 Black,european-small-double-vertical-integrated-morphy-bed-120x200,European Small Double Vertical Integrated MORPHY™ Bed 120x20,European Small Double Vertical Integrated MORPHY™ Bed 120x200 - The Morphy Wall Bed is a flexible modular sleeping system designed to adapt  Shop now!
132,5036061123030,Double Vertical Integrated MORPHY™ Bed,1350,1900,,1464,1935,300,1930,204,524,300,Vertical,Integrated,Black,,100,,899,,,,,,,,,,MORPHY™ Beds > Vertical > Integrated,TRUE,Visible,Lifetime,"The Morphy Wall Bed is a flexible modular sleeping system designed to adapt to changing spaces and needs. Its versatile frame can be configured in different sizes and orientations, while the space-saving fold-away design and gas-assisted mechanism make it practical for everyday use. The modular construction also allows the system to be reconfigured or expanded over time, making it an ideal long-term solution for modern multifunctional homes.",,Double Vertical Integrated MORPHY™ Bed 135x190 Black,double-vertical-integrated-morphy-bed-135x190,Double Vertical Integrated MORPHY™ Bed 135x190,Double Vertical Integrated MORPHY™ Bed 135x190 - The Morphy Wall Bed is a flexible modular sleeping system designed to adapt to changing spa Shop now!
133,5069990754831,European Double Vertical Integrated MORPHY™ Bed,1400,1900,,1514,1935,300,1930,204,524,300,Vertical,Integrated,Black,,100,,899,,,,,,,,,,MORPHY™ Beds > Vertical > Integrated,TRUE,Visible,Lifetime,"The Morphy Wall Bed is a flexible modular sleeping system designed to adapt to changing spaces and needs. Its versatile frame can be configured in different sizes and orientations, while the space-saving fold-away design and gas-assisted mechanism make it practical for everyday use. The modular construction also allows the system to be reconfigured or expanded over time, making it an ideal long-term solution for modern multifunctional homes.",,European Double Vertical Integrated MORPHY™ Bed 140x190 Black,european-double-vertical-integrated-morphy-bed-140x190,European Double Vertical Integrated MORPHY™ Bed 140x190,European Double Vertical Integrated MORPHY™ Bed 140x190 - The Morphy Wall Bed is a flexible modular sleeping system designed to adapt to cha Shop now!
134,5046056296305,European Double Long Vertical Integrated MORPHY™ Bed,1400,2000,,1514,2035,300,2030,204,524,300,Vertical,Integrated,Black,,100,,949,,,,,,,,,,MORPHY™ Beds > Vertical > Integrated,TRUE,Visible,Lifetime,"The Morphy Wall Bed is a flexible modular sleeping system designed to adapt to changing spaces and needs. Its versatile frame can be configured in different sizes and orientations, while the space-saving fold-away design and gas-assisted mechanism make it practical for everyday use. The modular construction also allows the system to be reconfigured or expanded over time, making it an ideal long-term solution for modern multifunctional homes.",,European Double Long Vertical Integrated MORPHY™ Bed 140x200 Black,european-double-long-vertical-integrated-morphy-bed-140x200,European Double Long Vertical Integrated MORPHY™ Bed 140x200,European Double Long Vertical Integrated MORPHY™ Bed 140x200 - The Morphy Wall Bed is a flexible modular sleeping system designed to adapt t Shop now!
135,5093635318512,King Vertical Integrated MORPHY™ Bed,1500,2000,,1614,2035,300,2030,204,524,300,Vertical,Integrated,Black,,100,,999,,,,,,,,,,MORPHY™ Beds > Vertical > Integrated,TRUE,Visible,Lifetime,"The Morphy Wall Bed is a flexible modular sleeping system designed to adapt to changing spaces and needs. Its versatile frame can be configured in different sizes and orientations, while the space-saving fold-away design and gas-assisted mechanism make it practical for everyday use. The modular construction also allows the system to be reconfigured or expanded over time, making it an ideal long-term solution for modern multifunctional homes.",,King Vertical Integrated MORPHY™ Bed 150x200 Black,king-vertical-integrated-morphy-bed-150x200,King Vertical Integrated MORPHY™ Bed 150x200,King Vertical Integrated MORPHY™ Bed 150x200 - The Morphy Wall Bed is a flexible modular sleeping system designed to adapt to changing space Shop now!
136,5009958577408,European King Vertical Integrated MORPHY™ Bed,1600,2000,,1714,2035,300,2030,204,524,300,Vertical,Integrated,Black,,100,,999,,,,,,,,,,MORPHY™ Beds > Vertical > Integrated,TRUE,Visible,Lifetime,"The Morphy Wall Bed is a flexible modular sleeping system designed to adapt to changing spaces and needs. Its versatile frame can be configured in different sizes and orientations, while the space-saving fold-away design and gas-assisted mechanism make it practical for everyday use. The modular construction also allows the system to be reconfigured or expanded over time, making it an ideal long-term solution for modern multifunctional homes.",,European King Vertical Integrated MORPHY™ Bed 160x200 Black,european-king-vertical-integrated-morphy-bed-160x200,European King Vertical Integrated MORPHY™ Bed 160x200,European King Vertical Integrated MORPHY™ Bed 160x200 - The Morphy Wall Bed is a flexible modular sleeping system designed to adapt to chang Shop now!
137,5042730834551,Super King Vertical Integrated MORPHY™ Bed,1800,2000,,1914,2035,300,2030,204,524,300,Vertical,Integrated,Black,,100,,1099,,,,,,,,,,MORPHY™ Beds > Vertical > Integrated,TRUE,Visible,Lifetime,"The Morphy Wall Bed is a flexible modular sleeping system designed to adapt to changing spaces and needs. Its versatile frame can be configured in different sizes and orientations, while the space-saving fold-away design and gas-assisted mechanism make it practical for everyday use. The modular construction also allows the system to be reconfigured or expanded over time, making it an ideal long-term solution for modern multifunctional homes.",,Super King Vertical Integrated MORPHY™ Bed 180x200 Black,super-king-vertical-integrated-morphy-bed-180x200,Super King Vertical Integrated MORPHY™ Bed 180x200,Super King Vertical Integrated MORPHY™ Bed 180x200 - The Morphy Wall Bed is a flexible modular sleeping system designed to adapt to changing Shop now!
138,5016649863089,Super King XL Vertical Integrated MORPHY™ Bed,1920,2000,,2034,2035,300,2030,204,524,300,Vertical,Integrated,Black,,100,,1149,,,,,,,,,,MORPHY™ Beds > Vertical > Integrated,TRUE,Visible,Lifetime,"The Morphy Wall Bed is a flexible modular sleeping system designed to adapt to changing spaces and needs. Its versatile frame can be configured in different sizes and orientations, while the space-saving fold-away design and gas-assisted mechanism make it practical for everyday use. The modular construction also allows the system to be reconfigured or expanded over time, making it an ideal long-term solution for modern multifunctional homes.",,Super King XL Vertical Integrated MORPHY™ Bed 192x200 Black,super-king-xl-vertical-integrated-morphy-bed-192x200,Super King XL Vertical Integrated MORPHY™ Bed 192x200,Super King XL Vertical Integrated MORPHY™ Bed 192x200 - The Morphy Wall Bed is a flexible modular sleeping system designed to adapt to chang Shop now!
139,5059774729551,Super King XXL Vertical Integrated MORPHY™ Bed,2000,2000,,2114,2035,300,2030,204,524,300,Vertical,Integrated,Black,,100,,1199,,,,,,,,,,MORPHY™ Beds > Vertical > Integrated,TRUE,Visible,Lifetime,"The Morphy Wall Bed is a flexible modular sleeping system designed to adapt to changing spaces and needs. Its versatile frame can be configured in different sizes and orientations, while the space-saving fold-away design and gas-assisted mechanism make it practical for everyday use. The modular construction also allows the system to be reconfigured or expanded over time, making it an ideal long-term solution for modern multifunctional homes.",,Super King XXL Vertical Integrated MORPHY™ Bed 200x200 Black,super-king-xxl-vertical-integrated-morphy-bed-200x200,Super King XXL Vertical Integrated MORPHY™ Bed 200x200,Super King XXL Vertical Integrated MORPHY™ Bed 200x200 - The Morphy Wall Bed is a flexible modular sleeping system designed to adapt to chan Shop now!
140,5066960716192,Small Single Horizontal Integrated MORPHY™ Bed,1900,760,,2014,795,300,790,204,524,300,Horizontal,Integrated,Black,,100,,749,,,,,,,,,,MORPHY™ Beds > Horizontal > Integrated,TRUE,Visible,Lifetime,"The Morphy Wall Bed is a flexible modular sleeping system designed to adapt to changing spaces and needs. Its versatile frame can be configured in different sizes and orientations, while the space-saving fold-away design and gas-assisted mechanism make it practical for everyday use. The modular construction also allows the system to be reconfigured or expanded over time, making it an ideal long-term solution for modern multifunctional homes.",,Small Single Horizontal Integrated MORPHY™ Bed 190x76 Black,small-single-horizontal-integrated-morphy-bed-190x76,Small Single Horizontal Integrated MORPHY™ Bed 190x76,Small Single Horizontal Integrated MORPHY™ Bed 190x76 - The Morphy Wall Bed is a flexible modular sleeping system designed to adapt to chang Shop now!
141,5096826451400,Small Single XL Horizontal Integrated MORPHY™ Bed,1900,800,,2014,835,300,830,204,524,300,Horizontal,Integrated,Black,,100,,749,,,,,,,,,,MORPHY™ Beds > Horizontal > Integrated,TRUE,Visible,Lifetime,"The Morphy Wall Bed is a flexible modular sleeping system designed to adapt to changing spaces and needs. Its versatile frame can be configured in different sizes and orientations, while the space-saving fold-away design and gas-assisted mechanism make it practical for everyday use. The modular construction also allows the system to be reconfigured or expanded over time, making it an ideal long-term solution for modern multifunctional homes.",,Small Single XL Horizontal Integrated MORPHY™ Bed 190x80 Black,small-single-xl-horizontal-integrated-morphy-bed-190x80,Small Single XL Horizontal Integrated MORPHY™ Bed 190x80,Small Single XL Horizontal Integrated MORPHY™ Bed 190x80 - The Morphy Wall Bed is a flexible modular sleeping system designed to adapt to ch Shop now!
142,5054511279659,Small Single XL Long Horizontal Integrated MORPHY™ Bed,2000,800,,2114,835,300,830,204,524,300,Horizontal,Integrated,Black,,100,,749,,,,,,,,,,MORPHY™ Beds > Horizontal > Integrated,TRUE,Visible,Lifetime,"The Morphy Wall Bed is a flexible modular sleeping system designed to adapt to changing spaces and needs. Its versatile frame can be configured in different sizes and orientations, while the space-saving fold-away design and gas-assisted mechanism make it practical for everyday use. The modular construction also allows the system to be reconfigured or expanded over time, making it an ideal long-term solution for modern multifunctional homes.",,Small Single XL Long Horizontal Integrated MORPHY™ Bed 200x80 Black,small-single-xl-long-horizontal-integrated-morphy-bed-200x80,Small Single XL Long Horizontal Integrated MORPHY™ Bed 200x8,Small Single XL Long Horizontal Integrated MORPHY™ Bed 200x80 - The Morphy Wall Bed is a flexible modular sleeping system designed to adapt  Shop now!
143,5033646168928,Single Horizontal Integrated MORPHY™ Bed,1900,900,,2014,935,300,930,204,524,300,Horizontal,Integrated,Black,,100,,749,,,,,,,,,,MORPHY™ Beds > Horizontal > Integrated,TRUE,Visible,Lifetime,"The Morphy Wall Bed is a flexible modular sleeping system designed to adapt to changing spaces and needs. Its versatile frame can be configured in different sizes and orientations, while the space-saving fold-away design and gas-assisted mechanism make it practical for everyday use. The modular construction also allows the system to be reconfigured or expanded over time, making it an ideal long-term solution for modern multifunctional homes.",,Single Horizontal Integrated MORPHY™ Bed 190x90 Black,single-horizontal-integrated-morphy-bed-190x90,Single Horizontal Integrated MORPHY™ Bed 190x90,Single Horizontal Integrated MORPHY™ Bed 190x90 - The Morphy Wall Bed is a flexible modular sleeping system designed to adapt to changing sp Shop now!
144,5005926936169,European Single Horizontal Integrated MORPHY™ Bed,2000,900,,2114,935,300,930,204,524,300,Horizontal,Integrated,Black,,100,,749,,,,,,,,,,MORPHY™ Beds > Horizontal > Integrated,TRUE,Visible,Lifetime,"The Morphy Wall Bed is a flexible modular sleeping system designed to adapt to changing spaces and needs. Its versatile frame can be configured in different sizes and orientations, while the space-saving fold-away design and gas-assisted mechanism make it practical for everyday use. The modular construction also allows the system to be reconfigured or expanded over time, making it an ideal long-term solution for modern multifunctional homes.",,European Single Horizontal Integrated MORPHY™ Bed 200x90 Black,european-single-horizontal-integrated-morphy-bed-200x90,European Single Horizontal Integrated MORPHY™ Bed 200x90,European Single Horizontal Integrated MORPHY™ Bed 200x90 - The Morphy Wall Bed is a flexible modular sleeping system designed to adapt to ch Shop now!
145,5013983826670,European Single XL Horizontal Integrated MORPHY™ Bed,1900,960,,2014,995,300,990,204,524,300,Horizontal,Integrated,Black,,100,,799,,,,,,,,,,MORPHY™ Beds > Horizontal > Integrated,TRUE,Visible,Lifetime,"The Morphy Wall Bed is a flexible modular sleeping system designed to adapt to changing spaces and needs. Its versatile frame can be configured in different sizes and orientations, while the space-saving fold-away design and gas-assisted mechanism make it practical for everyday use. The modular construction also allows the system to be reconfigured or expanded over time, making it an ideal long-term solution for modern multifunctional homes.",,European Single XL Horizontal Integrated MORPHY™ Bed 190x96 Black,european-single-xl-horizontal-integrated-morphy-bed-190x96,European Single XL Horizontal Integrated MORPHY™ Bed 190x96,European Single XL Horizontal Integrated MORPHY™ Bed 190x96 - The Morphy Wall Bed is a flexible modular sleeping system designed to adapt to Shop now!
146,5051124849887,European Single XL Long Horizontal Integrated MORPHY™ Bed,2000,960,,2114,995,300,990,204,524,300,Horizontal,Integrated,Black,,100,,799,,,,,,,,,,MORPHY™ Beds > Horizontal > Integrated,TRUE,Visible,Lifetime,"The Morphy Wall Bed is a flexible modular sleeping system designed to adapt to changing spaces and needs. Its versatile frame can be configured in different sizes and orientations, while the space-saving fold-away design and gas-assisted mechanism make it practical for everyday use. The modular construction also allows the system to be reconfigured or expanded over time, making it an ideal long-term solution for modern multifunctional homes.",,European Single XL Long Horizontal Integrated MORPHY™ Bed 200x96 Black,european-single-xl-long-horizontal-integrated-morphy-bed-200x96,European Single XL Long Horizontal Integrated MORPHY™ Bed 20,European Single XL Long Horizontal Integrated MORPHY™ Bed 200x96 - The Morphy Wall Bed is a flexible modular sleeping system designed to ada Shop now!
147,5055102800165,Single XL Horizontal Integrated MORPHY™ Bed,1900,1000,,2014,1035,300,1030,204,524,300,Horizontal,Integrated,Black,,100,,799,,,,,,,,,,MORPHY™ Beds > Horizontal > Integrated,TRUE,Visible,Lifetime,"The Morphy Wall Bed is a flexible modular sleeping system designed to adapt to changing spaces and needs. Its versatile frame can be configured in different sizes and orientations, while the space-saving fold-away design and gas-assisted mechanism make it practical for everyday use. The modular construction also allows the system to be reconfigured or expanded over time, making it an ideal long-term solution for modern multifunctional homes.",,Single XL Horizontal Integrated MORPHY™ Bed 190x100 Black,single-xl-horizontal-integrated-morphy-bed-190x100,Single XL Horizontal Integrated MORPHY™ Bed 190x100,Single XL Horizontal Integrated MORPHY™ Bed 190x100 - The Morphy Wall Bed is a flexible modular sleeping system designed to adapt to changin Shop now!
148,5073203902083,Single XL Long Horizontal Integrated MORPHY™ Bed,2000,1000,,2114,1035,300,1030,204,524,300,Horizontal,Integrated,Black,,100,,799,,,,,,,,,,MORPHY™ Beds > Horizontal > Integrated,TRUE,Visible,Lifetime,"The Morphy Wall Bed is a flexible modular sleeping system designed to adapt to changing spaces and needs. Its versatile frame can be configured in different sizes and orientations, while the space-saving fold-away design and gas-assisted mechanism make it practical for everyday use. The modular construction also allows the system to be reconfigured or expanded over time, making it an ideal long-term solution for modern multifunctional homes.",,Single XL Long Horizontal Integrated MORPHY™ Bed 200x100 Black,single-xl-long-horizontal-integrated-morphy-bed-200x100,Single XL Long Horizontal Integrated MORPHY™ Bed 200x100,Single XL Long Horizontal Integrated MORPHY™ Bed 200x100 - The Morphy Wall Bed is a flexible modular sleeping system designed to adapt to ch Shop now!
149,5084737794465,Small Double Horizontal Integrated MORPHY™ Bed,1900,1200,,2014,1035,300,1230,204,524,300,Horizontal,Integrated,Black,,100,,849,,,,,,,,,,MORPHY™ Beds > Horizontal > Integrated,TRUE,Visible,Lifetime,"The Morphy Wall Bed is a flexible modular sleeping system designed to adapt to changing spaces and needs. Its versatile frame can be configured in different sizes and orientations, while the space-saving fold-away design and gas-assisted mechanism make it practical for everyday use. The modular construction also allows the system to be reconfigured or expanded over time, making it an ideal long-term solution for modern multifunctional homes.",,Small Double Horizontal Integrated MORPHY™ Bed 190x120 Black,small-double-horizontal-integrated-morphy-bed-190x120,Small Double Horizontal Integrated MORPHY™ Bed 190x120,Small Double Horizontal Integrated MORPHY™ Bed 190x120 - The Morphy Wall Bed is a flexible modular sleeping system designed to adapt to chan Shop now!
150,5029936161057,European Small Double Horizontal Integrated MORPHY™ Bed,2000,1200,,2114,1235,300,1230,204,524,300,Horizontal,Integrated,Black,,100,,849,,,,,,,,,,MORPHY™ Beds > Horizontal > Integrated,TRUE,Visible,Lifetime,"The Morphy Wall Bed is a flexible modular sleeping system designed to adapt to changing spaces and needs. Its versatile frame can be configured in different sizes and orientations, while the space-saving fold-away design and gas-assisted mechanism make it practical for everyday use. The modular construction also allows the system to be reconfigured or expanded over time, making it an ideal long-term solution for modern multifunctional homes.",,European Small Double Horizontal Integrated MORPHY™ Bed 200x120 Black,european-small-double-horizontal-integrated-morphy-bed-200x120,European Small Double Horizontal Integrated MORPHY™ Bed 200x,European Small Double Horizontal Integrated MORPHY™ Bed 200x120 - The Morphy Wall Bed is a flexible modular sleeping system designed to adap Shop now!
151,5030487744941,Double Horizontal Integrated MORPHY™ Bed,1900,1350,,2014,1385,300,1380,204,524,300,Horizontal,Integrated,Black,,100,,899,,,,,,,,,,MORPHY™ Beds > Horizontal > Integrated,TRUE,Visible,Lifetime,"The Morphy Wall Bed is a flexible modular sleeping system designed to adapt to changing spaces and needs. Its versatile frame can be configured in different sizes and orientations, while the space-saving fold-away design and gas-assisted mechanism make it practical for everyday use. The modular construction also allows the system to be reconfigured or expanded over time, making it an ideal long-term solution for modern multifunctional homes.",,Double Horizontal Integrated MORPHY™ Bed 190x135 Black,double-horizontal-integrated-morphy-bed-190x135,Double Horizontal Integrated MORPHY™ Bed 190x135,Double Horizontal Integrated MORPHY™ Bed 190x135 - The Morphy Wall Bed is a flexible modular sleeping system designed to adapt to changing s Shop now!
152,5023956624009,European Double Horizontal Integrated MORPHY™ Bed,1900,1400,,2014,1435,300,1430,204,524,300,Horizontal,Integrated,Black,,100,,899,,,,,,,,,,MORPHY™ Beds > Horizontal > Integrated,TRUE,Visible,Lifetime,"The Morphy Wall Bed is a flexible modular sleeping system designed to adapt to changing spaces and needs. Its versatile frame can be configured in different sizes and orientations, while the space-saving fold-away design and gas-assisted mechanism make it practical for everyday use. The modular construction also allows the system to be reconfigured or expanded over time, making it an ideal long-term solution for modern multifunctional homes.",,European Double Horizontal Integrated MORPHY™ Bed 190x140 Black,european-double-horizontal-integrated-morphy-bed-190x140,European Double Horizontal Integrated MORPHY™ Bed 190x140,European Double Horizontal Integrated MORPHY™ Bed 190x140 - The Morphy Wall Bed is a flexible modular sleeping system designed to adapt to c Shop now!
153,5074541648471,European Double Long Horizontal Integrated MORPHY™ Bed,2000,1400,,2114,1435,300,1430,204,524,300,Horizontal,Integrated,Black,,100,,949,,,,,,,,,,MORPHY™ Beds > Horizontal > Integrated,TRUE,Visible,Lifetime,"The Morphy Wall Bed is a flexible modular sleeping system designed to adapt to changing spaces and needs. Its versatile frame can be configured in different sizes and orientations, while the space-saving fold-away design and gas-assisted mechanism make it practical for everyday use. The modular construction also allows the system to be reconfigured or expanded over time, making it an ideal long-term solution for modern multifunctional homes.",,European Double Long Horizontal Integrated MORPHY™ Bed 200x140 Black,european-double-long-horizontal-integrated-morphy-bed-200x140,European Double Long Horizontal Integrated MORPHY™ Bed 200x1,European Double Long Horizontal Integrated MORPHY™ Bed 200x140 - The Morphy Wall Bed is a flexible modular sleeping system designed to adapt Shop now!
154,5044546171595,King Horizontal Integrated MORPHY™ Bed,2000,1500,,2114,1535,300,1530,204,524,300,Horizontal,Integrated,Black,,100,,999,,,,,,,,,,MORPHY™ Beds > Horizontal > Integrated,TRUE,Visible,Lifetime,"The Morphy Wall Bed is a flexible modular sleeping system designed to adapt to changing spaces and needs. Its versatile frame can be configured in different sizes and orientations, while the space-saving fold-away design and gas-assisted mechanism make it practical for everyday use. The modular construction also allows the system to be reconfigured or expanded over time, making it an ideal long-term solution for modern multifunctional homes.",,King Horizontal Integrated MORPHY™ Bed 200x150 Black,king-horizontal-integrated-morphy-bed-200x150,King Horizontal Integrated MORPHY™ Bed 200x150,King Horizontal Integrated MORPHY™ Bed 200x150 - The Morphy Wall Bed is a flexible modular sleeping system designed to adapt to changing spa Shop now!
155,5038600910071,European King Horizontal Integrated MORPHY™ Bed,2000,1600,,2114,1635,300,1630,204,524,300,Horizontal,Integrated,Black,,100,,999,,,,,,,,,,MORPHY™ Beds > Horizontal > Integrated,TRUE,Visible,Lifetime,"The Morphy Wall Bed is a flexible modular sleeping system designed to adapt to changing spaces and needs. Its versatile frame can be configured in different sizes and orientations, while the space-saving fold-away design and gas-assisted mechanism make it practical for everyday use. The modular construction also allows the system to be reconfigured or expanded over time, making it an ideal long-term solution for modern multifunctional homes.",,European King Horizontal Integrated MORPHY™ Bed 200x160 Black,european-king-horizontal-integrated-morphy-bed-200x160,European King Horizontal Integrated MORPHY™ Bed 200x160,European King Horizontal Integrated MORPHY™ Bed 200x160 - The Morphy Wall Bed is a flexible modular sleeping system designed to adapt to cha Shop now!
156,5092529027689,Super King Horizontal Integrated MORPHY™ Bed,2000,1800,,2114,1835,300,1830,204,524,300,Horizontal,Integrated,Black,,100,,1099,,,,,,,,,,MORPHY™ Beds > Horizontal > Integrated,TRUE,Visible,Lifetime,"The Morphy Wall Bed is a flexible modular sleeping system designed to adapt to changing spaces and needs. Its versatile frame can be configured in different sizes and orientations, while the space-saving fold-away design and gas-assisted mechanism make it practical for everyday use. The modular construction also allows the system to be reconfigured or expanded over time, making it an ideal long-term solution for modern multifunctional homes.",,Super King Horizontal Integrated MORPHY™ Bed 200x180 Black,super-king-horizontal-integrated-morphy-bed-200x180,Super King Horizontal Integrated MORPHY™ Bed 200x180,Super King Horizontal Integrated MORPHY™ Bed 200x180 - The Morphy Wall Bed is a flexible modular sleeping system designed to adapt to changi Shop now!
157,5053431303746,Super King XL Horizontal Integrated MORPHY™ Bed,2000,1920,,2114,1955,300,1950,204,524,300,Horizontal,Integrated,Black,,100,,1149,,,,,,,,,,MORPHY™ Beds > Horizontal > Integrated,TRUE,Visible,Lifetime,"The Morphy Wall Bed is a flexible modular sleeping system designed to adapt to changing spaces and needs. Its versatile frame can be configured in different sizes and orientations, while the space-saving fold-away design and gas-assisted mechanism make it practical for everyday use. The modular construction also allows the system to be reconfigured or expanded over time, making it an ideal long-term solution for modern multifunctional homes.",,Super King XL Horizontal Integrated MORPHY™ Bed 200x192 Black,super-king-xl-horizontal-integrated-morphy-bed-200x192,Super King XL Horizontal Integrated MORPHY™ Bed 200x192,Super King XL Horizontal Integrated MORPHY™ Bed 200x192 - The Morphy Wall Bed is a flexible modular sleeping system designed to adapt to cha Shop now!
158,5002452410935,Super King XXL Horizontal Integrated MORPHY™ Bed,2000,2000,,2114,2035,300,2030,204,524,300,Horizontal,Integrated,Black,,100,,1199,,,,,,,,,,MORPHY™ Beds > Horizontal > Integrated,TRUE,Visible,Lifetime,"The Morphy Wall Bed is a flexible modular sleeping system designed to adapt to changing spaces and needs. Its versatile frame can be configured in different sizes and orientations, while the space-saving fold-away design and gas-assisted mechanism make it practical for everyday use. The modular construction also allows the system to be reconfigured or expanded over time, making it an ideal long-term solution for modern multifunctional homes.",,Super King XXL Horizontal Integrated MORPHY™ Bed 200x200 Black,super-king-xxl-horizontal-integrated-morphy-bed-200x200,Super King XXL Horizontal Integrated MORPHY™ Bed 200x200,Super King XXL Horizontal Integrated MORPHY™ Bed 200x200 - The Morphy Wall Bed is a flexible modular sleeping system designed to adapt to ch Shop now!
159,5019748504398,Sofa 800 Bed Front,808,867,766,,,,,,,,,Bed Front,Beige,,100,,499,,,,,,,,,,Sofas > Bed Front,FALSE,Visible,,"The Morphy Sofa is a flexible modular seating system that can be configured to suit a wide range of spaces, from compact armchairs and two-seaters to larger corner or U-shaped arrangements. Its durable construction, removable upholstery and adaptable modular design make it easy to expand, rearrange and maintain over time. It is an ideal choice for modern homes where comfort, flexibility and efficient use of space are equally important.",,"Sofa 800 Bed Front 80,8x86,7 Beige",sofa-800-bed-front-80-8x86-7,"Sofa 800 Bed Front 80,8x86,7","Sofa 800 Bed Front 80,8x86,7 - The Morphy Sofa is a flexible modular seating system that can be configured to suit a wide range of spaces, f Shop now!"
160,5078135884920,Sofa 1000 Bed Front,1008,867,766,,,,,,,,,Bed Front,Beige,,100,,499,,,,,,,,,,Sofas > Bed Front,FALSE,Visible,,"The Morphy Sofa is a flexible modular seating system that can be configured to suit a wide range of spaces, from compact armchairs and two-seaters to larger corner or U-shaped arrangements. Its durable construction, removable upholstery and adaptable modular design make it easy to expand, rearrange and maintain over time. It is an ideal choice for modern homes where comfort, flexibility and efficient use of space are equally important.",,"Sofa 1000 Bed Front 100,8x86,7 Beige",sofa-1000-bed-front-100-8x86-7,"Sofa 1000 Bed Front 100,8x86,7","Sofa 1000 Bed Front 100,8x86,7 - The Morphy Sofa is a flexible modular seating system that can be configured to suit a wide range of spaces, Shop now!"
161,5083773655908,Sofa 1200 Bed Front,1208,867,766,,,,,,,,,Bed Front,Beige,,100,,499,,,,,,,,,,Sofas > Bed Front,FALSE,Visible,,"The Morphy Sofa is a flexible modular seating system that can be configured to suit a wide range of spaces, from compact armchairs and two-seaters to larger corner or U-shaped arrangements. Its durable construction, removable upholstery and adaptable modular design make it easy to expand, rearrange and maintain over time. It is an ideal choice for modern homes where comfort, flexibility and efficient use of space are equally important.",,"Sofa 1200 Bed Front 120,8x86,7 Beige",sofa-1200-bed-front-120-8x86-7,"Sofa 1200 Bed Front 120,8x86,7","Sofa 1200 Bed Front 120,8x86,7 - The Morphy Sofa is a flexible modular seating system that can be configured to suit a wide range of spaces, Shop now!"
162,5083188008997,Sofa 1400 Bed Front,1408,867,766,,,,,,,,,Bed Front,Beige,,100,,499,,,,,,,,,,Sofas > Bed Front,FALSE,Visible,,"The Morphy Sofa is a flexible modular seating system that can be configured to suit a wide range of spaces, from compact armchairs and two-seaters to larger corner or U-shaped arrangements. Its durable construction, removable upholstery and adaptable modular design make it easy to expand, rearrange and maintain over time. It is an ideal choice for modern homes where comfort, flexibility and efficient use of space are equally important.",,"Sofa 1400 Bed Front 140,8x86,7 Beige",sofa-1400-bed-front-140-8x86-7,"Sofa 1400 Bed Front 140,8x86,7","Sofa 1400 Bed Front 140,8x86,7 - The Morphy Sofa is a flexible modular seating system that can be configured to suit a wide range of spaces, Shop now!"
163,5035012056868,Sofa Corner Seat Bed Front,867,867,766,,,,,,,,,Bed Front,Beige,,100,,499,,,,,,,,,,Sofas > Bed Front,FALSE,Visible,,"The Morphy Sofa is a flexible modular seating system that can be configured to suit a wide range of spaces, from compact armchairs and two-seaters to larger corner or U-shaped arrangements. Its durable construction, removable upholstery and adaptable modular design make it easy to expand, rearrange and maintain over time. It is an ideal choice for modern homes where comfort, flexibility and efficient use of space are equally important.",,"Sofa Corner Seat Bed Front 86,7x86,7 Beige",sofa-corner-seat-bed-front-86-7x86-7,"Sofa Corner Seat Bed Front 86,7x86,7","Sofa Corner Seat Bed Front 86,7x86,7 - The Morphy Sofa is a flexible modular seating system that can be configured to suit a wide range of s Shop now!"
164,5065566895350,Sofa Base Module 800 Bed Front,812,812,385,,,,,,,,,Bed Front,Beige,,100,,499,,,,,,,,,,Sofas > Bed Front,FALSE,Visible,,"The Morphy Sofa is a flexible modular seating system that can be configured to suit a wide range of spaces, from compact armchairs and two-seaters to larger corner or U-shaped arrangements. Its durable construction, removable upholstery and adaptable modular design make it easy to expand, rearrange and maintain over time. It is an ideal choice for modern homes where comfort, flexibility and efficient use of space are equally important.",,"Sofa Base Module 800 Bed Front 81,2x81,2 Beige",sofa-base-module-800-bed-front-81-2x81-2,"Sofa Base Module 800 Bed Front 81,2x81,2","Sofa Base Module 800 Bed Front 81,2x81,2 - The Morphy Sofa is a flexible modular seating system that can be configured to suit a wide range  Shop now!"
165,5015394200527,Sofa Base Module 600 Bed Front,612,812,385,,,,,,,,,Bed Front,Beige,,100,,499,,,,,,,,,,Sofas > Bed Front,FALSE,Visible,,"The Morphy Sofa is a flexible modular seating system that can be configured to suit a wide range of spaces, from compact armchairs and two-seaters to larger corner or U-shaped arrangements. Its durable construction, removable upholstery and adaptable modular design make it easy to expand, rearrange and maintain over time. It is an ideal choice for modern homes where comfort, flexibility and efficient use of space are equally important.",,"Sofa Base Module 600 Bed Front 61,2x81,2 Beige",sofa-base-module-600-bed-front-61-2x81-2,"Sofa Base Module 600 Bed Front 61,2x81,2","Sofa Base Module 600 Bed Front 61,2x81,2 - The Morphy Sofa is a flexible modular seating system that can be configured to suit a wide range  Shop now!"
166,5022150671757,Sofa Armrest Bed Front,688,62,480,,,,,,,,,Bed Front,Beige,,100,,499,,,,,,,,,,Sofas > Bed Front,FALSE,Visible,,"The Morphy Sofa is a flexible modular seating system that can be configured to suit a wide range of spaces, from compact armchairs and two-seaters to larger corner or U-shaped arrangements. Its durable construction, removable upholstery and adaptable modular design make it easy to expand, rearrange and maintain over time. It is an ideal choice for modern homes where comfort, flexibility and efficient use of space are equally important.",,"Sofa Armrest Bed Front 68,8x6,2 Beige",sofa-armrest-bed-front-68-8x6-2,"Sofa Armrest Bed Front 68,8x6,2","Sofa Armrest Bed Front 68,8x6,2 - The Morphy Sofa is a flexible modular seating system that can be configured to suit a wide range of spaces Shop now!"
167,5089221464970,Sofa 800 Free Standing,872,834,477,,,,,,,,,Free Standing,Beige,,100,,499,,,,,,,,,,Sofas > Free Standing,FALSE,Visible,,"The Morphy Sofa is a flexible modular seating system that can be configured to suit a wide range of spaces, from compact armchairs and two-seaters to larger corner or U-shaped arrangements. Its durable construction, removable upholstery and adaptable modular design make it easy to expand, rearrange and maintain over time. It is an ideal choice for modern homes where comfort, flexibility and efficient use of space are equally important.",,"Sofa 800 Free Standing 87,2x83,4 Beige",sofa-800-free-standing-87-2x83-4,"Sofa 800 Free Standing 87,2x83,4","Sofa 800 Free Standing 87,2x83,4 - The Morphy Sofa is a flexible modular seating system that can be configured to suit a wide range of space Shop now!"
168,5017087613522,Sofa 1000 Free Standing,1072,834,766,,,,,,,,,Free Standing,Beige,,100,,499,,,,,,,,,,Sofas > Free Standing,FALSE,Visible,,"The Morphy Sofa is a flexible modular seating system that can be configured to suit a wide range of spaces, from compact armchairs and two-seaters to larger corner or U-shaped arrangements. Its durable construction, removable upholstery and adaptable modular design make it easy to expand, rearrange and maintain over time. It is an ideal choice for modern homes where comfort, flexibility and efficient use of space are equally important.",,"Sofa 1000 Free Standing 107,2x83,4 Beige",sofa-1000-free-standing-107-2x83-4,"Sofa 1000 Free Standing 107,2x83,4","Sofa 1000 Free Standing 107,2x83,4 - The Morphy Sofa is a flexible modular seating system that can be configured to suit a wide range of spa Shop now!"
169,5020289082406,Sofa 1200 Free Standing,1272,834,766,,,,,,,,,Free Standing,Beige,,100,,499,,,,,,,,,,Sofas > Free Standing,FALSE,Visible,,"The Morphy Sofa is a flexible modular seating system that can be configured to suit a wide range of spaces, from compact armchairs and two-seaters to larger corner or U-shaped arrangements. Its durable construction, removable upholstery and adaptable modular design make it easy to expand, rearrange and maintain over time. It is an ideal choice for modern homes where comfort, flexibility and efficient use of space are equally important.",,"Sofa 1200 Free Standing 127,2x83,4 Beige",sofa-1200-free-standing-127-2x83-4,"Sofa 1200 Free Standing 127,2x83,4","Sofa 1200 Free Standing 127,2x83,4 - The Morphy Sofa is a flexible modular seating system that can be configured to suit a wide range of spa Shop now!"
170,5086980127267,Sofa 1400 Free Standing,1472,834,766,,,,,,,,,Free Standing,Beige,,100,,499,,,,,,,,,,Sofas > Free Standing,FALSE,Visible,,"The Morphy Sofa is a flexible modular seating system that can be configured to suit a wide range of spaces, from compact armchairs and two-seaters to larger corner or U-shaped arrangements. Its durable construction, removable upholstery and adaptable modular design make it easy to expand, rearrange and maintain over time. It is an ideal choice for modern homes where comfort, flexibility and efficient use of space are equally important.",,"Sofa 1400 Free Standing 147,2x83,4 Beige",sofa-1400-free-standing-147-2x83-4,"Sofa 1400 Free Standing 147,2x83,4","Sofa 1400 Free Standing 147,2x83,4 - The Morphy Sofa is a flexible modular seating system that can be configured to suit a wide range of spa Shop now!"
171,5095589194328,Sofa 800 Bed Front,808,867,766,,,,,,,,,Bed Front,Grey,,100,,499,,,,,,,,,,Sofas > Bed Front,FALSE,Visible,,"The Morphy Sofa is a flexible modular seating system that can be configured to suit a wide range of spaces, from compact armchairs and two-seaters to larger corner or U-shaped arrangements. Its durable construction, removable upholstery and adaptable modular design make it easy to expand, rearrange and maintain over time. It is an ideal choice for modern homes where comfort, flexibility and efficient use of space are equally important.",,"Sofa 800 Bed Front 80,8x86,7 Grey",sofa-800-bed-front-80-8x86-7,"Sofa 800 Bed Front 80,8x86,7","Sofa 800 Bed Front 80,8x86,7 - The Morphy Sofa is a flexible modular seating system that can be configured to suit a wide range of spaces, f Shop now!"
172,5091350812185,Sofa 1000 Bed Front,1008,867,766,,,,,,,,,Bed Front,Grey,,100,,499,,,,,,,,,,Sofas > Bed Front,FALSE,Visible,,"The Morphy Sofa is a flexible modular seating system that can be configured to suit a wide range of spaces, from compact armchairs and two-seaters to larger corner or U-shaped arrangements. Its durable construction, removable upholstery and adaptable modular design make it easy to expand, rearrange and maintain over time. It is an ideal choice for modern homes where comfort, flexibility and efficient use of space are equally important.",,"Sofa 1000 Bed Front 100,8x86,7 Grey",sofa-1000-bed-front-100-8x86-7,"Sofa 1000 Bed Front 100,8x86,7","Sofa 1000 Bed Front 100,8x86,7 - The Morphy Sofa is a flexible modular seating system that can be configured to suit a wide range of spaces, Shop now!"
173,5010161949153,Sofa 1200 Bed Front,1208,867,766,,,,,,,,,Bed Front,Grey,,100,,499,,,,,,,,,,Sofas > Bed Front,FALSE,Visible,,"The Morphy Sofa is a flexible modular seating system that can be configured to suit a wide range of spaces, from compact armchairs and two-seaters to larger corner or U-shaped arrangements. Its durable construction, removable upholstery and adaptable modular design make it easy to expand, rearrange and maintain over time. It is an ideal choice for modern homes where comfort, flexibility and efficient use of space are equally important.",,"Sofa 1200 Bed Front 120,8x86,7 Grey",sofa-1200-bed-front-120-8x86-7,"Sofa 1200 Bed Front 120,8x86,7","Sofa 1200 Bed Front 120,8x86,7 - The Morphy Sofa is a flexible modular seating system that can be configured to suit a wide range of spaces, Shop now!"
174,5082033957769,Sofa 1400 Bed Front,1408,867,766,,,,,,,,,Bed Front,Grey,,100,,499,,,,,,,,,,Sofas > Bed Front,FALSE,Visible,,"The Morphy Sofa is a flexible modular seating system that can be configured to suit a wide range of spaces, from compact armchairs and two-seaters to larger corner or U-shaped arrangements. Its durable construction, removable upholstery and adaptable modular design make it easy to expand, rearrange and maintain over time. It is an ideal choice for modern homes where comfort, flexibility and efficient use of space are equally important.",,"Sofa 1400 Bed Front 140,8x86,7 Grey",sofa-1400-bed-front-140-8x86-7,"Sofa 1400 Bed Front 140,8x86,7","Sofa 1400 Bed Front 140,8x86,7 - The Morphy Sofa is a flexible modular seating system that can be configured to suit a wide range of spaces, Shop now!"
175,5022560464132,Sofa Corner Seat Bed Front,867,867,766,,,,,,,,,Bed Front,Grey,,100,,499,,,,,,,,,,Sofas > Bed Front,FALSE,Visible,,"The Morphy Sofa is a flexible modular seating system that can be configured to suit a wide range of spaces, from compact armchairs and two-seaters to larger corner or U-shaped arrangements. Its durable construction, removable upholstery and adaptable modular design make it easy to expand, rearrange and maintain over time. It is an ideal choice for modern homes where comfort, flexibility and efficient use of space are equally important.",,"Sofa Corner Seat Bed Front 86,7x86,7 Grey",sofa-corner-seat-bed-front-86-7x86-7,"Sofa Corner Seat Bed Front 86,7x86,7","Sofa Corner Seat Bed Front 86,7x86,7 - The Morphy Sofa is a flexible modular seating system that can be configured to suit a wide range of s Shop now!"
176,5067885787036,Sofa Base Module 800 Bed Front,812,812,385,,,,,,,,,Bed Front,Grey,,100,,499,,,,,,,,,,Sofas > Bed Front,FALSE,Visible,,"The Morphy Sofa is a flexible modular seating system that can be configured to suit a wide range of spaces, from compact armchairs and two-seaters to larger corner or U-shaped arrangements. Its durable construction, removable upholstery and adaptable modular design make it easy to expand, rearrange and maintain over time. It is an ideal choice for modern homes where comfort, flexibility and efficient use of space are equally important.",,"Sofa Base Module 800 Bed Front 81,2x81,2 Grey",sofa-base-module-800-bed-front-81-2x81-2,"Sofa Base Module 800 Bed Front 81,2x81,2","Sofa Base Module 800 Bed Front 81,2x81,2 - The Morphy Sofa is a flexible modular seating system that can be configured to suit a wide range  Shop now!"
177,5019186132536,Sofa Base Module 600 Bed Front,612,812,385,,,,,,,,,Bed Front,Grey,,100,,499,,,,,,,,,,Sofas > Bed Front,FALSE,Visible,,"The Morphy Sofa is a flexible modular seating system that can be configured to suit a wide range of spaces, from compact armchairs and two-seaters to larger corner or U-shaped arrangements. Its durable construction, removable upholstery and adaptable modular design make it easy to expand, rearrange and maintain over time. It is an ideal choice for modern homes where comfort, flexibility and efficient use of space are equally important.",,"Sofa Base Module 600 Bed Front 61,2x81,2 Grey",sofa-base-module-600-bed-front-61-2x81-2,"Sofa Base Module 600 Bed Front 61,2x81,2","Sofa Base Module 600 Bed Front 61,2x81,2 - The Morphy Sofa is a flexible modular seating system that can be configured to suit a wide range  Shop now!"
178,5078328161981,Sofa Armrest Bed Front,688,62,480,,,,,,,,,Bed Front,Grey,,100,,499,,,,,,,,,,Sofas > Bed Front,FALSE,Visible,,"The Morphy Sofa is a flexible modular seating system that can be configured to suit a wide range of spaces, from compact armchairs and two-seaters to larger corner or U-shaped arrangements. Its durable construction, removable upholstery and adaptable modular design make it easy to expand, rearrange and maintain over time. It is an ideal choice for modern homes where comfort, flexibility and efficient use of space are equally important.",,"Sofa Armrest Bed Front 68,8x6,2 Grey",sofa-armrest-bed-front-68-8x6-2,"Sofa Armrest Bed Front 68,8x6,2","Sofa Armrest Bed Front 68,8x6,2 - The Morphy Sofa is a flexible modular seating system that can be configured to suit a wide range of spaces Shop now!"
179,5004156879427,Sofa 800 Free Standing,872,834,477,,,,,,,,,Free Standing,Grey,,100,,499,,,,,,,,,,Sofas > Free Standing,FALSE,Visible,,"The Morphy Sofa is a flexible modular seating system that can be configured to suit a wide range of spaces, from compact armchairs and two-seaters to larger corner or U-shaped arrangements. Its durable construction, removable upholstery and adaptable modular design make it easy to expand, rearrange and maintain over time. It is an ideal choice for modern homes where comfort, flexibility and efficient use of space are equally important.",,"Sofa 800 Free Standing 87,2x83,4 Grey",sofa-800-free-standing-87-2x83-4,"Sofa 800 Free Standing 87,2x83,4","Sofa 800 Free Standing 87,2x83,4 - The Morphy Sofa is a flexible modular seating system that can be configured to suit a wide range of space Shop now!"
180,5081612033219,Sofa 1000 Free Standing,1072,834,766,,,,,,,,,Free Standing,Grey,,100,,499,,,,,,,,,,Sofas > Free Standing,FALSE,Visible,,"The Morphy Sofa is a flexible modular seating system that can be configured to suit a wide range of spaces, from compact armchairs and two-seaters to larger corner or U-shaped arrangements. Its durable construction, removable upholstery and adaptable modular design make it easy to expand, rearrange and maintain over time. It is an ideal choice for modern homes where comfort, flexibility and efficient use of space are equally important.",,"Sofa 1000 Free Standing 107,2x83,4 Grey",sofa-1000-free-standing-107-2x83-4,"Sofa 1000 Free Standing 107,2x83,4","Sofa 1000 Free Standing 107,2x83,4 - The Morphy Sofa is a flexible modular seating system that can be configured to suit a wide range of spa Shop now!"
181,5001677798358,Sofa 1200 Free Standing,1272,834,766,,,,,,,,,Free Standing,Grey,,100,,499,,,,,,,,,,Sofas > Free Standing,FALSE,Visible,,"The Morphy Sofa is a flexible modular seating system that can be configured to suit a wide range of spaces, from compact armchairs and two-seaters to larger corner or U-shaped arrangements. Its durable construction, removable upholstery and adaptable modular design make it easy to expand, rearrange and maintain over time. It is an ideal choice for modern homes where comfort, flexibility and efficient use of space are equally important.",,"Sofa 1200 Free Standing 127,2x83,4 Grey",sofa-1200-free-standing-127-2x83-4,"Sofa 1200 Free Standing 127,2x83,4","Sofa 1200 Free Standing 127,2x83,4 - The Morphy Sofa is a flexible modular seating system that can be configured to suit a wide range of spa Shop now!"
182,5081250181155,Sofa 1400 Free Standing,1472,834,766,,,,,,,,,Free Standing,Grey,,100,,499,,,,,,,,,,Sofas > Free Standing,FALSE,Visible,,"The Morphy Sofa is a flexible modular seating system that can be configured to suit a wide range of spaces, from compact armchairs and two-seaters to larger corner or U-shaped arrangements. Its durable construction, removable upholstery and adaptable modular design make it easy to expand, rearrange and maintain over time. It is an ideal choice for modern homes where comfort, flexibility and efficient use of space are equally important.",,"Sofa 1400 Free Standing 147,2x83,4 Grey",sofa-1400-free-standing-147-2x83-4,"Sofa 1400 Free Standing 147,2x83,4","Sofa 1400 Free Standing 147,2x83,4 - The Morphy Sofa is a flexible modular seating system that can be configured to suit a wide range of spa Shop now!"
183,5013938608196,Single Comfort Mattress,900,1900,200,,,,,,,,,Comfort,White,,100,,399,,,,100,,,299,,,Mattresses > Comfort,TRUE,Visible,1 year for manufacturing defects,"Our Mattress Range is designed to provide the perfect balance of comfort, support and practicality for modern wall bed systems. Available in a variety of sizes and comfort options, these mattresses are suitable for both occasional guests and regular everyday sleeping. Carefully selected materials provide comfortable pressure relief and reliable support, while the wall-bed-friendly dimensions allow the mattress to remain conveniently in place when the bed is folded away. A practical and comfortable choice for creating a complete space-saving sleeping solution.",,Single Comfort Mattress 90x190x20 White,single-comfort-mattress-90x190x20,Single Comfort Mattress 90x190x20,"Single Comfort Mattress 90x190x20 - Our Mattress Range is designed to provide the perfect balance of comfort, support and practicality for m Shop now!"
184,5000827581201,Small double Comfort Mattress,1200,1900,200,,,,,,,,,Comfort,White,,100,,449,,,,120,,,329,,,Mattresses > Comfort,TRUE,Visible,1 year for manufacturing defects,"Our Mattress Range is designed to provide the perfect balance of comfort, support and practicality for modern wall bed systems. Available in a variety of sizes and comfort options, these mattresses are suitable for both occasional guests and regular everyday sleeping. Carefully selected materials provide comfortable pressure relief and reliable support, while the wall-bed-friendly dimensions allow the mattress to remain conveniently in place when the bed is folded away. A practical and comfortable choice for creating a complete space-saving sleeping solution.",,Small double Comfort Mattress 120x190x20 White,small-double-comfort-mattress-120x190x20,Small double Comfort Mattress 120x190x20,"Small double Comfort Mattress 120x190x20 - Our Mattress Range is designed to provide the perfect balance of comfort, support and practicalit Shop now!"
185,5089775919234,Double Comfort Mattress,1350,1900,200,,,,,,,,,Comfort,White,,100,,449,,,,120,,,329,,,Mattresses > Comfort,TRUE,Visible,1 year for manufacturing defects,"Our Mattress Range is designed to provide the perfect balance of comfort, support and practicality for modern wall bed systems. Available in a variety of sizes and comfort options, these mattresses are suitable for both occasional guests and regular everyday sleeping. Carefully selected materials provide comfortable pressure relief and reliable support, while the wall-bed-friendly dimensions allow the mattress to remain conveniently in place when the bed is folded away. A practical and comfortable choice for creating a complete space-saving sleeping solution.",,Double Comfort Mattress 135x190x20 White,double-comfort-mattress-135x190x20,Double Comfort Mattress 135x190x20,"Double Comfort Mattress 135x190x20 - Our Mattress Range is designed to provide the perfect balance of comfort, support and practicality for  Shop now!"
186,5016418528338,King Comfort Mattress,1500,2000,200,,,,,,,,,Comfort,White,,100,,499,,,,140,,,359,,,Mattresses > Comfort,TRUE,Visible,1 year for manufacturing defects,"Our Mattress Range is designed to provide the perfect balance of comfort, support and practicality for modern wall bed systems. Available in a variety of sizes and comfort options, these mattresses are suitable for both occasional guests and regular everyday sleeping. Carefully selected materials provide comfortable pressure relief and reliable support, while the wall-bed-friendly dimensions allow the mattress to remain conveniently in place when the bed is folded away. A practical and comfortable choice for creating a complete space-saving sleeping solution.",,King Comfort Mattress 150x200x20 White,king-comfort-mattress-150x200x20,King Comfort Mattress 150x200x20,"King Comfort Mattress 150x200x20 - Our Mattress Range is designed to provide the perfect balance of comfort, support and practicality for mo Shop now!"
187,5099682930747,Single Luxury Mattress,900,1900,250,,,,,,,,,Luxury,White,,100,,499,,,,140,,,364,,,Mattresses > Luxury,TRUE,Visible,1 year for manufacturing defects,"Our Mattress Range is designed to provide the perfect balance of comfort, support and practicality for modern wall bed systems. Available in a variety of sizes and comfort options, these mattresses are suitable for both occasional guests and regular everyday sleeping. Carefully selected materials provide comfortable pressure relief and reliable support, while the wall-bed-friendly dimensions allow the mattress to remain conveniently in place when the bed is folded away. A practical and comfortable choice for creating a complete space-saving sleeping solution.",,Single Luxury Mattress 90x190x25 White,single-luxury-mattress-90x190x25,Single Luxury Mattress 90x190x25,"Single Luxury Mattress 90x190x25 - Our Mattress Range is designed to provide the perfect balance of comfort, support and practicality for mo Shop now!"
188,5014251234297,Small double Luxury Mattress,1200,1900,250,,,,,,,,,Luxury,White,,100,,529,,,,130,,,399,,,Mattresses > Luxury,TRUE,Visible,1 year for manufacturing defects,"Our Mattress Range is designed to provide the perfect balance of comfort, support and practicality for modern wall bed systems. Available in a variety of sizes and comfort options, these mattresses are suitable for both occasional guests and regular everyday sleeping. Carefully selected materials provide comfortable pressure relief and reliable support, while the wall-bed-friendly dimensions allow the mattress to remain conveniently in place when the bed is folded away. A practical and comfortable choice for creating a complete space-saving sleeping solution.",,Small double Luxury Mattress 120x190x25 White,small-double-luxury-mattress-120x190x25,Small double Luxury Mattress 120x190x25,"Small double Luxury Mattress 120x190x25 - Our Mattress Range is designed to provide the perfect balance of comfort, support and practicality Shop now!"
189,5079760022988,Double Luxury Mattress,1350,1900,250,,,,,,,,,Luxury,White,,100,,529,,,,130,,,399,,,Mattresses > Luxury,TRUE,Visible,1 year for manufacturing defects,"Our Mattress Range is designed to provide the perfect balance of comfort, support and practicality for modern wall bed systems. Available in a variety of sizes and comfort options, these mattresses are suitable for both occasional guests and regular everyday sleeping. Carefully selected materials provide comfortable pressure relief and reliable support, while the wall-bed-friendly dimensions allow the mattress to remain conveniently in place when the bed is folded away. A practical and comfortable choice for creating a complete space-saving sleeping solution.",,Double Luxury Mattress 135x190x25 White,double-luxury-mattress-135x190x25,Double Luxury Mattress 135x190x25,"Double Luxury Mattress 135x190x25 - Our Mattress Range is designed to provide the perfect balance of comfort, support and practicality for m Shop now!"
190,5035254594176,King Luxury Mattress,1500,2000,250,,,,,,,,,Luxury,White,,100,,579,,,,140,,,439,,,Mattresses > Luxury,TRUE,Visible,1 year for manufacturing defects,"Our Mattress Range is designed to provide the perfect balance of comfort, support and practicality for modern wall bed systems. Available in a variety of sizes and comfort options, these mattresses are suitable for both occasional guests and regular everyday sleeping. Carefully selected materials provide comfortable pressure relief and reliable support, while the wall-bed-friendly dimensions allow the mattress to remain conveniently in place when the bed is folded away. A practical and comfortable choice for creating a complete space-saving sleeping solution.",,King Luxury Mattress 150x200x25 White,king-luxury-mattress-150x200x25,King Luxury Mattress 150x200x25,"King Luxury Mattress 150x200x25 - Our Mattress Range is designed to provide the perfect balance of comfort, support and practicality for mod Shop now!"
191,5050974539886,Single Supreme Mattress,900,1900,250,,,,,,,,,Supreme,White,,100,,599,,,,150,,,449,,,Mattresses > Supreme,TRUE,Visible,1 year for manufacturing defects,"Our Mattress Range is designed to provide the perfect balance of comfort, support and practicality for modern wall bed systems. Available in a variety of sizes and comfort options, these mattresses are suitable for both occasional guests and regular everyday sleeping. Carefully selected materials provide comfortable pressure relief and reliable support, while the wall-bed-friendly dimensions allow the mattress to remain conveniently in place when the bed is folded away. A practical and comfortable choice for creating a complete space-saving sleeping solution.",,Single Supreme Mattress 90x190x25 White,single-supreme-mattress-90x190x25,Single Supreme Mattress 90x190x25,"Single Supreme Mattress 90x190x25 - Our Mattress Range is designed to provide the perfect balance of comfort, support and practicality for m Shop now!"
192,5027951842898,Small double Supreme Mattress,1200,1900,250,,,,,,,,,Supreme,White,,100,,649,,,,180,,,469,,,Mattresses > Supreme,TRUE,Visible,1 year for manufacturing defects,"Our Mattress Range is designed to provide the perfect balance of comfort, support and practicality for modern wall bed systems. Available in a variety of sizes and comfort options, these mattresses are suitable for both occasional guests and regular everyday sleeping. Carefully selected materials provide comfortable pressure relief and reliable support, while the wall-bed-friendly dimensions allow the mattress to remain conveniently in place when the bed is folded away. A practical and comfortable choice for creating a complete space-saving sleeping solution.",,Small double Supreme Mattress 120x190x25 White,small-double-supreme-mattress-120x190x25,Small double Supreme Mattress 120x190x25,"Small double Supreme Mattress 120x190x25 - Our Mattress Range is designed to provide the perfect balance of comfort, support and practicalit Shop now!"
193,5067296886464,Double Supreme Mattress,1350,1900,250,,,,,,,,,Supreme,White,,100,,649,,,,180,,,469,,,Mattresses > Supreme,TRUE,Visible,1 year for manufacturing defects,"Our Mattress Range is designed to provide the perfect balance of comfort, support and practicality for modern wall bed systems. Available in a variety of sizes and comfort options, these mattresses are suitable for both occasional guests and regular everyday sleeping. Carefully selected materials provide comfortable pressure relief and reliable support, while the wall-bed-friendly dimensions allow the mattress to remain conveniently in place when the bed is folded away. A practical and comfortable choice for creating a complete space-saving sleeping solution.",,Double Supreme Mattress 135x190x25 White,double-supreme-mattress-135x190x25,Double Supreme Mattress 135x190x25,"Double Supreme Mattress 135x190x25 - Our Mattress Range is designed to provide the perfect balance of comfort, support and practicality for  Shop now!"
194,5016148561973,King Supreme Mattress,1500,2000,250,,,,,,,,,Supreme,White,,100,,699,,,,180,,,519,,,Mattresses > Supreme,TRUE,Visible,1 year for manufacturing defects,"Our Mattress Range is designed to provide the perfect balance of comfort, support and practicality for modern wall bed systems. Available in a variety of sizes and comfort options, these mattresses are suitable for both occasional guests and regular everyday sleeping. Carefully selected materials provide comfortable pressure relief and reliable support, while the wall-bed-friendly dimensions allow the mattress to remain conveniently in place when the bed is folded away. A practical and comfortable choice for creating a complete space-saving sleeping solution.",,King Supreme Mattress 150x200x25 White,king-supreme-mattress-150x200x25,King Supreme Mattress 150x200x25,"King Supreme Mattress 150x200x25 - Our Mattress Range is designed to provide the perfect balance of comfort, support and practicality for mo Shop now!"
195,5025125724246,Single Vertical Cabinet - Pine,1150,520,2150,,,,,,,,Vertical,Cabinet,Pine,,100,,699,,,,220,,,479,,,Cabinets > Vertical,TRUE,Visible,1 year for manufacturing defects,"Our Wall Bed Cabinets provide a stylish and practical way to complete your space-saving bed system. Designed to neatly enclose the bed when it is not in use, they help create a clean, furniture-like appearance while keeping the mattress and bedding protected from dust. Available in a range of sizes, colours and configurations, the cabinets can be complemented with extensions and matching side storage units to create a coordinated, functional solution for bedrooms, guest rooms and multifunctional living spaces.",,Single Vertical Cabinet - Pine 115x52x215,single-vertical-cabinet-pine-115x52x215,Single Vertical Cabinet - Pine 115x52x215,Single Vertical Cabinet - Pine 115x52x215 - Our Wall Bed Cabinets provide a stylish and practical way to complete your space-saving bed syst Shop now!
196,5011376627370,Small Double Vertical Cabinet - Pine,1450,520,2150,,,,,,,,Vertical,Cabinet,Pine,,100,,709,,,,200,,,509,,,Cabinets > Vertical,TRUE,Visible,1 year for manufacturing defects,"Our Wall Bed Cabinets provide a stylish and practical way to complete your space-saving bed system. Designed to neatly enclose the bed when it is not in use, they help create a clean, furniture-like appearance while keeping the mattress and bedding protected from dust. Available in a range of sizes, colours and configurations, the cabinets can be complemented with extensions and matching side storage units to create a coordinated, functional solution for bedrooms, guest rooms and multifunctional living spaces.",,Small Double Vertical Cabinet - Pine 145x52x215,small-double-vertical-cabinet-pine-145x52x215,Small Double Vertical Cabinet - Pine 145x52x215,Small Double Vertical Cabinet - Pine 145x52x215 - Our Wall Bed Cabinets provide a stylish and practical way to complete your space-saving be Shop now!
197,5031692438905,Double Vertical Cabinet - Pine,1600,520,2150,,,,,,,,Vertical,Cabinet,Pine,,100,,749,,,,200,,,549,,,Cabinets > Vertical,TRUE,Visible,1 year for manufacturing defects,"Our Wall Bed Cabinets provide a stylish and practical way to complete your space-saving bed system. Designed to neatly enclose the bed when it is not in use, they help create a clean, furniture-like appearance while keeping the mattress and bedding protected from dust. Available in a range of sizes, colours and configurations, the cabinets can be complemented with extensions and matching side storage units to create a coordinated, functional solution for bedrooms, guest rooms and multifunctional living spaces.",,Double Vertical Cabinet - Pine 160x52x215,double-vertical-cabinet-pine-160x52x215,Double Vertical Cabinet - Pine 160x52x215,Double Vertical Cabinet - Pine 160x52x215 - Our Wall Bed Cabinets provide a stylish and practical way to complete your space-saving bed syst Shop now!
198,5064542804325,King Vertical Cabinet - Pine,1750,520,2250,,,,,,,,Vertical,Cabinet,Pine,,100,,779,,,,200,,,579,,,Cabinets > Vertical,TRUE,Visible,1 year for manufacturing defects,"Our Wall Bed Cabinets provide a stylish and practical way to complete your space-saving bed system. Designed to neatly enclose the bed when it is not in use, they help create a clean, furniture-like appearance while keeping the mattress and bedding protected from dust. Available in a range of sizes, colours and configurations, the cabinets can be complemented with extensions and matching side storage units to create a coordinated, functional solution for bedrooms, guest rooms and multifunctional living spaces.",,King Vertical Cabinet - Pine 175x52x225,king-vertical-cabinet-pine-175x52x225,King Vertical Cabinet - Pine 175x52x225,King Vertical Cabinet - Pine 175x52x225 - Our Wall Bed Cabinets provide a stylish and practical way to complete your space-saving bed system Shop now!
199,5088192167751,Single Vertical Cabinet - Beech,1150,520,2150,,,,,,,,Vertical,Cabinet,Beech,,100,,699,,,,220,,,479,,,Cabinets > Vertical,TRUE,Visible,1 year for manufacturing defects,"Our Wall Bed Cabinets provide a stylish and practical way to complete your space-saving bed system. Designed to neatly enclose the bed when it is not in use, they help create a clean, furniture-like appearance while keeping the mattress and bedding protected from dust. Available in a range of sizes, colours and configurations, the cabinets can be complemented with extensions and matching side storage units to create a coordinated, functional solution for bedrooms, guest rooms and multifunctional living spaces.",,Single Vertical Cabinet - Beech 115x52x215,single-vertical-cabinet-beech-115x52x215,Single Vertical Cabinet - Beech 115x52x215,Single Vertical Cabinet - Beech 115x52x215 - Our Wall Bed Cabinets provide a stylish and practical way to complete your space-saving bed sys Shop now!
200,5073194522580,Small Double Vertical Cabinet - Beech,1450,520,2150,,,,,,,,Vertical,Cabinet,Beech,,100,,709,,,,200,,,509,,,Cabinets > Vertical,TRUE,Visible,1 year for manufacturing defects,"Our Wall Bed Cabinets provide a stylish and practical way to complete your space-saving bed system. Designed to neatly enclose the bed when it is not in use, they help create a clean, furniture-like appearance while keeping the mattress and bedding protected from dust. Available in a range of sizes, colours and configurations, the cabinets can be complemented with extensions and matching side storage units to create a coordinated, functional solution for bedrooms, guest rooms and multifunctional living spaces.",,Small Double Vertical Cabinet - Beech 145x52x215,small-double-vertical-cabinet-beech-145x52x215,Small Double Vertical Cabinet - Beech 145x52x215,Small Double Vertical Cabinet - Beech 145x52x215 - Our Wall Bed Cabinets provide a stylish and practical way to complete your space-saving b Shop now!
201,5077135335719,Double Vertical Cabinet - Beech,1600,520,2150,,,,,,,,Vertical,Cabinet,Beech,,100,,749,,,,200,,,549,,,Cabinets > Vertical,TRUE,Visible,1 year for manufacturing defects,"Our Wall Bed Cabinets provide a stylish and practical way to complete your space-saving bed system. Designed to neatly enclose the bed when it is not in use, they help create a clean, furniture-like appearance while keeping the mattress and bedding protected from dust. Available in a range of sizes, colours and configurations, the cabinets can be complemented with extensions and matching side storage units to create a coordinated, functional solution for bedrooms, guest rooms and multifunctional living spaces.",,Double Vertical Cabinet - Beech 160x52x215,double-vertical-cabinet-beech-160x52x215,Double Vertical Cabinet - Beech 160x52x215,Double Vertical Cabinet - Beech 160x52x215 - Our Wall Bed Cabinets provide a stylish and practical way to complete your space-saving bed sys Shop now!
202,5095822544859,King Vertical Cabinet - Beech,1750,520,2250,,,,,,,,Vertical,Cabinet,Beech,,100,,779,,,,200,,,579,,,Cabinets > Vertical,TRUE,Visible,1 year for manufacturing defects,"Our Wall Bed Cabinets provide a stylish and practical way to complete your space-saving bed system. Designed to neatly enclose the bed when it is not in use, they help create a clean, furniture-like appearance while keeping the mattress and bedding protected from dust. Available in a range of sizes, colours and configurations, the cabinets can be complemented with extensions and matching side storage units to create a coordinated, functional solution for bedrooms, guest rooms and multifunctional living spaces.",,King Vertical Cabinet - Beech 175x52x225,king-vertical-cabinet-beech-175x52x225,King Vertical Cabinet - Beech 175x52x225,King Vertical Cabinet - Beech 175x52x225 - Our Wall Bed Cabinets provide a stylish and practical way to complete your space-saving bed syste Shop now!
203,5037322748226,Single Vertical Cabinet - Oak,1150,520,2150,,,,,,,,Vertical,Cabinet,Oak,,100,,699,,,,220,,,479,,,Cabinets > Vertical,TRUE,Visible,1 year for manufacturing defects,"Our Wall Bed Cabinets provide a stylish and practical way to complete your space-saving bed system. Designed to neatly enclose the bed when it is not in use, they help create a clean, furniture-like appearance while keeping the mattress and bedding protected from dust. Available in a range of sizes, colours and configurations, the cabinets can be complemented with extensions and matching side storage units to create a coordinated, functional solution for bedrooms, guest rooms and multifunctional living spaces.",,Single Vertical Cabinet - Oak 115x52x215,single-vertical-cabinet-oak-115x52x215,Single Vertical Cabinet - Oak 115x52x215,Single Vertical Cabinet - Oak 115x52x215 - Our Wall Bed Cabinets provide a stylish and practical way to complete your space-saving bed syste Shop now!
204,5092299360933,Small Double Vertical Cabinet - Oak,1450,520,2150,,,,,,,,Vertical,Cabinet,Oak,,100,,709,,,,200,,,509,,,Cabinets > Vertical,TRUE,Visible,1 year for manufacturing defects,"Our Wall Bed Cabinets provide a stylish and practical way to complete your space-saving bed system. Designed to neatly enclose the bed when it is not in use, they help create a clean, furniture-like appearance while keeping the mattress and bedding protected from dust. Available in a range of sizes, colours and configurations, the cabinets can be complemented with extensions and matching side storage units to create a coordinated, functional solution for bedrooms, guest rooms and multifunctional living spaces.",,Small Double Vertical Cabinet - Oak 145x52x215,small-double-vertical-cabinet-oak-145x52x215,Small Double Vertical Cabinet - Oak 145x52x215,Small Double Vertical Cabinet - Oak 145x52x215 - Our Wall Bed Cabinets provide a stylish and practical way to complete your space-saving bed Shop now!
205,5074953832759,Double Vertical Cabinet - Oak,1600,520,2150,,,,,,,,Vertical,Cabinet,Oak,,100,,749,,,,200,,,549,,,Cabinets > Vertical,TRUE,Visible,1 year for manufacturing defects,"Our Wall Bed Cabinets provide a stylish and practical way to complete your space-saving bed system. Designed to neatly enclose the bed when it is not in use, they help create a clean, furniture-like appearance while keeping the mattress and bedding protected from dust. Available in a range of sizes, colours and configurations, the cabinets can be complemented with extensions and matching side storage units to create a coordinated, functional solution for bedrooms, guest rooms and multifunctional living spaces.",,Double Vertical Cabinet - Oak 160x52x215,double-vertical-cabinet-oak-160x52x215,Double Vertical Cabinet - Oak 160x52x215,Double Vertical Cabinet - Oak 160x52x215 - Our Wall Bed Cabinets provide a stylish and practical way to complete your space-saving bed syste Shop now!
206,5018594946872,King Vertical Cabinet - Oak,1750,520,2250,,,,,,,,Vertical,Cabinet,Oak,,100,,779,,,,200,,,579,,,Cabinets > Vertical,TRUE,Visible,1 year for manufacturing defects,"Our Wall Bed Cabinets provide a stylish and practical way to complete your space-saving bed system. Designed to neatly enclose the bed when it is not in use, they help create a clean, furniture-like appearance while keeping the mattress and bedding protected from dust. Available in a range of sizes, colours and configurations, the cabinets can be complemented with extensions and matching side storage units to create a coordinated, functional solution for bedrooms, guest rooms and multifunctional living spaces.",,King Vertical Cabinet - Oak 175x52x225,king-vertical-cabinet-oak-175x52x225,King Vertical Cabinet - Oak 175x52x225,King Vertical Cabinet - Oak 175x52x225 - Our Wall Bed Cabinets provide a stylish and practical way to complete your space-saving bed system. Shop now!
207,5058279448904,Single Vertical Cabinet - White,1150,520,2150,,,,,,,,Vertical,Cabinet,White,,100,,649,,,,200,,,449,,,Cabinets > Vertical,TRUE,Visible,1 year for manufacturing defects,"Our Wall Bed Cabinets provide a stylish and practical way to complete your space-saving bed system. Designed to neatly enclose the bed when it is not in use, they help create a clean, furniture-like appearance while keeping the mattress and bedding protected from dust. Available in a range of sizes, colours and configurations, the cabinets can be complemented with extensions and matching side storage units to create a coordinated, functional solution for bedrooms, guest rooms and multifunctional living spaces.",,Single Vertical Cabinet - White 115x52x215,single-vertical-cabinet-white-115x52x215,Single Vertical Cabinet - White 115x52x215,Single Vertical Cabinet - White 115x52x215 - Our Wall Bed Cabinets provide a stylish and practical way to complete your space-saving bed sys Shop now!
208,5077071683378,Small Double Vertical Cabinet - White,1450,520,2150,,,,,,,,Vertical,Cabinet,White,,100,,679,,,,200,,,479,,,Cabinets > Vertical,TRUE,Visible,1 year for manufacturing defects,"Our Wall Bed Cabinets provide a stylish and practical way to complete your space-saving bed system. Designed to neatly enclose the bed when it is not in use, they help create a clean, furniture-like appearance while keeping the mattress and bedding protected from dust. Available in a range of sizes, colours and configurations, the cabinets can be complemented with extensions and matching side storage units to create a coordinated, functional solution for bedrooms, guest rooms and multifunctional living spaces.",,Small Double Vertical Cabinet - White 145x52x215,small-double-vertical-cabinet-white-145x52x215,Small Double Vertical Cabinet - White 145x52x215,Small Double Vertical Cabinet - White 145x52x215 - Our Wall Bed Cabinets provide a stylish and practical way to complete your space-saving b Shop now!
209,5015067670706,Double Vertical Cabinet - White,1600,520,2150,,,,,,,,Vertical,Cabinet,White,,100,,699,,,,200,,,499,,,Cabinets > Vertical,TRUE,Visible,1 year for manufacturing defects,"Our Wall Bed Cabinets provide a stylish and practical way to complete your space-saving bed system. Designed to neatly enclose the bed when it is not in use, they help create a clean, furniture-like appearance while keeping the mattress and bedding protected from dust. Available in a range of sizes, colours and configurations, the cabinets can be complemented with extensions and matching side storage units to create a coordinated, functional solution for bedrooms, guest rooms and multifunctional living spaces.",,Double Vertical Cabinet - White 160x52x215,double-vertical-cabinet-white-160x52x215,Double Vertical Cabinet - White 160x52x215,Double Vertical Cabinet - White 160x52x215 - Our Wall Bed Cabinets provide a stylish and practical way to complete your space-saving bed sys Shop now!
210,5022754213515,King Vertical Cabinet - White,1750,520,2250,,,,,,,,Vertical,Cabinet,White,,100,,719,,,,200,,,519,,,Cabinets > Vertical,TRUE,Visible,1 year for manufacturing defects,"Our Wall Bed Cabinets provide a stylish and practical way to complete your space-saving bed system. Designed to neatly enclose the bed when it is not in use, they help create a clean, furniture-like appearance while keeping the mattress and bedding protected from dust. Available in a range of sizes, colours and configurations, the cabinets can be complemented with extensions and matching side storage units to create a coordinated, functional solution for bedrooms, guest rooms and multifunctional living spaces.",,King Vertical Cabinet - White 175x52x225,king-vertical-cabinet-white-175x52x225,King Vertical Cabinet - White 175x52x225,King Vertical Cabinet - White 175x52x225 - Our Wall Bed Cabinets provide a stylish and practical way to complete your space-saving bed syste Shop now!
211,5037686032307,Double Horizontal Cabinet - Pine,2150,520,1800,,,,,,,,Horizontal,Cabinet,Pine,,100,,829,,,,200,,,629,,,Cabinets > Horizontal,TRUE,Visible,1 year for manufacturing defects,"Our Wall Bed Cabinets provide a stylish and practical way to complete your space-saving bed system. Designed to neatly enclose the bed when it is not in use, they help create a clean, furniture-like appearance while keeping the mattress and bedding protected from dust. Available in a range of sizes, colours and configurations, the cabinets can be complemented with extensions and matching side storage units to create a coordinated, functional solution for bedrooms, guest rooms and multifunctional living spaces.",,Double Horizontal Cabinet - Pine 215x52x180,double-horizontal-cabinet-pine-215x52x180,Double Horizontal Cabinet - Pine 215x52x180,Double Horizontal Cabinet - Pine 215x52x180 - Our Wall Bed Cabinets provide a stylish and practical way to complete your space-saving bed sy Shop now!
212,5076876810006,King Horizontal Cabinet - Pine,2250,520,1950,,,,,,,,Horizontal,Cabinet,Pine,,100,,849,,,,200,,,649,,,Cabinets > Horizontal,TRUE,Visible,1 year for manufacturing defects,"Our Wall Bed Cabinets provide a stylish and practical way to complete your space-saving bed system. Designed to neatly enclose the bed when it is not in use, they help create a clean, furniture-like appearance while keeping the mattress and bedding protected from dust. Available in a range of sizes, colours and configurations, the cabinets can be complemented with extensions and matching side storage units to create a coordinated, functional solution for bedrooms, guest rooms and multifunctional living spaces.",,King Horizontal Cabinet - Pine 225x52x195,king-horizontal-cabinet-pine-225x52x195,King Horizontal Cabinet - Pine 225x52x195,King Horizontal Cabinet - Pine 225x52x195 - Our Wall Bed Cabinets provide a stylish and practical way to complete your space-saving bed syst Shop now!
213,5067101945734,Double Horizontal Cabinet - Beech,2150,520,1800,,,,,,,,Horizontal,Cabinet,Beech,,100,,829,,,,200,,,629,,,Cabinets > Horizontal,TRUE,Visible,1 year for manufacturing defects,"Our Wall Bed Cabinets provide a stylish and practical way to complete your space-saving bed system. Designed to neatly enclose the bed when it is not in use, they help create a clean, furniture-like appearance while keeping the mattress and bedding protected from dust. Available in a range of sizes, colours and configurations, the cabinets can be complemented with extensions and matching side storage units to create a coordinated, functional solution for bedrooms, guest rooms and multifunctional living spaces.",,Double Horizontal Cabinet - Beech 215x52x180,double-horizontal-cabinet-beech-215x52x180,Double Horizontal Cabinet - Beech 215x52x180,Double Horizontal Cabinet - Beech 215x52x180 - Our Wall Bed Cabinets provide a stylish and practical way to complete your space-saving bed s Shop now!
214,5016671694904,King Horizontal Cabinet - Beech,2250,520,1950,,,,,,,,Horizontal,Cabinet,Beech,,100,,849,,,,200,,,649,,,Cabinets > Horizontal,TRUE,Visible,1 year for manufacturing defects,"Our Wall Bed Cabinets provide a stylish and practical way to complete your space-saving bed system. Designed to neatly enclose the bed when it is not in use, they help create a clean, furniture-like appearance while keeping the mattress and bedding protected from dust. Available in a range of sizes, colours and configurations, the cabinets can be complemented with extensions and matching side storage units to create a coordinated, functional solution for bedrooms, guest rooms and multifunctional living spaces.",,King Horizontal Cabinet - Beech 225x52x195,king-horizontal-cabinet-beech-225x52x195,King Horizontal Cabinet - Beech 225x52x195,King Horizontal Cabinet - Beech 225x52x195 - Our Wall Bed Cabinets provide a stylish and practical way to complete your space-saving bed sys Shop now!
215,5093411894465,Double Horizontal Cabinet - Oak,2150,520,1800,,,,,,,,Horizontal,Cabinet,Oak,,100,,829,,,,200,,,629,,,Cabinets > Horizontal,TRUE,Visible,1 year for manufacturing defects,"Our Wall Bed Cabinets provide a stylish and practical way to complete your space-saving bed system. Designed to neatly enclose the bed when it is not in use, they help create a clean, furniture-like appearance while keeping the mattress and bedding protected from dust. Available in a range of sizes, colours and configurations, the cabinets can be complemented with extensions and matching side storage units to create a coordinated, functional solution for bedrooms, guest rooms and multifunctional living spaces.",,Double Horizontal Cabinet - Oak 215x52x180,double-horizontal-cabinet-oak-215x52x180,Double Horizontal Cabinet - Oak 215x52x180,Double Horizontal Cabinet - Oak 215x52x180 - Our Wall Bed Cabinets provide a stylish and practical way to complete your space-saving bed sys Shop now!
216,5023780744386,King Horizontal Cabinet - Oak,2250,520,1950,,,,,,,,Horizontal,Cabinet,Oak,,100,,849,,,,200,,,649,,,Cabinets > Horizontal,TRUE,Visible,1 year for manufacturing defects,"Our Wall Bed Cabinets provide a stylish and practical way to complete your space-saving bed system. Designed to neatly enclose the bed when it is not in use, they help create a clean, furniture-like appearance while keeping the mattress and bedding protected from dust. Available in a range of sizes, colours and configurations, the cabinets can be complemented with extensions and matching side storage units to create a coordinated, functional solution for bedrooms, guest rooms and multifunctional living spaces.",,King Horizontal Cabinet - Oak 225x52x195,king-horizontal-cabinet-oak-225x52x195,King Horizontal Cabinet - Oak 225x52x195,King Horizontal Cabinet - Oak 225x52x195 - Our Wall Bed Cabinets provide a stylish and practical way to complete your space-saving bed syste Shop now!
217,5072040007669,Double Horizontal Cabinet - White,2150,520,1800,,,,,,,,Horizontal,Cabinet,White,,100,,799,,,,200,,,599,,,Cabinets > Horizontal,TRUE,Visible,1 year for manufacturing defects,"Our Wall Bed Cabinets provide a stylish and practical way to complete your space-saving bed system. Designed to neatly enclose the bed when it is not in use, they help create a clean, furniture-like appearance while keeping the mattress and bedding protected from dust. Available in a range of sizes, colours and configurations, the cabinets can be complemented with extensions and matching side storage units to create a coordinated, functional solution for bedrooms, guest rooms and multifunctional living spaces.",,Double Horizontal Cabinet - White 215x52x180,double-horizontal-cabinet-white-215x52x180,Double Horizontal Cabinet - White 215x52x180,Double Horizontal Cabinet - White 215x52x180 - Our Wall Bed Cabinets provide a stylish and practical way to complete your space-saving bed s Shop now!
218,5050916393327,King Horizontal Cabinet - White,2250,520,1950,,,,,,,,Horizontal,Cabinet,White,,100,,819,,,,200,,,619,,,Cabinets > Horizontal,TRUE,Visible,1 year for manufacturing defects,"Our Wall Bed Cabinets provide a stylish and practical way to complete your space-saving bed system. Designed to neatly enclose the bed when it is not in use, they help create a clean, furniture-like appearance while keeping the mattress and bedding protected from dust. Available in a range of sizes, colours and configurations, the cabinets can be complemented with extensions and matching side storage units to create a coordinated, functional solution for bedrooms, guest rooms and multifunctional living spaces.",,King Horizontal Cabinet - White 225x52x195,king-horizontal-cabinet-white-225x52x195,King Horizontal Cabinet - White 225x52x195,King Horizontal Cabinet - White 225x52x195 - Our Wall Bed Cabinets provide a stylish and practical way to complete your space-saving bed sys Shop now!
219,5008470110251,Double Horizontal Cabinet Extension - Pine,2150,520,350,,,,,,,,Horizontal,Cabinet Extension,Pine,,100,,499,,,,150,,,349,,,Cabinets > Horizontal > Extensions,TRUE,Visible,1 year for manufacturing defects,"Our Wall Bed Cabinets provide a stylish and practical way to complete your space-saving bed system. Designed to neatly enclose the bed when it is not in use, they help create a clean, furniture-like appearance while keeping the mattress and bedding protected from dust. Available in a range of sizes, colours and configurations, the cabinets can be complemented with extensions and matching side storage units to create a coordinated, functional solution for bedrooms, guest rooms and multifunctional living spaces.",,Double Horizontal Cabinet Extension - Pine 215x52x35,double-horizontal-cabinet-extension-pine-215x52x35,Double Horizontal Cabinet Extension - Pine 215x52x35,Double Horizontal Cabinet Extension - Pine 215x52x35 - Our Wall Bed Cabinets provide a stylish and practical way to complete your space-savi Shop now!
220,5039594405134,King Horizontal Cabinet Extension - Pine,2250,520,300,,,,,,,,Horizontal,Cabinet Extension,Pine,,100,,499,,,,150,,,349,,,Cabinets > Horizontal > Extensions,TRUE,Visible,1 year for manufacturing defects,"Our Wall Bed Cabinets provide a stylish and practical way to complete your space-saving bed system. Designed to neatly enclose the bed when it is not in use, they help create a clean, furniture-like appearance while keeping the mattress and bedding protected from dust. Available in a range of sizes, colours and configurations, the cabinets can be complemented with extensions and matching side storage units to create a coordinated, functional solution for bedrooms, guest rooms and multifunctional living spaces.",,King Horizontal Cabinet Extension - Pine 225x52x30,king-horizontal-cabinet-extension-pine-225x52x30,King Horizontal Cabinet Extension - Pine 225x52x30,King Horizontal Cabinet Extension - Pine 225x52x30 - Our Wall Bed Cabinets provide a stylish and practical way to complete your space-saving Shop now!
221,5033827614961,Double Horizontal Cabinet Extension - Beech,2150,520,350,,,,,,,,Horizontal,Cabinet Extension,Beech,,100,,499,,,,150,,,349,,,Cabinets > Horizontal > Extensions,TRUE,Visible,1 year for manufacturing defects,"Our Wall Bed Cabinets provide a stylish and practical way to complete your space-saving bed system. Designed to neatly enclose the bed when it is not in use, they help create a clean, furniture-like appearance while keeping the mattress and bedding protected from dust. Available in a range of sizes, colours and configurations, the cabinets can be complemented with extensions and matching side storage units to create a coordinated, functional solution for bedrooms, guest rooms and multifunctional living spaces.",,Double Horizontal Cabinet Extension - Beech 215x52x35,double-horizontal-cabinet-extension-beech-215x52x35,Double Horizontal Cabinet Extension - Beech 215x52x35,Double Horizontal Cabinet Extension - Beech 215x52x35 - Our Wall Bed Cabinets provide a stylish and practical way to complete your space-sav Shop now!
222,5012102672627,King Horizontal Cabinet Extension - Beech,2250,520,300,,,,,,,,Horizontal,Cabinet Extension,Beech,,100,,499,,,,150,,,349,,,Cabinets > Horizontal > Extensions,TRUE,Visible,1 year for manufacturing defects,"Our Wall Bed Cabinets provide a stylish and practical way to complete your space-saving bed system. Designed to neatly enclose the bed when it is not in use, they help create a clean, furniture-like appearance while keeping the mattress and bedding protected from dust. Available in a range of sizes, colours and configurations, the cabinets can be complemented with extensions and matching side storage units to create a coordinated, functional solution for bedrooms, guest rooms and multifunctional living spaces.",,King Horizontal Cabinet Extension - Beech 225x52x30,king-horizontal-cabinet-extension-beech-225x52x30,King Horizontal Cabinet Extension - Beech 225x52x30,King Horizontal Cabinet Extension - Beech 225x52x30 - Our Wall Bed Cabinets provide a stylish and practical way to complete your space-savin Shop now!
223,5053906364598,Double Horizontal Cabinet Extension - Oak,2150,520,350,,,,,,,,Horizontal,Cabinet Extension,Oak,,100,,499,,,,150,,,349,,,Cabinets > Horizontal > Extensions,TRUE,Visible,1 year for manufacturing defects,"Our Wall Bed Cabinets provide a stylish and practical way to complete your space-saving bed system. Designed to neatly enclose the bed when it is not in use, they help create a clean, furniture-like appearance while keeping the mattress and bedding protected from dust. Available in a range of sizes, colours and configurations, the cabinets can be complemented with extensions and matching side storage units to create a coordinated, functional solution for bedrooms, guest rooms and multifunctional living spaces.",,Double Horizontal Cabinet Extension - Oak 215x52x35,double-horizontal-cabinet-extension-oak-215x52x35,Double Horizontal Cabinet Extension - Oak 215x52x35,Double Horizontal Cabinet Extension - Oak 215x52x35 - Our Wall Bed Cabinets provide a stylish and practical way to complete your space-savin Shop now!
224,5003610536990,King Horizontal Cabinet Extension - Oak,2250,520,300,,,,,,,,Horizontal,Cabinet Extension,Oak,,100,,499,,,,150,,,349,,,Cabinets > Horizontal > Extensions,TRUE,Visible,1 year for manufacturing defects,"Our Wall Bed Cabinets provide a stylish and practical way to complete your space-saving bed system. Designed to neatly enclose the bed when it is not in use, they help create a clean, furniture-like appearance while keeping the mattress and bedding protected from dust. Available in a range of sizes, colours and configurations, the cabinets can be complemented with extensions and matching side storage units to create a coordinated, functional solution for bedrooms, guest rooms and multifunctional living spaces.",,King Horizontal Cabinet Extension - Oak 225x52x30,king-horizontal-cabinet-extension-oak-225x52x30,King Horizontal Cabinet Extension - Oak 225x52x30,King Horizontal Cabinet Extension - Oak 225x52x30 - Our Wall Bed Cabinets provide a stylish and practical way to complete your space-saving  Shop now!
225,5057000763437,Double Horizontal Cabinet Extension - White,2150,520,350,,,,,,,,Horizontal,Cabinet Extension,White,,100,,469,,,,150,,,319,,,Cabinets > Horizontal > Extensions,TRUE,Visible,1 year for manufacturing defects,"Our Wall Bed Cabinets provide a stylish and practical way to complete your space-saving bed system. Designed to neatly enclose the bed when it is not in use, they help create a clean, furniture-like appearance while keeping the mattress and bedding protected from dust. Available in a range of sizes, colours and configurations, the cabinets can be complemented with extensions and matching side storage units to create a coordinated, functional solution for bedrooms, guest rooms and multifunctional living spaces.",,Double Horizontal Cabinet Extension - White 215x52x35,double-horizontal-cabinet-extension-white-215x52x35,Double Horizontal Cabinet Extension - White 215x52x35,Double Horizontal Cabinet Extension - White 215x52x35 - Our Wall Bed Cabinets provide a stylish and practical way to complete your space-sav Shop now!
226,5069778373338,King Horizontal Cabinet Extension - White,2250,520,300,,,,,,,,Horizontal,Cabinet Extension,White,,100,,499,,,,150,,,349,,,Cabinets > Horizontal > Extensions,TRUE,Visible,1 year for manufacturing defects,"Our Wall Bed Cabinets provide a stylish and practical way to complete your space-saving bed system. Designed to neatly enclose the bed when it is not in use, they help create a clean, furniture-like appearance while keeping the mattress and bedding protected from dust. Available in a range of sizes, colours and configurations, the cabinets can be complemented with extensions and matching side storage units to create a coordinated, functional solution for bedrooms, guest rooms and multifunctional living spaces.",,King Horizontal Cabinet Extension - White 225x52x30,king-horizontal-cabinet-extension-white-225x52x30,King Horizontal Cabinet Extension - White 225x52x30,King Horizontal Cabinet Extension - White 225x52x30 - Our Wall Bed Cabinets provide a stylish and practical way to complete your space-savin Shop now!
227,5064378088969,Vertical Cabinet Side Unit with Door + Hanger - Pine,500,520,2150,,,,,,,,Vertical,Side Unit,Pine,,100,,469,,,,150,,,319,,,Cabinets > Vertical > Side Units,TRUE,Visible,1 year for manufacturing defects,"Our Wall Bed Cabinets provide a stylish and practical way to complete your space-saving bed system. Designed to neatly enclose the bed when it is not in use, they help create a clean, furniture-like appearance while keeping the mattress and bedding protected from dust. Available in a range of sizes, colours and configurations, the cabinets can be complemented with extensions and matching side storage units to create a coordinated, functional solution for bedrooms, guest rooms and multifunctional living spaces.",,Vertical Cabinet Side Unit with Door + Hanger - Pine 50x52x215,vertical-cabinet-side-unit-with-door-hanger-pine-50x52x215,Vertical Cabinet Side Unit with Door + Hanger - Pine 50x52x2,Vertical Cabinet Side Unit with Door + Hanger - Pine 50x52x215 - Our Wall Bed Cabinets provide a stylish and practical way to complete your  Shop now!
228,5039776601098,Vertical Cabinet Side Unit with Shelves - Pine,500,520,2150,,,,,,,,Vertical,Side Unit,Pine,,100,,459,,,,150,,,309,,,Cabinets > Vertical > Side Units,TRUE,Visible,1 year for manufacturing defects,"Our Wall Bed Cabinets provide a stylish and practical way to complete your space-saving bed system. Designed to neatly enclose the bed when it is not in use, they help create a clean, furniture-like appearance while keeping the mattress and bedding protected from dust. Available in a range of sizes, colours and configurations, the cabinets can be complemented with extensions and matching side storage units to create a coordinated, functional solution for bedrooms, guest rooms and multifunctional living spaces.",,Vertical Cabinet Side Unit with Shelves - Pine 50x52x215,vertical-cabinet-side-unit-with-shelves-pine-50x52x215,Vertical Cabinet Side Unit with Shelves - Pine 50x52x215,Vertical Cabinet Side Unit with Shelves - Pine 50x52x215 - Our Wall Bed Cabinets provide a stylish and practical way to complete your space- Shop now!
229,5081194699030,Vertical Cabinet Side Unit with Door + Hanger - Beech,500,520,2150,,,,,,,,Vertical,Side Unit,Beech,,100,,469,,,,150,,,319,,,Cabinets > Vertical > Side Units,TRUE,Visible,1 year for manufacturing defects,"Our Wall Bed Cabinets provide a stylish and practical way to complete your space-saving bed system. Designed to neatly enclose the bed when it is not in use, they help create a clean, furniture-like appearance while keeping the mattress and bedding protected from dust. Available in a range of sizes, colours and configurations, the cabinets can be complemented with extensions and matching side storage units to create a coordinated, functional solution for bedrooms, guest rooms and multifunctional living spaces.",,Vertical Cabinet Side Unit with Door + Hanger - Beech 50x52x215,vertical-cabinet-side-unit-with-door-hanger-beech-50x52x215,Vertical Cabinet Side Unit with Door + Hanger - Beech 50x52x,Vertical Cabinet Side Unit with Door + Hanger - Beech 50x52x215 - Our Wall Bed Cabinets provide a stylish and practical way to complete your Shop now!
230,5011707945334,Vertical Cabinet Side Unit with Shelves - Beech,500,520,2150,,,,,,,,Vertical,Side Unit,Beech,,100,,459,,,,150,,,309,,,Cabinets > Vertical > Side Units,TRUE,Visible,1 year for manufacturing defects,"Our Wall Bed Cabinets provide a stylish and practical way to complete your space-saving bed system. Designed to neatly enclose the bed when it is not in use, they help create a clean, furniture-like appearance while keeping the mattress and bedding protected from dust. Available in a range of sizes, colours and configurations, the cabinets can be complemented with extensions and matching side storage units to create a coordinated, functional solution for bedrooms, guest rooms and multifunctional living spaces.",,Vertical Cabinet Side Unit with Shelves - Beech 50x52x215,vertical-cabinet-side-unit-with-shelves-beech-50x52x215,Vertical Cabinet Side Unit with Shelves - Beech 50x52x215,Vertical Cabinet Side Unit with Shelves - Beech 50x52x215 - Our Wall Bed Cabinets provide a stylish and practical way to complete your space Shop now!
231,5086470836688,Vertical Cabinet Side Unit with Door + Hanger - Oak,500,520,2150,,,,,,,,Vertical,Side Unit,Oak,,100,,469,,,,150,,,319,,,Cabinets > Vertical > Side Units,TRUE,Visible,1 year for manufacturing defects,"Our Wall Bed Cabinets provide a stylish and practical way to complete your space-saving bed system. Designed to neatly enclose the bed when it is not in use, they help create a clean, furniture-like appearance while keeping the mattress and bedding protected from dust. Available in a range of sizes, colours and configurations, the cabinets can be complemented with extensions and matching side storage units to create a coordinated, functional solution for bedrooms, guest rooms and multifunctional living spaces.",,Vertical Cabinet Side Unit with Door + Hanger - Oak 50x52x215,vertical-cabinet-side-unit-with-door-hanger-oak-50x52x215,Vertical Cabinet Side Unit with Door + Hanger - Oak 50x52x21,Vertical Cabinet Side Unit with Door + Hanger - Oak 50x52x215 - Our Wall Bed Cabinets provide a stylish and practical way to complete your s Shop now!
232,5048550841417,Vertical Cabinet Side Unit with Shelves - Oak,500,520,2150,,,,,,,,Vertical,Side Unit,Oak,,100,,459,,,,150,,,309,,,Cabinets > Vertical > Side Units,TRUE,Visible,1 year for manufacturing defects,"Our Wall Bed Cabinets provide a stylish and practical way to complete your space-saving bed system. Designed to neatly enclose the bed when it is not in use, they help create a clean, furniture-like appearance while keeping the mattress and bedding protected from dust. Available in a range of sizes, colours and configurations, the cabinets can be complemented with extensions and matching side storage units to create a coordinated, functional solution for bedrooms, guest rooms and multifunctional living spaces.",,Vertical Cabinet Side Unit with Shelves - Oak 50x52x215,vertical-cabinet-side-unit-with-shelves-oak-50x52x215,Vertical Cabinet Side Unit with Shelves - Oak 50x52x215,Vertical Cabinet Side Unit with Shelves - Oak 50x52x215 - Our Wall Bed Cabinets provide a stylish and practical way to complete your space-s Shop now!
233,5096301838133,Vertical Cabinet Side Unit with Door + Hanger - White,500,520,2150,,,,,,,,Vertical,Side Unit,White,,100,,449,,,,150,,,299,,,Cabinets > Vertical > Side Units,TRUE,Visible,1 year for manufacturing defects,"Our Wall Bed Cabinets provide a stylish and practical way to complete your space-saving bed system. Designed to neatly enclose the bed when it is not in use, they help create a clean, furniture-like appearance while keeping the mattress and bedding protected from dust. Available in a range of sizes, colours and configurations, the cabinets can be complemented with extensions and matching side storage units to create a coordinated, functional solution for bedrooms, guest rooms and multifunctional living spaces.",,Vertical Cabinet Side Unit with Door + Hanger - White 50x52x215,vertical-cabinet-side-unit-with-door-hanger-white-50x52x215,Vertical Cabinet Side Unit with Door + Hanger - White 50x52x,Vertical Cabinet Side Unit with Door + Hanger - White 50x52x215 - Our Wall Bed Cabinets provide a stylish and practical way to complete your Shop now!
234,5008471645189,Vertical Cabinet Side Unit with Shelves - White,500,520,2150,,,,,,,,Vertical,Side Unit,White,,100,,439,,,,150,,,289,,,Cabinets > Vertical > Side Units,TRUE,Visible,1 year for manufacturing defects,"Our Wall Bed Cabinets provide a stylish and practical way to complete your space-saving bed system. Designed to neatly enclose the bed when it is not in use, they help create a clean, furniture-like appearance while keeping the mattress and bedding protected from dust. Available in a range of sizes, colours and configurations, the cabinets can be complemented with extensions and matching side storage units to create a coordinated, functional solution for bedrooms, guest rooms and multifunctional living spaces.",,Vertical Cabinet Side Unit with Shelves - White 50x52x215,vertical-cabinet-side-unit-with-shelves-white-50x52x215,Vertical Cabinet Side Unit with Shelves - White 50x52x215,Vertical Cabinet Side Unit with Shelves - White 50x52x215 - Our Wall Bed Cabinets provide a stylish and practical way to complete your space Shop now!
